entity_name,entity_id,pitch_hand,active_spin_fourseam,active_spin_sinker,active_spin_cutter,active_spin_changeup,active_spin_splitter,active_spin_curve,active_spin_slider,active_spin_sweeper,active_spin_slurve
"Watson, Tony",453265,L,,95.3,,99.6,,,17,,
"Elledge, Seth",676220,R,,98.1,,,,,52,,
"Hader, Josh",623352,L,,97.8,,,,,36.9,,
"Borucki, Ryan",621366,L,,96.4,,92.9,,,22.2,,
"Smyly, Drew",592767,L,,98.5,58.3,,,37.8,,,
"Murphy, Patrick",641907,R,,88.5,,,,78.8,,,
"Zeuch, T.J.",643615,R,,80.4,38.9,97.2,,,29.5,,
"Hartlieb, Geoff",664129,R,,78.5,,,,,42.7,,
"Loup, Aaron",571901,L,,96.4,14.6,99.3,,72,,,
"Graterol, Brusdar",660813,R,,91.7,,,,,29.3,,
"Melancon, Mark",453343,R,,,60.9,,76.1,81,,,
"Santana, Dennis",642701,R,,83.5,,82.9,,,25.2,,
"Tinoco, Jesus",622786,R,,89.7,,,,34.2,21.1,,
"Wood, Alex",622072,L,,97.6,,94.7,,,14.3,,
"Harris, Will",501789,R,,,64,,,90.5,,,
"Hernández, Jonathan",642546,R,,99.2,,95.3,,,29.1,,
"Alexander, Scott",518397,L,,81,,,,,23.9,,
"Greene, Shane",572888,R,,85,45.3,89,,,,52.1,
"Jansen, Kenley",445276,R,,87.1,70.8,,,,50.4,,
"King, John",667463,L,,83.2,,97,,,41.8,,
"Singer, Brady",663903,R,,87.1,,97.1,,,34.7,,
"Roe, Chaz",475054,R,,73.4,38.9,,,,,73.5,
"Hahn, Jesse",534910,R,,99.2,,,,94.5,,75.5,
"Kittredge, Andrew",552640,R,,83.5,,,,,40,,
"Smith, Riley",642092,R,,86.1,,,,72.9,29.5,,
"Sherriff, Ryan",595411,L,,83.1,,,,,29.9,,
"Crichton, Stefan",592233,R,,97.2,,,,79.6,,,
"Brewer, Colten",605155,R,,,63.8,,,82.8,39.8,,
"Castro, Miguel",612434,R,,96.2,,91,,,33.3,,
"Matz, Steven",571927,L,,99.4,,85.4,,86.1,39.9,,
"Cobb, Alex",502171,R,,97.3,,,79.9,65.7,,,
"Ramírez, Erasmo",541640,R,,84.2,61.8,84.4,,38.1,,,
"Britton, Zack",502154,L,,81.3,,,,,55.4,,
"Avilán, Luis",501593,L,,90.9,,74.8,,,,,
"Ottavino, Adam",493603,R,,77.1,29.7,74.1,,,,63.6,
"Sneed, Cy",605482,R,,,88.6,,,73.6,36.2,,
"Triggs, Andrew",592811,R,,70.7,,,,66.8,23.7,,
"Valdez, Phillips",570488,R,,95,,80.4,,,39.9,,
"McCullers Jr., Lance",621121,R,,79.4,49,89.4,,71.5,,,
"Weber, Ryan",543901,R,,93.2,47.1,96.2,,96.6,78,,
"Tarpley, Stephen",605501,L,,78.9,,,,50.1,,,
"Fleming, Josh",676596,L,,91.1,40.3,76.2,,,,,
"Perdomo, Luis",606131,R,,91.9,,,95.4,,13.8,,
"Pazos, James",572021,L,,91.4,,,,,40.5,,
"Scrubb, Andre",668687,R,,,74.1,,,92.6,,,
"Poppen, Sean",664092,R,,97.2,,,,,50.1,,
"Guerra, Javy",642770,R,,93.9,,,,,33.1,,
"Bleier, Richard",542947,L,,84.8,55.2,97.6,,,45,,
"Kintzler, Brandon",445213,R,,86.4,,96.9,,,14.8,,
"McFarland, T.J.",519008,L,,87,,92.7,,,54.5,55.2,
"Bacus, Dakota",621290,R,,61.3,,,,84.4,18.8,,
"Fletcher, Aaron",667465,L,,98.2,,89.8,,,33.1,,
"Grotz, Zac",665093,R,,94.4,,,94.3,36.3,11.2,,
"Sheffield, Justus",656954,L,,87.5,,83,,,34.7,,
"Yardley, Eric",642233,R,,99.1,,,,77.9,,,
"Arrieta, Jake",453562,R,,85.8,,90.8,,76.5,44.4,,
"Rogers, Taylor",573124,L,,93.1,,,,,,55.1,
"Manaea, Sean",640455,L,,92.2,49.5,84,,,39.7,40,
"Hunter, Tommy",488984,R,,80.9,56.1,,,54.6,,,
"Guilbeau, Taylor",607555,L,,78.5,,95.9,,,8.6,,
"Sadler, Casey",594987,R,,86.2,31.1,87.1,,58,,,
"Dolis, Rafael",503569,R,,93.2,,,79.9,,39.8,,
"Brennan, Brandon",592165,R,,89,,99.3,,,26.5,,
"Bass, Anthony",542914,R,,95.1,,,93.9,,32.9,,
"Shaw, Bryan",543766,R,,,52.2,,,70.4,,52.2,
"Castillo, Diego",650895,R,,93.4,,,,,13.6,,
"Suero, Wander",593833,R,,,60.8,70.3,,78.6,,,
"Alvarado, José",621237,L,,84.5,21,,,35.7,,,
"Jones, Nate",518858,R,,88.2,,,,,20,,
"Topa, Justin",623437,R,,87.3,,,,,56.6,,
"Banda, Anthony",607455,L,99.6,,,96.8,,,,,
"Anderson, Ian",666120,R,99.6,,,98.2,,62.1,,,
"Harvey, Hunter",640451,R,99.6,,,,93.5,72.4,,,
"Goudeau, Ashton",623485,R,99.6,,,97.8,,81.1,,,
"Finnegan, Kyle",640448,R,99.6,,,,92.3,,47.8,,
"Barnes, Matt",598264,R,99.6,,,94.9,,70.4,,,
"Smith, Caleb",592761,L,99.5,,,99.4,,52.3,18.6,,
"Neidert, Nick",663734,R,99.5,,,99,,90.3,42.5,,
"Paddack, Chris",663978,R,99.5,,43.3,94.9,,94.5,,,
"Ynoa, Huascar",660623,R,99.5,,,97.9,,,17.6,,
"Mahle, Tyler",641816,R,99.5,,,,90.2,,28.4,,
"Giolito, Lucas",608337,R,99.4,,,99,,89.5,28.7,,
"Weems, Jordan",607179,R,99.4,,,,94.9,,37,,
"Gomber, Austin",596295,L,99.4,,,96.3,,94.2,35.8,,
"Richards, Trevor",670950,R,99.4,,,79,,,23.8,,
"Paxton, James",572020,L,99.4,,35.1,82.6,,61.6,,,
"Stanek, Ryne",592773,R,99.4,,,,90.7,,22.9,,
"Gonzales, Marco",594835,L,99.3,,60,99.4,,87.7,,,
"Heaney, Andrew",571760,L,99.3,,,99.5,,39.3,,,
"Braymer, Ben",664069,L,99.3,,,97.8,,50.3,,,
"Hoffman, Jeff",656546,R,99.3,,,,97.2,89.2,,,
"García, Jarlín",606424,L,99.3,,,99,,,40.1,,
"Burrows, Beau",663366,R,99.3,99.2,,95.9,,,30.5,,
"Sulser, Cole",642121,R,99.3,,,97.2,,,46.5,,
"Anderson, Tyler",542881,L,99.3,98.7,47.9,96.1,,69.4,,,
"González, Victor",624647,L,99.2,97.7,,,,,23.4,,
"Holland, Derek",502706,L,99.2,99.2,,97.8,,12.4,,,
"Tropeano, Nick",607374,R,99.2,99.1,,98.1,81.5,,30.2,,
"Gallegos, Giovanny",606149,R,99.2,,,,,,17.1,,
"Estévez, Carlos",608032,R,99.1,,,93.2,,,32.1,,
"Neverauskas, Dovydas",596720,R,99.1,,50.3,,,58.3,,,
"Davies, Zach",605200,R,99,98,80.3,98.6,,69.9,,,
"Urquidy, José",664353,R,98.8,,,97.1,,84.8,,49.4,
"López, Reynaldo",625643,R,98.8,,,96.9,,32.6,35,,
"Buttrey, Ty",621142,R,98.8,,,92.9,,,31,,
"Vesia, Alex",681911,L,98.8,,,99.3,,,41,,
"Bergen, Travis",664157,L,98.7,,,,,63.4,,,
"Karinchak, James",675916,R,98.7,,,,,48.8,,,
"Mengden, Daniel",596043,R,98.7,,41.8,98.6,,93.7,,,
"Cabrera, Génesis",650893,L,98.7,94.8,,99.3,,71.1,,,
"Stashak, Cody",664054,R,98.6,,,,,,31,,
"Kuhl, Chad",641771,R,98.6,98.4,,92.8,,72.3,31.3,,
"Akin, Keegan",669211,L,98.6,,,98.2,,57.9,34.1,,
"Heuer, Codi",676051,R,98.6,,,88.6,,,25.5,,
"Ponce de Leon, Daniel",594965,R,98.6,,40,98.4,,87,,,
"Mella, Keury",622492,R,98.6,97.2,,,,,27.6,,
"Harvey, Matt",518774,R,98.6,98.4,,97.9,,59.8,25.2,,
"Howard, Spencer",675921,R,98.5,,,99.6,,99.4,29.9,,
"Pivetta, Nick",601713,R,98.5,,,98.5,,75.8,38.8,,
"McGee, Jake",459429,L,98.5,,,,,,,,
"Kremer, Dean",665152,R,98.5,97.8,46.3,,,92.2,,,
"Robles, Hansel",570663,R,98.5,99,,92.5,,,41.1,,
"De León, José",592254,R,98.5,,,94.5,,,,,
"Plesac, Zach",668676,R,98.4,,,99.1,,51.8,41.8,,
"Hendriks, Liam",521230,R,98.4,,,,,74.1,18.8,,
"Ramirez, Nick",598286,L,98.4,93.2,64.1,97.7,,,,,
"Stephenson, Robert",596112,R,98.4,,21,,,33.4,19.3,,
"Springs, Jeffrey",605488,L,98.4,,,98.3,,,28.6,,
"Benjamin, Wes",605138,L,98.4,,26.5,95.8,,74,,,
"McKenzie, Triston",663474,R,98.4,,,90.3,,58.5,44.1,,
"Swanson, Erik",657024,R,98.4,,,,,,28.2,,
"Guerra, Javy",457915,R,98.3,,,96,,50.9,47.6,,
"Báez, Pedro",520980,R,98.3,,,99.3,,,50.2,,
"Beeks, Jalen",656222,L,98.3,,37.4,90.7,,,,,
"García, Deivi",665620,R,98.2,,,98.5,,83.7,35.5,,
"Gonsolin, Tony",664062,R,98.2,,,,97.4,70.7,25.3,,
"Cole, Gerrit",543037,R,98.1,,,98.9,,69.8,30.9,,
"Hirano, Yoshihisa",673633,R,98,,,,87.7,,,,
"Weaver, Luke",596133,R,97.9,,63.3,89.4,,68.5,51.3,,
"Lauer, Eric",641778,L,97.8,,45,95.9,,52.8,16.5,,
"Wacha, Michael",608379,R,97.8,93.4,53.6,90.5,,,,,
"Eovaldi, Nathan",543135,R,97.7,,51.2,,66.9,80,45.3,,
"Guerra, Deolis",500610,R,97.7,,,96,,97,,,
"Odorizzi, Jake",543606,R,97.7,,62.2,,86.2,69,43.1,,
"Hudson, Daniel",543339,R,97.7,,,96.9,,,20.1,,
"Yarbrough, Ryan",642232,L,97.6,,43,94.8,,,,78.3,
"Nola, Aaron",605400,R,97.6,96.1,,99.1,,86.4,,,
"Garcia, Bryan",650530,R,97.6,96.3,,98.8,,,24.5,,
"Skubal, Tarik",669373,L,97.6,,,99.3,,71.7,20.1,,
"Williams, Devin",642207,R,97.6,,,80.2,,,33.5,,
"Duffy, Danny",518633,L,97.5,94.7,,91.9,,91,31.5,,
"Yamaguchi, Shun",685493,R,97.5,,,,91,83.6,22.9,,
"Rodríguez, Richard",593144,R,97.5,,,,,,41.9,,
"Díaz, Edwin",621242,R,97.5,,,,,,23.2,,
"Bieber, Shane",669456,R,97.5,,45.6,94.7,,89,27.2,,
"Thornburg, Tyler",592804,R,97.5,,,97.3,,91.1,,,
"Foster, Matt",641582,R,97.4,,,97,,,28.3,,
"Milone, Tommy",543548,L,97.4,98.5,,97.9,,34,31.2,,
"Canning, Griffin",656288,R,97.4,,44.1,98.6,,41.2,27.6,,
"Gausman, Kevin",592332,R,97.3,,,92.2,76,,23.3,,
"Diehl, Phillip",670426,L,97.3,,,,,,27.1,,
"Clippard, Tyler",461325,R,97.3,96.1,,98.5,28.1,68.1,,,
"Walker, Taijuan",592836,R,97.2,96.1,,,83.4,94.4,33.7,,
"Diekman, Jake",518617,L,97.2,97.1,,,,,,42.7,
"Gray, Jon",592351,R,97.2,,,95.2,,71,31.5,,
"Santos, Antonio",665733,R,97.2,,,94.4,,,40.1,,
"Farmer, Buck",571656,R,97.2,,,85.5,,,13,,
"Pérez, Oliver",424144,L,97.2,96.2,,,,,61.6,,
"Doolittle, Sean",448281,L,97.2,,,,,,40.7,,
"Baragar, Caleb",670056,L,97.2,,,,,62.8,35.6,,
"Fiers, Mike",571666,R,97.1,94.5,,88.4,,90.1,59.5,,
"Thorpe, Lewis",626929,L,97.1,,,96.2,,90.6,29.8,,
"Howard, Sam",607572,L,97,,,,,,29.3,,
"Shreve, Chasen",592741,L,97,,,,96.5,,50.5,,
"Peterson, David",656849,L,97,96.5,,99,,64.5,24.6,,
"Kikuchi, Yusei",579328,L,97,,58.6,89.3,,,26.2,,
"Suárez, Andrew",605498,L,97,97.9,,98.2,,,31.5,,
"Colomé, Alex",517008,R,97,,42.2,,,,,,
"Wisler, Matt",605538,R,97,,,,,,32.1,,
"Webb, Jacob",657097,R,96.9,,,98.6,,,56.4,,
"Dayton, Grant",594795,L,96.8,98.4,,,,75.4,,,
"López, Jorge",605347,R,96.8,96,,98.9,,70.4,,,
"Pearson, Nate",663878,R,96.8,,,84.4,,87,44.3,,
"Heller, Ben",621294,R,96.8,,,99.4,,,,47,
"Detwiler, Ross",446321,L,96.8,96.5,,96.2,,,16.3,,
"Anderson, Nick",623433,R,96.7,,,,,19.5,,,
"Cody, Kyle",621129,R,96.7,95.8,,96.9,,,52.4,,
"Wilson, Justin",458677,L,96.7,,55.2,,,,55.5,,
"Strahm, Matt",621381,L,96.7,97.4,32.7,94.5,,38,,,
"Allen, Logan",663531,L,96.6,,,98.2,,76.8,36.7,,
"Jackson, Luke",592426,R,96.6,,,,,72.2,43.6,,
"Nelson, Nick",656793,R,96.5,,,99.2,,83.1,50.2,,
"Peralta, Wandy",593974,L,96.5,95.8,,89.4,,,29.3,,
"Ryu, Hyun Jin",547943,L,96.5,94.5,48.1,99.4,,87.2,,,
"Pérez, Martín",527048,L,96.5,96.4,61.8,99.6,,45.5,,,
"Gant, John",607231,R,96.4,95.5,,96.3,,82.9,20.1,,
"Ferguson, Caleb",657571,L,96.4,,24.4,,,,,,
"Clevinger, Mike",605182,R,96.4,,40.5,99.2,,64.9,27.7,39.1,
"Tanaka, Masahiro",547888,R,96.4,93.1,,,94.5,57.9,13.6,,
"Berríos, José",621244,R,96.3,97.6,,95.1,,,,,49.3
"Alvarez, Jose",501625,L,96.3,96.6,,90,,,37.8,,
"Davis, Austin",656354,L,96.2,,,95.9,,39.2,22.7,,
"Hess, David",605276,R,96.2,,,,,,49.6,,
"Hill, Tim",657612,L,96.2,93.3,,,,,39.6,,
"Phillips, Evan",623465,R,96.2,,,76.2,,,,51.7,
"Oswalt, Corey",621261,R,96.2,,,80.9,,,45.7,,
"LeBlanc, Wade",453281,L,96.1,94.7,57.9,98.5,,62.5,,,
"Ray, Robbie",592662,L,96,96.2,,88.8,,20.9,33.3,,
"Luzardo, Jesús",666200,L,95.9,94.3,,99.1,,,18.3,,
"Bashlor, Tyler",641341,R,95.9,95.8,,95.7,,,83.9,,
"Bailey, Homer",456701,R,95.9,,,,92.8,89.6,38.9,,
"Garcia, Rico",670329,R,95.9,,,99.2,,,,41.4,
"Hill, Rich",448179,L,95.8,93.2,45.5,,,93.4,,84.5,
"Merryweather, Julian",657240,R,95.8,,,97.3,,92.1,31.5,,
"Wittgren, Nick",621295,R,95.8,,25.2,87.1,,,24.9,,
"Johnson, Pierce",572955,R,95.8,,,,,59.2,,,
"Gerber, Joey",680702,R,95.8,,,,,,35.3,,
"Anderson, Chase",502624,R,95.7,95.8,45.4,99.6,,96,,,
"Lyles, Jordan",543475,R,95.7,91.8,,98.9,,77.9,34.9,,
"Bedrosian, Cam",592135,R,95.7,,,,,,55.3,,
"Bradley, Archie",605151,R,95.6,95.4,,99,,74.7,,,
"Mears, Nick",683232,R,95.6,,,,,76.3,,,
"Kolarek, Adam",592473,L,95.6,94.1,,99.7,,,33.5,,
"Littell, Zack",641793,R,95.5,,,,,,55.5,,
"Mayers, Mike",594577,R,95.4,,59.5,,,70.1,17.9,,
"Staumont, Josh",622251,R,95.4,90.6,,,,87.6,,,
"Hart, Kyle",606996,L,95.3,92.7,,98.4,,63.7,39.8,,
"Chafin, Andrew",605177,L,95.2,93.9,,,,,19.8,,
"Peña, Félix",570240,R,95.2,96.8,,95.2,,,17.2,,
"Wojciechowski, Asher",592879,R,95.2,,52.9,91.5,,78.1,68.2,,
"Quantrill, Cal",615698,R,95.2,95.2,,94.9,,,24.3,,
"Brogdon, Connor",641401,R,95.1,,68.4,98.9,,,,,
"Quintana, Jose",500779,L,95.1,93.7,,96.6,,58.9,,,61.4
"Kennedy, Ian",453178,R,95.1,,62.6,98.9,,73.6,,,
"Claudio, Alex",592222,L,95,94.9,,94.7,,,32.2,,
"Hernández, Carlos",672578,R,95,,,,93.8,63.4,35,,
"Drake, Oliver",543118,R,95,,,,82.9,,,,
"Milner, Hoby",571948,L,95,,,,,,,66.4,
"Magill, Matt",543483,R,94.8,,,,,36.4,31.6,,
"Tepera, Ryan",572193,R,94.8,97.2,40.9,88.9,,,34.7,,
"Roark, Tanner",543699,R,94.8,92.5,,81.9,,90.4,45.2,,
"Means, John",607644,L,94.7,,,99,,69.2,34.6,,
"Cole, A.J.",595918,R,94.7,,69.7,96.4,,31.4,32.3,,
"Rodón, Carlos",607074,L,94.7,,,99.7,,,29.8,,
"Goody, Nick",580792,R,94.7,,,,,,24.2,,
"Hernández, Elieser",622694,R,94.6,,,84.7,,,51.9,,
"Lorenzen, Michael",547179,R,94.6,92.4,52.4,98.9,,83.7,32.4,,
"Stiever, Jonathan",680692,R,94.5,,,93.1,,60,34.7,,
"Ginkel, Kevin",656464,R,94.5,,,,,,27.5,,
"Mejía, Humberto",650668,R,94.4,,,95.1,,52.3,39.5,,
"Waguespack, Jacob",621097,R,94.4,93.5,70.6,91.7,,61.1,,,
"Kimbrel, Craig",518886,R,94.3,,,,,68.4,,,
"Allard, Kolby",663465,L,94.2,,47,98.6,,76.9,,,
"Jiménez, Joe",641729,R,94.2,,,89.2,,,29.9,,
"Alcala, Jorge",660896,R,94.2,,,94,,,33.8,,
"Rodríguez, Joely",570257,L,94.2,93.7,,99.2,,,,,
"Rogers, Trevor",669432,L,94.1,,15.1,91.4,,,,,
"Sandoval, Patrick",663776,L,94.1,,,96.4,,63.6,32.6,,
"Chavez, Jesse",445926,R,94,95.1,68.3,97.2,,,30.6,,
"Misiewicz, Anthony",664948,L,93.9,,49.8,,,51.9,,,
"Lugo, Seth",607625,R,93.9,92.9,,97.5,,88.5,44.6,,
"De Jong, Chase",608328,R,93.9,,,99.3,,75.2,20.1,,
"Rondón, Héctor",444468,R,93.9,94.7,,90.3,,,28.1,,
"Grimm, Justin",518748,R,93.8,,,,,91.1,74.7,,
"Morejon, Adrian",670970,L,93.8,,,,,72.1,48,,
"Smith, Burch",572143,R,93.8,,,97.7,,83.8,,,
"Bauer, Trevor",545333,R,93.8,,33.9,,,97.9,,64.8,
"Ureña, José",570632,R,93.7,91,,97.9,,,23.6,,
"Workman, Brandon",519443,R,93.7,,40.2,,,84.6,,,
"Anderson, Brett",474463,L,93.7,95,64.2,96.5,,72.5,44.5,,
"Gsellman, Robert",607229,R,93.7,96.2,,97.9,,69,51.1,,
"Coonrod, Sam",656322,R,93.6,90.4,41.7,91.9,,,31,,
"Bednar, David",670280,R,93.5,,,,47.3,76.4,,,
"Martin, Chris",455119,R,93.5,,52.8,,84.3,,,64.9,
"Parker, Blake",453284,R,93.4,,,,56,70.9,,,
"Reid-Foley, Sean",656887,R,93.4,,,,,,34,,
"Rasmussen, Drew",656876,R,93.3,,,97.1,,71.7,31.5,,
"Alzolay, Adbert",640470,R,93.3,94.3,,92.3,,52.5,36.8,,
"Tate, Dillon",622253,R,93.2,92.4,27,99.1,,,,,
"Sánchez, Aníbal",434671,R,93.2,93,75.1,88.5,94.7,37.8,,,
"Trivino III, Lou",642152,R,93.2,91.4,46.9,98.3,,77,,,
"Tomlin, Josh",458708,R,93.2,,54,98.5,,47.4,,,
"Brault, Steven",643230,L,93.1,92,,84.7,,67,36.4,,
"Wick, Rowan",592858,R,93.1,,71.4,,,91.3,,,
"Rodriguez, Nivaldo",670550,R,93,,,,,51.5,36.1,,
"Garrett, Amir",607237,L,93,,,,,,24.2,,
"Font, Wilmer",521655,R,93,94.2,,,82.7,80.6,35.2,,
"Newsome, Ljay",664714,R,93,,,73.9,,37.2,,,
"Brice, Austin",592169,R,92.9,96.1,,,,43.1,,,
"Rosenthal, Trevor",572096,R,92.9,95.4,,98.9,,,37,,
"Brasier, Ryan",518489,R,92.9,93.6,,93.6,,,35.8,,
"Cortes, Nestor",641482,L,92.8,,34.2,,,,33.8,,
"Margevicius, Nick",676606,L,92.8,,,,83.6,88.7,46.1,,
"Minter, A.J.",621345,L,92.8,,26.5,91.2,,,,,
"Javier, Cristian",664299,R,92.8,,,98.5,,75.2,,48.8,
"Gibaut, Ian",664139,R,92.8,,,96.2,,,39.4,,
"Morgan, Adam",605388,L,92.8,89,,95.8,,,28,,
"Snell, Blake",605483,L,92.7,,,98.4,,69.5,30.9,,
"Stripling, Ross",548389,R,92.7,,,90.7,,81.7,34.9,,
"Plutko, Adam",592644,R,92.7,,57.2,98.8,,71.9,40.4,,
"Floro, Dylan",571670,R,92.7,93.6,,94,,,42.2,,
"Stock, Robert",476594,R,92.7,,,94.6,,,39.9,,
"Burdi, Zack",641420,R,92.7,98.3,,99.5,,,22.3,,
"Chirinos, Yonny",630023,R,92.6,95,,,70.5,,43,,
"DeSclafani, Anthony",543101,R,92.6,90.3,,98.6,,82.9,35.2,,
"Funkhouser, Kyle",608335,R,92.4,89,,89.2,,,31.2,,
"Leyer, Robinson",622490,R,92.3,,,,,,37.8,,
"May, Dustin",669160,R,92.2,94.4,37.5,94.5,,,,62.4,
"Erlin, Robbie",572362,L,92.1,,,94.4,,82,,,
"Buehler, Walker",621111,R,92,89.8,49.8,,,81.7,41.6,,
"Guerra, Junior",448855,R,92,92.8,,,93.9,53,,,
"Petit, Yusmeiro",433589,R,91.9,,78.2,95.1,,53.3,,,
"Mize, Casey",663554,R,91.9,95.4,31.9,,90.9,81.5,,,
"Feyereisen, J.P.",656420,R,91.8,,,86,,,36.5,,
"Garcia, Luis",677651,R,91.8,,42.5,95.9,,89.9,,59.1,
"Dunn, Justin",643290,R,91.7,,,96.1,,52.6,39.3,,
"Hendricks, Kyle",543294,R,91.7,83.4,,82.1,,85.1,,,
"Hearn, Taylor",621368,L,91.6,,,85.2,,,42.4,,
"Sánchez, Sixto",664350,R,91.6,86.3,28.8,91.9,,,34.2,,
"Kelly, Joe",523260,R,91.6,91.3,,,,64.5,,,
"Montas, Frankie",593423,R,91.6,91.2,,,80.3,,31.1,,
"Boyd, Matthew",571510,L,91.5,92.9,,89.5,,92.4,32.9,,
"Romo, Sergio",489265,R,91.4,92,,99.7,,,55.8,,
"Bubic, Kris",663460,L,91.4,,,99,,75.4,,,
"Green, Chad",643338,R,91.4,,,,,44.3,,,
"Iglesias, Raisel",628452,R,91.3,92.1,,89.2,,,31.4,,
"Pineda, Michael",501381,R,91.3,,,93.9,,,10,,
"Ponce, Cody",664074,R,91.3,94.3,50.7,99.7,,84,,,
"Young, Alex",622065,L,91.2,90.4,49.3,90,,23.5,,,
"Eflin, Zach",621107,R,91.2,88.5,,99,,68.2,45.8,,
"Lamet, Dinelson",659275,R,91.1,93.2,,,,,16.8,,
"Romano, Jordan",605447,R,91.1,,,,,,20.7,,
"Bielak, Brandon",656232,R,91,,32,91.1,,87.4,28.4,35.5,
"Gonzalez, Gio",461829,L,90.9,88.1,,97.7,,86.8,,,
"Montero, Rafael",606160,R,90.8,86,,88.1,,,32.7,,
"Castillo, Luis",622491,R,90.8,91.1,,90.4,,,13,,
"Alexander, Tyler",641302,L,90.7,95.2,43,92.2,,,28.9,,
"Hembree, Heath",592390,R,90.7,,,,,63.5,34.9,,
"Keller, Mitch",656605,R,90.6,,32.2,95.3,,84.1,,,
"Cessa, Luis",570666,R,90.6,88.9,,86.5,,,21.1,,
"Smeltzer, Devin",656970,L,90.6,,,88.5,,80.1,40.9,,
"Underwood Jr., Duane",621249,R,90.5,,,89.1,,69,,,
"Phelps, David",475479,R,90.5,90.5,55.9,,,60.7,,,
"Kinley, Tyler",641755,R,90.5,,,98.3,,,23,,
"Scherzer, Max",453286,R,90.5,,50.2,98.6,,70.5,23.1,,
"Almonte, Yency",622075,R,90.5,92.8,,98.7,,,37.7,,
"Barria, Jaime",642545,R,90.4,92.5,,94.5,,,29,,
"López, Yoan",661255,R,90.4,,,,,,44.5,,
"Dobnak, Randy",677976,R,90.3,86.6,,97.5,,,15.3,,
"Reyes, Alex",621052,R,90.3,88.9,,98.9,,96,33.5,,
"Pagán, Emilio",641941,R,90.1,,33.8,,,,,,
"Middleton, Keynan",641871,R,90,,,83,,,25,,
"Castellani, Ryan",624418,R,90,92,,98.6,,73,25.4,,
"Romero, JoJo",668941,L,90,89,,95.2,,,32.7,30.5,
"Porcello, Rick",519144,R,90,89,,97.1,,66.4,41,,
"Happ, J.A.",457918,L,90,79.7,,96.7,,,29.1,,
"Webb, Tyler",643778,L,90,88.7,,98.7,,63.1,,,
"Shoemaker, Matt",533167,R,89.9,88.3,,,78.3,63.5,22.6,,
"Herget, Jimmy",623474,R,89.8,84.3,,82.4,,,22.8,52.5,
"Chapman, Aroldis",547973,L,89.8,,,,,,39,,
"Hoyt, James",624586,R,89.8,92.8,,,,,11.4,,
"Márquez, Germán",608566,R,89.7,85.3,,95.8,,31.8,22.7,,
"Cueto, Johnny",456501,R,89.6,88.7,,76.3,,23.4,37.8,,
"Leibrandt, Brandon",605335,L,89.6,,,96.8,,69.8,48.2,,
"Alcantara, Sandy",645261,R,89.5,88.5,19.1,87.3,,,56.5,,
"Curtiss, John",595928,R,89.5,,,,,,33.3,,
"Clarke, Taylor",664199,R,89.5,,,93.6,,67.2,29.6,,
"Jeffress, Jeremy",502026,R,89.5,91,,,90,59.5,,,
"James, Josh",657624,R,89.4,,,96.9,,75,39.4,,
"Cisnero, José",542585,R,89.4,89.2,,92,,,25.9,,
"Marshall, Evan",605359,R,89.4,92,,95.7,,61.8,,,
"Velasquez, Vince",592826,R,89.3,85.1,,96.9,,67.7,33,,
"Kershaw, Clayton",477132,L,89.2,,,,,79.9,48.7,,
"Darvish, Yu",506433,R,89.2,89.3,63.3,,74.2,78.8,31.9,54.3,
"Pomeranz, Drew",519141,L,89.2,,,,,76.7,,,
"Fulmer, Michael",605242,R,89.1,91.7,41,93.5,,70.7,,,
"Montgomery, Jordan",656756,L,89.1,90.3,69.6,99.6,,40.4,,,
"deGrom, Jacob",594798,R,89,,,89.6,,55.8,37.8,,
"Rainey, Tanner",663432,R,89,,,,,,28.3,,
"Boxberger, Brad",502202,R,88.9,,,93,,,53.5,,
"Garrett, Braxton",666129,L,88.9,,,88.5,,72.3,,,
"Woodruff, Brandon",605540,R,88.9,89.2,,97.2,,59.5,23.4,,
"Bundy, Dylan",605164,R,88.8,89.1,,93.6,,76.5,25.9,,
"Familia, Jeurys",544727,R,88.8,88.4,,,91,,34,,
"Voth, Austin",608723,R,88.7,,45.4,,75.2,66.1,,,
"Hand, Brad",543272,L,88.7,89.6,,,,,,51.9,
"Maeda, Kenta",628317,R,88.7,81.5,39.1,,86.5,60,18.5,,
"Barnes, Jacob",606930,R,88.6,,46.3,,,,,,
"McGowin, Kyle",641851,R,88.6,85,,,,,40.1,,
"Díaz, Jairo",545064,R,88.5,85.9,,,,,28,,
"Dugger, Robert",667498,R,88.5,89.4,,,,65.7,33.3,,
"Thielbar, Caleb",573204,L,88.5,,,,,99.7,43.9,43.2,
"May, Trevor",543507,R,88.4,88.9,,96.7,,,38.5,,
"Knebel, Corey",608349,R,88.3,,,,,92.7,,,
"Reed, Cody",642003,L,88.3,90,,90.3,,,32.6,,
"Houser, Adrian",605288,R,88.3,84.5,,92.1,,95.4,33.9,,
"Martin, Brett",656685,L,88.2,86.6,,,,47.8,37.5,,
"Gibson, Kyle",502043,R,88.1,86.6,,86.4,,58,35.7,,
"Corbin, Patrick",571578,L,88.1,86,,97.3,,30,21.5,,
"Andriese, Matt",542882,R,88.1,85.1,19,30.3,,68.6,,,
"Pérez, Cionel",672335,L,87.9,,,,,,,,34.6
"Slegers, Aaron",642083,R,87.7,88.5,,80.6,,,24.6,,
"Biagini, Joe",607352,R,87.7,88,53.9,70.7,,75.8,,,
"Farrell, Luke",608652,R,87.7,,,,,61.9,16.1,,
"Altavilla, Dan",656186,R,87.7,,,,,,29.1,,
"Rea, Colin",607067,R,87.5,88.9,38.7,99.4,,69.1,,,
"Wilson, Bryse",669060,R,87.4,91.9,61.5,94.9,,54.6,46.2,,
"Hill, Cam",657611,R,87.4,,,,,99.2,30.1,,
"Nova, Iván",467100,R,87.3,88.2,,99.6,,63.3,,,
"Smith, Will",519293,L,87.3,,,,,57.1,24.9,,
"Thompson, Ryan",657044,R,87.3,89.7,,,,,81.7,,
"Brubaker, JT",664141,R,87,87.1,,85.3,,62.7,19.7,,
"Stammen, Craig",489334,R,87,92.3,47.3,,,74.1,,,
"Mills, Alec",621219,R,87,86.7,,87.3,,80.6,56,,
"Gott, Trevor",641627,R,86.9,,42.8,,,87.1,,,
"Loáisiga, Jonathan",642528,R,86.9,86.4,,95.1,,49.1,,,
"Zimmer, Kyle",622092,R,86.8,,,91.3,,90.4,28.4,,
"Newcomb, Sean",656794,L,86.7,,,96,,93.7,72.5,,
"Neris, Héctor",593576,R,86.5,89.1,,,59.8,,,,
"García, Luis",472610,R,86.5,88.1,,,62.3,,46.9,,
"Wheeler, Zack",554430,R,86.5,88.3,27.2,98.8,90.1,75.9,,,
"Cordero, Jimmy",622772,R,86.2,86.4,,96,,53.9,22.9,,
"Matzek, Tyler",554431,L,86.1,,37.9,,,69.5,51.8,,
"Woodford, Jake",663765,R,86.1,89.6,,,,98.5,33.6,,
"Bassitt, Chris",605135,R,86,90.1,48.4,96.8,,96,55.9,83.6,
"Holland, Greg",518813,R,86,,,,,59.7,33.8,,
"Soria, Joakim",465657,R,85.9,,,69.9,,99.1,75.3,,
"Gallen, Zac",668678,R,85.7,,43.8,91.8,,66,46.6,,
"Morton, Charlie",450203,R,85.6,89,22.5,,96.9,78.6,,,
"Hatch, Thomas",641672,R,85.5,86.5,34.1,47.6,,,,,
"Urías, Julio",628711,L,85.4,,,94.3,,65,33.9,,49.7
"Antone, Tejay",622088,R,85.4,,,98.9,,81,41,,
"Brach, Brad",542960,R,85.4,85.2,50.3,73.4,,,39.1,,
"Graveman, Kendall",608665,R,85.4,88,59,84,,66.6,38,,
"King, Michael",650633,R,85.4,83,,97.7,,43.4,,,
"Taylor, Josh",657031,L,85.3,88,,,,,30.6,,
"Dunning, Dane",641540,R,85,82.6,,98.2,,99,39.5,,
"Yajure, Miguel",664337,R,84.9,,54.3,88.5,,76.6,,,
"Armstrong, Shawn",542888,R,84.9,,45.5,,,,,,60.1
"Lail, Brady",621078,R,84.9,83.9,,90.4,,60.8,38.4,,
"Zuber, Tyler",676604,R,84.7,,,92.6,,73.6,52,,
"Flaherty, Jack",656427,R,84.6,77.6,,78,,88,47.5,,
"Toussaint, Touki",657053,R,84.5,77.9,,,80.3,89.4,30.9,,
"Fulmer, Carson",608334,R,84.5,88.8,24.7,89,,52.9,,,
"Castellanos, Humberto",528748,R,84.3,82.8,53,96.5,,47.8,,,
"Ramírez, Yohan",670990,R,84.2,,,,,,,55.2,
"Duffey, Tyler",608648,R,84.2,,,,,54.3,,,
"Smith, Josh A.",595001,R,84.1,80.1,,92.7,,73.3,44.9,,
"Soto, Gregory",642397,L,84,85.1,,,,,33.3,,
"Hale, David",571735,R,83.9,81.8,,96,,46,,,
"Volquez, Edinson",450172,R,83.9,86,,90.8,,57.2,,,
"Kim, Kwang Hyun",547942,L,83.7,,,92.7,,60.9,34.7,,
"Davis, Wade",451584,R,83.6,,36.8,87.3,,73.1,,,
"Crowe, Wil",640444,R,83.4,78.3,,74.6,,,41.3,,
"Samardzija, Jeff",502188,R,83.3,87.7,56.2,,85.6,,42.3,,
"Bumgarner, Madison",518516,L,83.3,,42.3,,,62.8,,,
"Freeland, Kyle",607536,L,83.3,77.4,21.1,94.6,,53.7,,,
"Treinen, Blake",595014,R,83.2,89.4,45.2,,,,28.6,,
"Patiño, Luis",672715,R,83.2,,,90.7,,,50.5,,
"Carrasco, Carlos",471911,R,83.2,82.3,,67.9,,55.4,24.1,,
"Peralta, Freddy",642547,R,83,,,,,76.3,54.6,62,
"Wright, Kyle",657140,R,83,83,,97.8,,65.9,25.1,,
"Widener, Taylor",642203,R,82.9,,,87.1,,,38.3,,
"Kay, Anthony",641743,L,82.9,,,91.2,,71.4,,,
"Williams, Taylor",592865,R,82.9,,,,,,11.5,,
"Menez, Conner",669214,L,82.8,,,,,57,27.8,,
"Cease, Dylan",656302,R,82.8,,,90.8,,94.8,51.1,,
"Eshelman, Thomas",664045,R,82.7,83.6,,92,,69.8,40.4,,
"Yamamoto, Jordan",657141,R,82.6,83,30.2,,,88.9,70,,
"García, Rony",665621,R,82.6,,,93.5,,,28.2,,
"Webb, Logan",657277,R,82.5,85.9,49.5,86.8,,,,53.3,
"Vincent, Nick",543883,R,82.4,85.7,60.4,97.4,,,27,,
"Sims, Lucas",608371,R,82.4,,,,,60.2,,,
"Lester, Jon",452657,L,82.3,82.1,58.6,80.1,,62.6,,,
"Barlow, Scott",605130,R,82.1,,,,,87.3,50.9,,
"Holder, Jonathan",656547,R,82,,42.6,91.4,,74.6,61.3,,
"Soroka, Michael",647336,R,82,83.8,,97.1,,,44.4,,
"Junis, Jakob",596001,R,81.9,78.3,,72.1,,,,62,
"Senzatela, Antonio",622608,R,81.8,,,61.4,,61.7,38.7,,
"Anderson, Shaun",641312,R,81.7,,,73.2,,,37.8,,
"Fairbanks, Pete",664126,R,81.7,,,,,,37.7,,
"Lindblom, Josh",458676,R,81.7,,51.1,99.4,91.2,91.3,59.8,,
"Valdez, César",491624,R,81.6,86.9,,74.9,,,,,
"Fry, Jace",605240,L,81.3,71.5,14.4,88.1,,76,,,
"Zimmermann, Bruce",669145,L,81.3,,,99.3,,43,17.4,,
"Adam, Jason",592094,R,81.2,,,87.2,,81.6,52.6,,
"Civale, Aaron",650644,R,81.2,85.7,51.7,92.9,,86,42.4,,
"Cahill, Trevor",502239,R,81.2,80.7,13,88.7,,71.7,,,
"Miley, Wade",489119,L,81.1,,38,84.8,,75.1,,,
"Leone, Dominic",608678,R,80.6,,44.7,,,,43.1,,
"López, Pablo",641154,R,80.5,82.3,51.5,85.5,,76.8,,,
"Martinez, Carlos",593372,R,80.4,79.2,,84.7,,,49.2,,
"Mazza, Chris",607391,R,80.4,86.8,39.3,86.9,,,41.6,,
"Sánchez, Ricardo",645307,L,80.2,,,99.1,,58.9,36.7,,
"Norris, Daniel",596057,L,80.1,,,78.8,,,21.6,,
"Glasnow, Tyler",607192,R,79.5,90.9,,92.4,,80.3,,,
"Turley, Nik",543867,L,79.3,,,,,98.2,,,
"Schmidt, Clarke",657376,R,79.1,78.3,,73.5,,74.6,,,
"Gray, Sonny",543243,R,79.1,74.3,,89.1,,83.1,,61.3,
"Kelly, Merrill",518876,R,78.8,76.4,61.3,81.6,,69.9,,,
"Kilome, Franklyn",642584,R,78.7,81.3,,53.3,,63,,,
"Lynn, Lance",458681,R,78.6,74.4,39.9,80.7,,37.2,,,
"Lakins, Travis",664042,R,78.5,,48.9,90.9,,77.2,,,
"Greinke, Zack",425844,R,78.4,,,81.7,,74.7,47.6,,
"Hughes, Jared",453172,R,78.4,74.9,,52,,41.9,,,
"Winkler, Dan",595465,R,78.1,76,43,,,52.1,,,
"Covey, Dylan",592229,R,77.9,75.8,78.4,,77.6,44.3,31.6,,
"Taylor, Blake",642130,L,77.9,,,,,,41.2,,
"Rogers, Tyler",643511,R,77.7,82.2,,,,,68.1,,
"Ramirez, Noé",598287,R,77.7,,,73.8,,64.9,,,
"Helsley, Ryan",664854,R,77.5,,,,,59.8,29.5,,
"Paredes, Enoli",660600,R,77.4,,,,,67.8,40.7,,
"Hudson, Dakota",641712,R,77.4,89.3,,96.8,,64.2,24.6,,
"Wainwright, Adam",425794,R,77.2,79.4,48.5,89.1,,96.8,,,
"Adams, Chance",664856,R,77,,,,,77.2,,,
"Bard, Daniel",453268,R,77,79,,90,,,37,,
"Miller, Andrew",453192,L,76.5,84.8,,,,,66,,
"Godley, Zack",643327,R,76.3,73.6,55.8,80.2,,59.9,,,
"Harper, Ryne",607560,R,76.2,,,,,90.5,76.1,,
"Chatwood, Tyler",543022,R,76.1,79.9,31.4,89.7,,68.4,,,
"Newberry, Jake",623470,R,75.9,,,75.8,,,31.2,,
"Raley, Brooks",548384,L,75.8,77.9,38.8,94.1,,69.2,,45.4,
"Givens, Mychal",571710,R,75.7,,,60.2,,,33,,
"Teheran, Julio",527054,R,75.1,77.7,,93.9,,55,23.4,,
"Williams, Trevor",592866,R,74.8,77.3,,92.7,,58,45.1,,
"Pressly, Ryan",519151,R,74.7,,,,,75,29.3,,
"Cimber, Adam",643256,R,74.5,77.6,,,,,28.2,,
"Thornton, Trent",663423,R,74.4,,41.2,73.7,,,61.8,,
"Wendelken, J.B.",605525,R,74.3,79.6,,98.8,,93.1,34.3,,
"Fry, Paul",643316,L,73.7,,,,,,55.5,,
"Selman, Sam",572125,L,73.3,,,,,,49,,
"Ryan, Kyle",594986,L,73.1,65.3,42.3,,,59.8,,,
"Fedde, Erick",607200,R,72.8,77.5,45.3,86.5,,62.7,,,
"O'Day, Darren",503285,R,72.7,75.2,,,,,29.8,,
"Maton, Phil",664208,R,72.4,,53.3,,,91.7,,,
"Keuchel, Dallas",572971,L,72.4,75.3,39.1,90.2,,,29.8,,
"Musgrove, Joe",605397,R,71.7,69.1,32.8,76.3,,75.4,57.3,,
"Burnes, Corbin",669203,R,70.7,73.4,48.5,69.1,,63,44.3,,
"Stratton, Chris",608717,R,70.7,,,72.2,,76.2,33.7,,
"Oviedo, Johan",670912,R,70.6,,,94.9,,73.4,46.5,,
"García, Yimi",554340,R,70.5,,,91.2,,51,30.9,,
"Fried, Max",608331,L,70.4,68,,70.9,,92,44,,
"González, Chi Chi",592346,R,69.8,68.3,31.7,77.4,,42.6,27.9,,
"Betances, Dellin",476454,R,69.5,,,,,49.6,,,66.2
"Lockett, Walker",621141,R,69.4,77.5,46.5,92,,61.2,,,
"Scott, Tanner",656945,L,69.1,,,,,,29.4,,
"Cishek, Steve",518553,R,68.1,78.6,,,,,74.7,,
"Hall, Matt",664180,L,66.9,,26.3,,,95,,,
"Rosso, Ramón",665759,R,66.7,,,,,,46.1,,
"Hernández, Darwinzon",650382,L,66.6,,,,,,42.5,,
"Minor, Mike",501985,L,66.6,,,95.8,,72.3,24.9,,
"Valdez, Framber",664285,L,66.5,70.3,,77.1,,76.5,,,
"Suter, Brent",608718,L,66.2,84.3,,97.8,,72.8,,,
"Castano, Daniel",641447,L,65.4,74,,86.8,,,35.8,,
"Keller, Brad",641745,R,65.3,73.3,,77.7,,,45.3,,
"Osich, Josh",592612,L,62.9,66.9,24.2,,,,46.9,,
"Houck, Tanner",656557,R,61.7,68,,,72.3,,60.5,,
"Turnbull, Spencer",605513,R,61,75.4,,92.8,,81.7,35.2,,
"Kickham, Mike",592464,L,59.9,,,,,66.8,28.7,,
"Richards, Garrett",572070,R,58.9,62.9,,,,89.5,28.4,,
"Walden, Marcus",519393,R,56.2,55.3,30.6,,,,37.5,,
"Schreiber, John",670167,R,50.9,,,70.4,,,,71.4,
