player_name,pitch_type,season,n,spin,spin_drop,ivb,as_gap,whiff,exp,wres
"Ramirez, Emmanuel",FS,2024,68,542,1756,1.8,-0.177,0.471,0.343,0.127
"Smith, Cade",FS,2026,98,576,1759,-5.4,-0.093,0.408,0.42,-0.012
"Gilbert, Logan",FS,2024,168,629,1455,0.8,-0.379,0.47,0.43,0.04
"Megill, Tylor",FS,2024,46,666,1522,-2.6,-0.464,0.391,0.385,0.006
"Leiter Jr., Mark",FS,2025,135,671,1352,4.2,-0.062,0.422,0.393,0.029
"Smith, Cade",FS,2025,139,689,1642,-2.1,-0.034,0.374,0.367,0.007
"Cruz, Fernando",FS,2026,208,716,1505,1.4,-0.442,0.524,0.448,0.076
"Gilbert, Logan",FS,2026,134,719,1500,-2.7,-0.357,0.366,0.416,-0.051
"Gilbert, Logan",FS,2025,227,720,1397,-0.6,-0.397,0.485,0.45,0.035
"Leiter Jr., Mark",FS,2026,101,747,1270,3,-0.148,0.436,0.33,0.105
"Waldrep, Hurston",FS,2025,131,754,1488,2.1,0.043,0.412,0.332,0.081
"Leiter Jr., Mark",FS,2024,185,756,1253,4.1,-0.046,0.53,0.393,0.137
"Kirby, George",FS,2023,67,783,1421,-0.3,-0.042,0.328,0.378,-0.05
"Leiter Jr., Mark",FS,2023,77,787,1261,3.6,-0.062,0.468,0.382,0.086
"Cruz, Fernando",FS,2025,234,825,1358,0.2,-0.52,0.556,0.484,0.072
"Holmes, Clay",CH,2026,72,835,1363,-1.3,-0.04,0.306,0.256,0.05
"Domínguez, Seranthony",FS,2025,91,836,1512,3.2,0.115,0.484,0.364,0.119
"Smith, Cade",FS,2024,104,847,1434,0.9,-0.12,0.279,0.327,-0.048
"Martinez, Justin",FS,2024,130,850,1263,1.9,0.021,0.523,0.416,0.108
"Cruz, Fernando",FS,2023,123,854,1433,3.5,-0.285,0.553,0.456,0.097
"Littell, Zack",FS,2024,307,854,1177,1.4,-0.218,0.326,0.273,0.052
"Cruz, Fernando",FS,2024,225,867,1480,3,-0.287,0.564,0.466,0.099
"Allen, Logan",CH,2023,78,886,1280,2.7,-0.105,0.269,0.222,0.047
"Allen, Logan",CH,2024,147,890,1246,2.5,-0.193,0.238,0.245,-0.007
"Sasaki, Roki",FS,2026,238,901,1355,1.3,-0.132,0.332,0.364,-0.032
"Miller, Bryce",FS,2024,249,906,1563,0.3,-0.231,0.261,0.31,-0.049
"Gilbert, Logan",FS,2023,113,919,1083,3.9,-0.137,0.345,0.361,-0.016
"Kirby, George",FS,2024,152,919,1311,1.3,-0.072,0.276,0.34,-0.064
"Falter, Bailey",FS,2025,58,919,1191,9.9,-0.037,0.121,0.241,-0.121
"Hicks, Jordan",FS,2024,186,921,1018,-1,-0.119,0.392,0.333,0.059
"Littell, Zack",FS,2023,101,931,1140,2.1,-0.258,0.267,0.281,-0.014
"Stanek, Ryne",FS,2025,53,933,1418,4.7,-0.05,0.264,0.382,-0.118
"Stanek, Ryne",FS,2024,100,946,1383,3.8,-0.073,0.41,0.363,0.047
"Allen, Logan",CH,2025,256,949,1232,6.1,-0.024,0.164,0.257,-0.093
"Parker, Mitchell",FS,2025,156,950,1220,9,-0.072,0.276,0.289,-0.013
"Miller, Bryce",FS,2025,155,963,1541,2,-0.253,0.265,0.33,-0.065
"Hoffmann, Andrew",CH,2025,51,968,1313,-0.4,-0.019,0.373,0.316,0.056
"Lauer, Eric",CH,2025,41,968,1315,5.5,0.033,0.171,0.237,-0.066
"Pagán, Emilio",FS,2025,121,972,1594,2.4,-0.149,0.397,0.386,0.011
"Harvey, Hunter",FS,2024,107,1000,1044,3,-0.173,0.336,0.33,0.007
"Finnegan, Kyle",FS,2024,143,1001,1088,5.2,-0.04,0.252,0.313,-0.061
"Parker, Mitchell",FS,2024,237,1008,1185,8.2,-0.16,0.363,0.286,0.077
"Bautista, Félix",FS,2025,86,1008,1387,10.2,-0.021,0.5,0.453,0.047
"Francis, Bowden",FS,2025,123,1010,1260,5.7,0.007,0.358,0.366,-0.008
"Blewett, Scott",FS,2025,68,1011,1247,2.3,-0.19,0.265,0.293,-0.028
"Finnegan, Kyle",FS,2025,160,1012,1231,3.5,-0.075,0.35,0.307,0.043
"Kremer, Dean",FS,2024,192,1016,1265,7.9,-0.009,0.344,0.309,0.034
"Hoeing, Bryan",FS,2024,93,1019,947,1.6,-0.215,0.366,0.277,0.089
"Quantrill, Cal",FS,2024,417,1023,1203,4.4,-0.042,0.201,0.252,-0.051
"Finnegan, Kyle",FS,2026,115,1025,1212,6.2,-0.059,0.339,0.316,0.023
"Woods Richardson, Simeon",FS,2025,93,1030,1227,7.2,-0.042,0.269,0.281,-0.012
"Smith-Shawver, AJ",FS,2025,130,1053,1043,7.7,-0.123,0.392,0.408,-0.016
"Quantrill, Cal",FS,2026,96,1055,1108,2.8,-0.052,0.198,0.254,-0.056
"Francis, Bowden",FS,2024,133,1060,1283,4.2,-0.034,0.195,0.32,-0.125
"Finnegan, Kyle",FS,2023,81,1068,921,2,-0.13,0.346,0.324,0.022
"Quantrill, Cal",FS,2023,73,1078,1116,3.6,-0.026,0.233,0.27,-0.037
"Kriske, Brooks",FS,2025,91,1079,1207,0.2,-0.436,0.275,0.311,-0.036
"Allen, Logan",FS,2024,46,1080,922,6.3,-0.003,0.196,0.302,-0.107
"Silseth, Chase",FS,2026,93,1084,1293,2,-0.159,0.376,0.29,0.086
"Morejon, Adrian",CH,2026,113,1087,1333,-0.6,0.025,0.496,0.493,0.002
"Neris, Héctor",FS,2024,204,1089,1293,0.2,-0.225,0.348,0.289,0.059
"Woods Richardson, Simeon",FS,2026,102,1093,1108,7,-0.048,0.176,0.278,-0.101
"Enns, Dietrich",CH,2025,118,1098,1035,4.3,0.024,0.237,0.328,-0.091
"Crawford, Kutter",FS,2024,134,1099,1402,9,-0.289,0.396,0.358,0.038
"Holmes, Clay",CH,2025,226,1102,1134,0.6,0.089,0.283,0.259,0.024
"Blewett, Scott",FS,2024,41,1103,1200,4.3,-0.24,0.268,0.29,-0.022
"Littell, Zack",FS,2025,402,1108,913,-1.1,-0.185,0.229,0.284,-0.055
"Imanaga, Shota",FS,2024,478,1111,1305,6.5,-0.067,0.404,0.326,0.078
"Littell, Zack",FS,2026,174,1111,887,0.7,-0.18,0.178,0.265,-0.087
"Matsui, Yuki",FS,2026,94,1116,1275,3.7,-0.237,0.479,0.308,0.171
"Quantrill, Cal",FS,2025,201,1120,1076,5.9,-0.044,0.224,0.247,-0.023
"Sheehan, Emmet",CH,2025,92,1121,1323,0.7,-0.002,0.272,0.303,-0.031
"Holman, Grant",FS,2025,81,1123,832,0.7,-0.192,0.309,0.32,-0.012
"Neris, Héctor",FS,2023,69,1125,1279,0.6,-0.216,0.348,0.288,0.059
"Kremer, Dean",FS,2025,308,1125,1153,9.6,-0.016,0.39,0.37,0.019
"McGough, Scott",FS,2023,89,1128,1170,6.3,-0.077,0.404,0.284,0.121
"Imanaga, Shota",FS,2026,354,1128,1366,6.1,-0.056,0.39,0.331,0.058
"Holman, Grant",FS,2024,46,1130,798,2.7,-0.07,0.391,0.321,0.07
"Miller, Bryce",FS,2026,137,1139,1372,4.4,-0.192,0.292,0.357,-0.065
"Silseth, Chase",FS,2023,60,1149,1232,2.9,-0.117,0.367,0.25,0.117
"Neris, Héctor",FS,2025,116,1154,1227,-0.8,-0.157,0.353,0.272,0.081
"Rodríguez, Joely",CH,2024,51,1155,778,2.2,0.072,0.196,0.203,-0.007
"Darvish, Yu",FS,2025,63,1156,1210,1.5,-0.346,0.27,0.285,-0.015
"Greene, Hunter",FS,2024,86,1169,1215,4.7,-0.15,0.267,0.364,-0.096
"Matsui, Yuki",FS,2025,181,1169,1248,3.5,-0.197,0.436,0.347,0.089
"Povich, Cade",CH,2025,125,1170,1157,3.7,-0.201,0.344,0.309,0.035
"Nunez, Anthony",CH,2026,76,1170,1360,-1.4,-0.17,0.368,0.312,0.057
"Stanek, Ryne",FS,2026,57,1172,1130,4.9,-0.061,0.351,0.365,-0.014
"Corbin, Patrick",CH,2026,103,1178,955,8.3,0.111,0.262,0.303,-0.041
"Hart, Kyle",FS,2026,67,1179,1023,-1.5,-0.307,0.328,0.277,0.051
"Buehler, Walker",CH,2026,74,1196,1047,3.2,0.015,0.311,0.287,0.024
"Perkins, Jack",CH,2026,111,1201,1097,-0.1,-0.005,0.441,0.341,0.1
"Yates, Kirby",FS,2025,145,1204,1118,-0.2,0.025,0.345,0.277,0.068
"Swanson, Erik",FS,2023,108,1211,1029,3.8,-0.045,0.315,0.305,0.01
"Fujinami, Shintaro",FS,2023,67,1211,885,1.9,-0.098,0.343,0.353,-0.01
"McLean, Nolan",CH,2026,71,1214,1095,-2.7,-0.098,0.254,0.296,-0.042
"Chapman, Aroldis",FS,2024,65,1216,1170,3.4,-0.473,0.415,0.378,0.037
"Carrasco, Carlos",CH,2025,87,1220,878,1.5,-0.141,0.31,0.254,0.057
"Kahnle, Tommy",CH,2024,269,1230,921,1.3,0.047,0.364,0.295,0.069
"Beede, Tyler",FS,2024,46,1232,622,2.6,-0.035,0.261,0.252,0.009
"Cabrera, Génesis",FS,2025,48,1233,1030,8,-0.166,0.521,0.379,0.142
"Phillips, Tyler",FS,2025,83,1234,852,2.5,0.177,0.265,0.289,-0.024
"Suarez, Ranger",CH,2024,180,1236,722,1.8,-0.023,0.3,0.273,0.027
"Swanson, Erik",FS,2024,119,1237,1036,3.7,-0.092,0.277,0.32,-0.043
"McGough, Scott",FS,2024,91,1237,1119,8.7,-0.039,0.396,0.3,0.096
"Gipson-Long, Sawyer",CH,2025,41,1241,1060,1.8,0.105,0.415,0.353,0.062
"Phillips, Tyler",FS,2026,164,1245,862,2.2,0.02,0.287,0.313,-0.026
"Mize, Casey",FS,2024,177,1246,997,3.8,-0.084,0.316,0.336,-0.02
"Rasmussen, Drew",CH,2026,104,1248,1307,2.9,-0.188,0.365,0.338,0.027
"Chapman, Aroldis",FS,2025,56,1249,1195,3.8,-0.504,0.464,0.408,0.056
"Kremer, Dean",FS,2026,93,1251,1009,10,-0.066,0.409,0.369,0.04
"Kahnle, Tommy",CH,2026,58,1257,937,2.1,0.101,0.19,0.293,-0.103
"Pagán, Emilio",FS,2024,40,1260,1263,5.8,-0.016,0.4,0.344,0.056
"Borucki, Ryan",FS,2025,55,1262,1015,0.6,-0.055,0.418,0.302,0.117
"Bassitt, Chris",FS,2024,54,1263,889,0.4,0.131,0.13,0.253,-0.124
"Hernández, Carlos",FS,2025,72,1263,1156,9.9,-0.031,0.472,0.363,0.109
"Yates, Kirby",FS,2026,77,1273,1037,-1,-0.002,0.351,0.272,0.079
"Imanaga, Shota",FS,2025,410,1274,1188,6.6,-0.042,0.305,0.301,0.004
"Early, Connelly",CH,2026,149,1274,1016,-2.1,-0.102,0.221,0.281,-0.06
"Kahnle, Tommy",CH,2025,377,1277,907,1.1,0.052,0.231,0.283,-0.053
"DeSclafani, Anthony",FS,2025,61,1277,972,-0.1,-0.236,0.443,0.315,0.127
"Birdsong, Hayden",CH,2024,105,1278,1014,-1.9,-0.061,0.314,0.304,0.01
"García, Luis",FS,2025,102,1278,916,4.6,-0.018,0.245,0.286,-0.041
"Suarez, Ranger",CH,2026,104,1278,781,3,-0.094,0.288,0.277,0.011
"Yates, Kirby",FS,2024,185,1279,1064,0.1,-0.01,0.297,0.281,0.016
"Stephan, Trevor",FS,2023,91,1281,1245,5.3,0.056,0.516,0.294,0.223
"Harrison, Kyle",CH,2026,62,1281,1083,-4.4,-0.103,0.21,0.278,-0.068
"Sheehan, Emmet",CH,2026,135,1288,1163,0.1,0.009,0.207,0.28,-0.073
"Romero, JoJo",CH,2026,56,1289,913,-1.3,0.091,0.304,0.276,0.027
"Suarez, Ranger",CH,2025,258,1291,735,3.5,-0.097,0.318,0.287,0.031
"Winder, Josh",CH,2023,64,1292,729,4.5,-0.012,0.234,0.257,-0.022
"Flexen, Chris",CH,2023,66,1304,895,7.7,0.076,0.379,0.345,0.033
"Carrasco, Carlos",CH,2023,101,1304,837,0.1,-0.134,0.287,0.237,0.05
"Yates, Kirby",FS,2023,96,1305,1013,-1.7,-0.024,0.292,0.3,-0.009
"Gusto, Ryan",CH,2026,53,1306,1039,2.9,0.009,0.226,0.297,-0.071
"Gipson-Long, Sawyer",CH,2023,43,1307,797,0.2,0.159,0.488,0.331,0.157
"Estrada, Jeremiah",FS,2026,43,1308,832,7.9,0.009,0.488,0.467,0.021
"Quintana, Jose",CH,2023,104,1309,776,6.6,0.114,0.269,0.231,0.038
"Yamamoto, Yoshinobu",FS,2024,177,1311,879,2.6,-0.19,0.35,0.309,0.042
"Blalock, Bradley",FS,2025,84,1311,835,7.6,-0.064,0.238,0.28,-0.042
"Junis, Jakob",CH,2025,111,1312,814,2.2,-0.055,0.234,0.231,0.003
"Woodford, Jake",FS,2025,64,1313,776,0.1,-0.096,0.141,0.238,-0.097
"Carrasco, Carlos",CH,2026,41,1313,952,2.3,-0.1,0.195,0.211,-0.016
"Flexen, Chris",CH,2024,206,1314,950,9.7,0.068,0.364,0.378,-0.013
"Greene, Hunter",FS,2025,68,1315,1123,4.3,-0.094,0.279,0.405,-0.126
"Morejon, Adrian",CH,2025,40,1317,1109,2.1,0.079,0.475,0.393,0.082
"Junis, Jakob",CH,2026,61,1318,801,2.1,0.023,0.164,0.252,-0.089
"Griffin, Foster",FS,2026,65,1321,872,1.4,-0.773,0.292,0.274,0.018
"Eisert, Brandon",CH,2025,169,1322,716,1.7,-0.075,0.402,0.33,0.073
"Kahnle, Tommy",CH,2023,158,1323,824,2.3,0.034,0.367,0.319,0.048
"Eisert, Brandon",CH,2026,52,1325,767,4.1,-0.048,0.288,0.316,-0.027
"Bachar, Lake",FS,2025,62,1326,1394,6.8,0.06,0.323,0.331,-0.008
"Walker, Taijuan",FS,2023,190,1327,789,2,-0.17,0.195,0.226,-0.031
"Lauer, Eric",CH,2026,100,1327,920,6.9,0.017,0.11,0.24,-0.13
"Melton, Troy",FS,2026,44,1328,923,1.2,-0.133,0.25,0.338,-0.088
"Hurt, Kyle",CH,2026,103,1328,751,3.3,-0.02,0.33,0.328,0.002
"Scott, Christian",FS,2024,44,1330,908,3.5,-0.034,0.136,0.297,-0.161
"Quintana, Jose",CH,2024,201,1331,732,4.6,0.065,0.343,0.27,0.073
"Birdsong, Hayden",CH,2025,82,1333,1073,-0.6,-0.054,0.354,0.332,0.021
"Scherzer, Max",CH,2023,67,1334,994,2.8,0.054,0.299,0.265,0.033
"Chirinos, Yonny",FS,2023,89,1337,701,3.9,-0.388,0.292,0.295,-0.002
"Suarez, Ranger",CH,2023,100,1341,642,3,0.084,0.3,0.291,0.009
"Junis, Jakob",CH,2023,43,1344,853,2.5,0.08,0.279,0.235,0.044
"Carrasco, Carlos",CH,2024,188,1347,809,2.5,-0.166,0.245,0.205,0.04
"Quintana, Jose",CH,2026,63,1350,781,4.7,0.109,0.286,0.237,0.048
"Walker, Taijuan",FS,2024,165,1351,693,2.6,-0.216,0.133,0.221,-0.088
"Scherzer, Max",CH,2025,75,1351,1042,4.3,0.061,0.2,0.26,-0.06
"Maeda, Kenta",FS,2024,304,1353,951,-0.8,-0.072,0.286,0.263,0.024
"McGough, Scott",FS,2025,49,1358,1040,5.1,-0.142,0.408,0.283,0.126
"Schwellenbach, Spencer",FS,2025,119,1358,939,0.2,-0.08,0.42,0.397,0.023
"García, Luis",FS,2024,92,1362,807,4.9,-0.026,0.293,0.301,-0.007
"Junk, Janson",CH,2026,95,1363,950,1.5,-0.067,0.274,0.332,-0.058
"Scherzer, Max",CH,2026,45,1364,978,4.4,0.075,0.178,0.249,-0.071
"Quintana, Jose",CH,2025,203,1367,721,3.7,0.017,0.177,0.27,-0.092
"Schwellenbach, Spencer",FS,2024,131,1368,909,0.8,0.043,0.45,0.342,0.108
"Garrett, Braxton",CH,2023,42,1373,747,0.7,0.073,0.262,0.294,-0.032
"Scherzer, Max",CH,2024,45,1377,945,1.3,0.052,0.222,0.252,-0.03
"Romero, JoJo",CH,2025,96,1378,817,0.3,0.101,0.292,0.273,0.019
"Estrada, Jeremiah",FS,2024,93,1380,854,9.2,-0.003,0.495,0.433,0.061
"Springs, Jeffrey",CH,2026,221,1381,769,7,-0.04,0.367,0.374,-0.008
"Cueto, Johnny",CH,2023,83,1383,801,5,-0.129,0.253,0.255,-0.002
"Springs, Jeffrey",CH,2024,99,1383,752,3.8,-0.069,0.414,0.328,0.086
"Elder, Bryce",CH,2026,71,1388,781,4.4,-0.12,0.268,0.248,0.02
"Yesavage, Trey",FS,2026,193,1390,861,6.6,-0.111,0.383,0.39,-0.007
"Maeda, Kenta",FS,2023,200,1392,864,-0.2,-0.046,0.37,0.259,0.111
"Springs, Jeffrey",CH,2025,412,1396,781,6.8,-0.033,0.403,0.356,0.047
"Rutledge, Jackson",FS,2025,58,1396,884,2.2,-0.05,0.293,0.318,-0.025
"Walker, Taijuan",FS,2026,57,1396,814,3.9,-0.143,0.175,0.192,-0.017
"Fried, Max",CH,2023,63,1399,838,4.3,0.108,0.286,0.301,-0.015
"Fulmer, Carson",CH,2024,191,1403,834,2.8,0.032,0.356,0.278,0.078
"Cortes, Nestor",CH,2024,137,1406,942,4.2,-0.013,0.307,0.305,0.002
"Rea, Colin",CH,2024,128,1410,760,4,0.129,0.25,0.256,-0.006
"Fulmer, Carson",CH,2025,83,1411,860,2.3,0.033,0.337,0.267,0.07
"Scott, Tayler",FS,2025,76,1411,674,-4.4,-0.183,0.329,0.278,0.051
"Rea, Colin",CH,2026,158,1412,759,-1.6,-0.019,0.247,0.283,-0.037
"Garrett, Braxton",CH,2024,44,1414,694,-0.1,0.04,0.273,0.292,-0.019
"Fried, Max",CH,2024,189,1417,769,4.1,0.208,0.228,0.296,-0.069
"Agnos, Zach",FS,2025,56,1417,925,2.1,-0.065,0.339,0.294,0.045
"Yamamoto, Yoshinobu",FS,2025,364,1418,858,1.9,-0.126,0.407,0.319,0.088
"Assad, Javier",CH,2024,48,1419,556,7.9,0.055,0.125,0.262,-0.137
"Rea, Colin",CH,2025,153,1424,770,-0.1,0.032,0.307,0.285,0.022
"Sands, Cole",FS,2024,95,1425,927,-0.3,-0.059,0.242,0.274,-0.032
"Farris, Mitch",CH,2025,53,1425,722,-0.8,0.001,0.396,0.312,0.085
"Young, Brandon",FS,2026,147,1426,736,2.7,-0.287,0.231,0.304,-0.072
"Estrada, Jeremiah",FS,2025,134,1433,777,10.2,-0.012,0.463,0.471,-0.008
"Norris, Daniel",CH,2023,46,1436,895,1.7,-0.169,0.283,0.243,0.039
"Young, Alex",CH,2023,56,1437,942,1.4,-0.067,0.339,0.272,0.067
"Webb, Logan",CH,2023,360,1439,419,-4.1,0.022,0.147,0.203,-0.056
"Cantillo, Joey",CH,2026,242,1439,456,13,0.01,0.405,0.386,0.019
"Leahy, Kyle",CH,2026,108,1441,730,1.9,-0.141,0.324,0.309,0.015
"Mize, Casey",FS,2025,337,1442,799,4.3,-0.034,0.318,0.312,0.006
"Yamamoto, Yoshinobu",FS,2026,267,1442,874,1.7,-0.124,0.315,0.341,-0.027
"Berríos, José",CH,2023,123,1445,719,5.1,0.065,0.301,0.295,0.006
"Walker, Taijuan",FS,2025,219,1449,790,3.8,-0.175,0.178,0.221,-0.043
"Agnos, Zach",FS,2026,63,1449,883,1.3,-0.097,0.349,0.283,0.066
"Paredes, Mike",CH,2026,69,1449,759,1.1,-0.017,0.174,0.245,-0.071
"Webb, Logan",CH,2024,565,1450,530,-4.8,0.063,0.188,0.218,-0.03
"Kolek, Stephen",CH,2025,83,1451,761,-0.4,-0.159,0.229,0.271,-0.042
"Lambert, Peter",CH,2024,135,1455,786,6,0.005,0.348,0.273,0.075
"Ortiz, Luis",CH,2025,95,1456,835,2.4,0.066,0.263,0.294,-0.03
"Myers, Tobias",FS,2026,81,1456,777,8.9,-0.24,0.296,0.368,-0.072
"Brown, Hunter",CH,2024,143,1458,809,8.8,0.04,0.266,0.318,-0.052
"Young, Alex",CH,2024,63,1458,779,1.3,-0.053,0.476,0.27,0.206
"Soriano, José",FS,2024,73,1459,496,-0.6,-0.017,0.301,0.355,-0.054
"Matsui, Yuki",FS,2024,118,1465,986,5.4,-0.343,0.356,0.287,0.069
"Vines, Darius",CH,2023,44,1469,766,8.2,0.041,0.318,0.288,0.031
"Ginn, J.T.",CH,2025,71,1470,456,0.7,0.026,0.479,0.248,0.231
"Detmers, Reid",CH,2023,54,1473,606,7.6,-0.061,0.241,0.323,-0.082
"Rogers, Trevor",CH,2025,230,1473,892,0.6,-0.005,0.243,0.285,-0.042
"Burrows, Mike",CH,2026,220,1473,762,5.7,0.018,0.3,0.293,0.007
"Gordon, Colton",CH,2025,60,1474,579,6.8,-0.074,0.25,0.27,-0.02
"Ryu, Hyun Jin",CH,2023,100,1475,552,6.1,0.017,0.22,0.281,-0.061
"Holton, Tyler",CH,2026,64,1477,808,3.2,0.145,0.297,0.263,0.033
"Junk, Janson",CH,2025,49,1479,821,6.5,0.007,0.122,0.311,-0.189
"Vines, Darius",CH,2024,44,1480,772,12.9,0.033,0.159,0.305,-0.146
"Bradley, Taj",FS,2024,316,1482,813,5.4,-0.139,0.31,0.316,-0.006
"Criswell, Cooper",CH,2025,51,1482,696,-5.7,0.126,0.196,0.182,0.014
"Gilbert, Logan",CH,2026,51,1482,736,2.7,-0.064,0.294,0.39,-0.096
"Kolek, Stephen",CH,2026,50,1483,783,2.7,-0.177,0.16,0.262,-0.102
"Gonsolin, Tony",FS,2023,76,1484,733,1.5,-0.039,0.382,0.275,0.107
"Hiraldo, Yaramil",FS,2025,68,1484,849,9.3,-0.231,0.588,0.388,0.2
"Bergert, Ryan",CH,2025,40,1484,914,7.9,0.015,0.375,0.258,0.117
"Webb, Logan",CH,2026,235,1484,583,-5.4,0.05,0.281,0.277,0.004
"Cobb, Alex",FS,2023,228,1485,572,0.8,-0.075,0.232,0.233,-0.001
"Williams, Trevor",CH,2025,64,1485,704,0.6,0.283,0.375,0.243,0.132
"Priester, Quinn",CH,2024,50,1486,635,3.7,0.149,0.22,0.234,-0.014
"Vasil, Mike",CH,2025,99,1488,747,0.4,0.108,0.182,0.282,-0.1
"Alexander, Tyler",CH,2026,98,1488,735,1.6,-0.082,0.224,0.266,-0.042
"Anderson, Drew",CH,2026,168,1488,795,-2.9,-0.175,0.357,0.369,-0.012
"Wacha, Michael",CH,2023,189,1489,522,7.6,-0.151,0.349,0.298,0.051
"Martin, Chris",FS,2024,44,1489,695,2.7,-0.148,0.227,0.252,-0.025
"Leahy, Kyle",CH,2025,65,1490,854,5.2,-0.06,0.169,0.294,-0.125
"Manaea, Sean",CH,2024,169,1491,539,3.9,-0.046,0.225,0.264,-0.039
"Blanco, Ronel",CH,2024,285,1492,735,5.7,-0.018,0.281,0.308,-0.028
"Lambert, Peter",CH,2023,69,1493,690,5.6,0.011,0.29,0.244,0.046
"Aguiar, Julian",CH,2024,50,1493,574,4.2,-0.004,0.22,0.287,-0.067
"Soriano, José",FS,2025,123,1494,468,-0.2,-0.057,0.398,0.354,0.045
"Matthews, Zebby",CH,2025,55,1494,878,6.9,0.032,0.236,0.309,-0.073
"Henry, Tommy",CH,2024,57,1495,639,4.3,0.045,0.228,0.255,-0.027
"Canning, Griffin",CH,2025,169,1496,687,1.2,-0.076,0.225,0.289,-0.064
"Wicks, Jordan",CH,2023,88,1497,752,5.6,0.073,0.284,0.331,-0.047
"Gray, Jon",CH,2024,61,1497,531,6.7,0.035,0.18,0.255,-0.075
"Zerpa, Angel",CH,2023,62,1499,516,6.5,0.037,0.29,0.271,0.019
"Freeland, Kyle",CH,2025,57,1499,880,7.1,0.079,0.105,0.209,-0.103
"Brown, Hunter",CH,2025,154,1499,741,7.8,0.015,0.253,0.325,-0.071
"Gonsolin, Tony",FS,2025,78,1499,736,-1.4,-0.109,0.372,0.274,0.098
"Rodríguez, Yariel",FS,2024,63,1501,854,4.2,0.204,0.19,0.242,-0.051
"Detmers, Reid",CH,2024,115,1501,628,11.7,-0.063,0.313,0.348,-0.035
"Cobb, Alex",FS,2024,56,1503,527,-0.2,-0.116,0.143,0.214,-0.071
"Webb, Logan",CH,2025,438,1503,535,-5.7,0.007,0.308,0.281,0.027
"Mize, Casey",FS,2026,173,1504,772,5.6,-0.05,0.335,0.284,0.051
"Cantillo, Joey",CH,2024,85,1507,385,12,-0.003,0.424,0.441,-0.018
"Eovaldi, Nathan",FS,2025,336,1507,735,0.3,-0.112,0.339,0.296,0.043
"Neal, Zach",CH,2023,52,1508,693,3.5,0.111,0.269,0.251,0.018
"Poulin, PJ",CH,2025,44,1508,661,-2.4,0.022,0.318,0.225,0.093
"Canning, Griffin",CH,2026,136,1511,692,0.8,-0.037,0.228,0.307,-0.079
"Montas, Frankie",FS,2024,202,1512,848,2.5,-0.003,0.391,0.304,0.087
"Criswell, Cooper",CH,2024,253,1512,580,-5.1,0.036,0.154,0.169,-0.015
"Cantillo, Joey",CH,2025,240,1512,331,12.4,-0.012,0.488,0.436,0.052
"Gallen, Zac",CH,2025,234,1514,792,3.8,0.007,0.286,0.261,0.025
"Howard, Spencer",CH,2024,40,1515,588,8.6,0.018,0.3,0.335,-0.035
"Burrows, Mike",CH,2025,213,1515,769,7.9,0.049,0.418,0.318,0.1
"Wicks, Jordan",CH,2024,110,1516,765,6.8,0.077,0.382,0.345,0.037
"Gallen, Zac",CH,2023,109,1517,760,3.8,0.049,0.321,0.283,0.038
"Corbin, Patrick",CH,2025,101,1517,693,8.7,0.09,0.386,0.309,0.077
"Clevinger, Mike",CH,2023,90,1518,745,8.8,0.033,0.278,0.311,-0.033
"Cameron, Noah",CH,2025,197,1519,863,11.2,0.094,0.416,0.381,0.036
"Gray, Jon",CH,2023,47,1520,504,7.8,0.039,0.17,0.264,-0.094
"Young, Brandon",FS,2025,101,1520,678,4.5,-0.142,0.287,0.296,-0.009
"Alexander, Tyler",CH,2025,118,1521,696,2,-0.029,0.271,0.266,0.005
"López, Reynaldo",CH,2024,43,1523,555,11.1,-0.01,0.349,0.332,0.017
"Ginn, J.T.",CH,2026,180,1523,519,2.3,-0.101,0.322,0.257,0.065
"Bivens, Spencer",CH,2024,40,1525,406,1.8,-0.155,0.175,0.243,-0.068
"Sears, JP",CH,2025,154,1525,478,3.6,-0.021,0.182,0.206,-0.024
"Leiter, Jack",CH,2025,177,1526,877,3.1,-0.155,0.305,0.395,-0.09
"Blanco, Ronel",CH,2025,52,1526,729,6.7,-0.013,0.346,0.295,0.051
"Winn, Keaton",FS,2023,93,1527,732,-1.3,-0.093,0.387,0.309,0.078
"Sands, Cole",FS,2025,142,1528,846,0.2,0.005,0.19,0.282,-0.092
"Matthews, Zebby",CH,2026,63,1529,805,3.7,0.029,0.159,0.303,-0.145
"Rosenberg, Kenny",CH,2023,117,1530,663,11.2,-0.006,0.282,0.306,-0.024
"Houser, Adrian",CH,2024,65,1530,580,4.2,-0.042,0.308,0.306,0.002
"Soriano, George",CH,2026,114,1530,628,-1.6,-0.101,0.368,0.329,0.039
"Gallen, Zac",CH,2024,182,1531,766,5.1,0.037,0.253,0.258,-0.005
"Cano, Yennier",FS,2026,73,1531,542,-5.4,0.067,0.329,0.249,0.079
"Bubic, Kris",CH,2026,83,1534,829,-0.1,-0.109,0.289,0.298,-0.009
"Wheeler, Zack",FS,2025,115,1535,911,4.4,-0.009,0.357,0.349,0.007
"Winn, Keaton",FS,2026,123,1536,794,0.6,-0.052,0.333,0.311,0.023
"Garrett, Reed",FS,2025,93,1537,859,0.8,-0.078,0.419,0.311,0.109
"Wacha, Michael",CH,2025,394,1539,583,7.9,-0.204,0.254,0.267,-0.013
"Gallen, Zac",CH,2026,127,1540,750,4.4,0.014,0.244,0.286,-0.042
"Scott, Tayler",FS,2024,127,1541,590,-4.2,-0.168,0.299,0.289,0.011
"Giolito, Lucas",CH,2026,85,1541,595,13.6,0.001,0.247,0.331,-0.084
"Houser, Adrian",CH,2026,126,1541,680,4.9,-0.091,0.302,0.328,-0.027
"Suarez, José",CH,2024,112,1542,767,4.2,-0.045,0.295,0.328,-0.033
"Allard, Kolby",CH,2025,107,1542,482,6.6,0.062,0.14,0.253,-0.113
"Myers, Tobias",FS,2025,70,1542,706,10.6,-0.085,0.386,0.359,0.027
"Eovaldi, Nathan",FS,2026,384,1542,662,0.7,-0.107,0.32,0.292,0.028
"Kikuchi, Yusei",CH,2025,181,1544,650,6.7,0.003,0.243,0.322,-0.079
"Wacha, Michael",CH,2026,239,1545,585,8.1,-0.2,0.251,0.283,-0.032
"Suter, Brent",CH,2026,150,1545,606,10,0.13,0.32,0.33,-0.01
"Rogers, Trevor",CH,2026,221,1545,876,2.3,-0.014,0.235,0.281,-0.046
"Freeland, Kyle",CH,2024,93,1546,769,5.9,0.08,0.129,0.22,-0.091
"Martin, Chris",FS,2025,60,1546,686,2.1,-0.165,0.283,0.257,0.026
"Crismatt, Nabil",CH,2025,124,1546,599,2.1,-0.158,0.323,0.263,0.06
"Keller, Mitch",CH,2026,76,1546,847,2,-0.011,0.237,0.257,-0.02
"Dobnak, Randy",CH,2026,55,1548,433,-2.8,-0.223,0.273,0.226,0.046
"Wheeler, Zack",FS,2024,118,1549,853,5.4,-0.041,0.39,0.326,0.064
"King, John",CH,2023,46,1550,622,0.4,0.117,0.391,0.271,0.12
"Dana, Caden",CH,2025,46,1550,655,6.2,-0.016,0.5,0.283,0.217
"Criswell, Cooper",CH,2026,64,1551,647,-6.5,0.148,0.219,0.211,0.008
"Stone, Gavin",CH,2023,54,1552,641,6.6,0.056,0.481,0.29,0.192
"Garrett, Reed",FS,2024,127,1552,832,1.9,-0.112,0.504,0.324,0.18
"Buehler, Walker",CH,2025,59,1552,718,5.4,0.033,0.203,0.287,-0.084
"Berríos, José",CH,2025,242,1552,546,4.3,0.05,0.335,0.267,0.068
"Bowlan, Jonathan",CH,2026,47,1552,840,5.7,-0.253,0.298,0.32,-0.022
"Nola, Aaron",CH,2026,134,1553,757,2.8,0.046,0.261,0.25,0.011
"Freeland, Kyle",CH,2023,50,1554,738,7.3,0.105,0.14,0.194,-0.054
"Wacha, Michael",CH,2024,452,1554,535,5.9,-0.19,0.321,0.31,0.011
"King, John",CH,2026,62,1554,630,-0.6,0.114,0.306,0.241,0.065
"Nola, Aaron",CH,2024,124,1555,725,3.5,0.054,0.121,0.251,-0.13
"Newcomb, Sean",CH,2025,58,1555,804,4,-0.062,0.172,0.272,-0.099
"Severino, Luis",CH,2023,77,1557,743,8,0.06,0.182,0.316,-0.134
"McClanahan, Shane",CH,2026,225,1557,661,4.4,0.015,0.378,0.372,0.006
"Leiter, Jack",CH,2026,122,1558,879,4.4,-0.193,0.303,0.346,-0.043
"De los Santos, Yerry",CH,2025,80,1560,594,0,-0.103,0.338,0.304,0.034
"Hoglund, Gunnar",CH,2025,56,1560,847,3.3,-0.085,0.321,0.323,-0.002
"Bieber, Shane",CH,2026,45,1560,883,0.9,-0.097,0.222,0.29,-0.068
"Wheeler, Zack",FS,2026,142,1560,855,2.1,0.056,0.472,0.324,0.147
"Dubin, Shawn",CH,2024,48,1562,906,-0.6,-0.039,0.292,0.325,-0.034
"Weissert, Greg",CH,2025,46,1562,735,-1.5,0.191,0.304,0.312,-0.007
"Lambert, Peter",CH,2026,208,1562,723,8.5,0.023,0.351,0.254,0.096
"Peterson, David",CH,2025,209,1563,568,4.5,0.198,0.239,0.291,-0.052
"Kikuchi, Yusei",FS,2026,52,1563,721,8,-0.022,0.269,0.337,-0.068
"Megill, Tylor",CH,2023,50,1564,467,6.1,0.029,0.2,0.318,-0.118
"Ohtani, Shohei",FS,2026,56,1564,898,1.3,-0.032,0.321,0.36,-0.038
"Sugano, Tomoyuki",FS,2025,282,1566,808,5.2,-0.082,0.266,0.239,0.027
"Montas, Frankie",FS,2025,75,1566,754,3,0.017,0.32,0.322,-0.002
"Lynch IV, Daniel",CH,2026,89,1566,670,2.8,-0.016,0.247,0.347,-0.1
"Romero, JoJo",CH,2023,61,1567,563,4.1,0.124,0.459,0.301,0.158
"Irvin, Cole",CH,2024,128,1567,485,8,0.015,0.219,0.264,-0.045
"Giolito, Lucas",CH,2023,245,1568,634,11.1,0,0.359,0.332,0.027
"Nola, Aaron",CH,2023,87,1570,723,3.4,0.038,0.253,0.262,-0.009
"Fleming, Josh",CH,2024,76,1570,271,-0.1,-0.091,0.092,0.207,-0.115
"Mikolas, Miles",CH,2026,54,1570,613,1.6,-0.051,0.093,0.249,-0.156
"Gausman, Kevin",FS,2026,386,1574,706,4.5,-0.177,0.386,0.319,0.067
"Irvin, Cole",CH,2023,65,1575,459,8,0.008,0.123,0.3,-0.177
"Corbin, Patrick",CH,2024,40,1575,588,9.5,0.131,0.25,0.336,-0.086
"Bednar, David",FS,2023,53,1576,864,4.1,-0.282,0.245,0.303,-0.057
"Skubal, Tarik",CH,2023,152,1576,588,4.9,-0.219,0.493,0.398,0.095
"Severino, Luis",CH,2025,63,1576,658,7.5,0.055,0.175,0.322,-0.147
"Milner, Hoby",CH,2026,40,1576,335,-3.2,-0.002,0.1,0.166,-0.066
"Severino, Luis",CH,2024,101,1577,608,7.2,0.075,0.178,0.327,-0.148
"Suarez, José",CH,2025,43,1579,838,3.5,-0.07,0.395,0.34,0.056
"Berríos, José",CH,2024,238,1582,519,5,0.049,0.252,0.287,-0.035
"Orze, Eric",FS,2025,168,1585,676,-0.4,-0.238,0.298,0.323,-0.026
"Medina, Luis",CH,2026,58,1585,814,1.9,-0.175,0.586,0.323,0.264
"Manaea, Sean",CH,2023,72,1586,441,6.9,-0.065,0.153,0.26,-0.107
"Romero, JoJo",CH,2024,79,1588,568,3.3,0.112,0.253,0.282,-0.029
"Eovaldi, Nathan",FS,2024,458,1588,627,0.2,-0.085,0.347,0.306,0.041
"Sandlin, Nick",FS,2024,137,1588,727,-1.9,0.019,0.46,0.312,0.148
"Allard, Kolby",CH,2024,62,1589,468,8.1,0.074,0.21,0.258,-0.048
"Winn, Keaton",FS,2024,195,1590,709,0.3,-0.054,0.241,0.314,-0.073
"Peterson, David",CH,2026,89,1590,549,3.3,0.2,0.225,0.275,-0.05
"Painter, Andrew",FS,2026,84,1590,639,8.6,-0.15,0.369,0.326,0.043
"Eovaldi, Nathan",FS,2023,67,1593,571,1.4,-0.133,0.373,0.294,0.079
"Alexander, Tyler",CH,2024,115,1593,711,5.5,-0.011,0.183,0.279,-0.097
"deGrom, Jacob",CH,2026,109,1593,868,2.6,-0.061,0.431,0.35,0.081
"Meyer, Max",CH,2026,79,1595,964,5.3,0.022,0.329,0.303,0.026
"Syndergaard, Noah",CH,2023,58,1597,562,7.3,0.108,0.155,0.21,-0.055
"Smith, Shane",CH,2025,190,1597,649,1.7,0.051,0.305,0.325,-0.019
"Ogasawara, Shinnosuke",CH,2025,77,1598,600,8,0.045,0.273,0.321,-0.048
"Dubin, Shawn",CH,2025,40,1599,685,-2.5,-0.038,0.15,0.308,-0.158
"Montgomery, Jordan",CH,2023,132,1601,589,13.5,0.165,0.341,0.333,0.008
"Feltner, Ryan",CH,2024,208,1602,729,4.8,-0.157,0.37,0.324,0.046
"Montgomery, Jordan",CH,2024,181,1602,590,11.7,0.173,0.381,0.328,0.054
"Hurter, Brant",CH,2025,58,1602,534,0.9,0.174,0.276,0.27,0.005
"Soriano, José",FS,2026,178,1602,440,0.7,-0.003,0.365,0.329,0.036
"Henriquez, Ronny",CH,2025,72,1603,892,3.6,0.072,0.347,0.376,-0.029
"Suter, Brent",CH,2024,91,1604,594,11.3,0.241,0.242,0.278,-0.037
"Eflin, Zach",CH,2024,76,1605,560,2.9,0.094,0.105,0.269,-0.163
"Rodríguez, Yariel",FS,2025,51,1605,834,4.8,0.187,0.176,0.299,-0.123
"Cecconi, Slade",CH,2025,62,1605,755,3.5,-0.056,0.242,0.316,-0.075
"Tong, Jonah",CH,2025,45,1605,651,8.7,0.003,0.222,0.35,-0.128
"Weissert, Greg",CH,2026,41,1605,597,-4.6,0.197,0.341,0.362,-0.02
"Feltner, Ryan",CH,2026,93,1605,768,5.5,-0.123,0.462,0.327,0.135
"Suter, Brent",CH,2023,60,1606,582,10.4,0.269,0.383,0.276,0.107
"Toussaint, Touki",FS,2023,113,1606,605,3,0.01,0.319,0.26,0.059
"Mantiply, Joe",CH,2026,42,1606,579,-2.8,0.067,0.238,0.222,0.016
"Nola, Aaron",CH,2025,121,1607,679,3.2,0.042,0.289,0.256,0.034
"Bubic, Kris",CH,2025,203,1607,790,0.1,-0.104,0.374,0.311,0.063
"May, Dustin",CH,2026,52,1608,775,3.1,0.002,0.212,0.346,-0.134
"Kirby, George",CH,2026,58,1609,669,5,0.074,0.293,0.318,-0.025
"Montero, Rafael",FS,2025,251,1610,769,0.9,-0.113,0.359,0.295,0.064
"Suarez, José",CH,2026,138,1611,718,2.9,-0.08,0.384,0.289,0.095
"Ray, Robbie",CH,2026,185,1612,693,10.7,-0.021,0.232,0.265,-0.033
"Lynch IV, Daniel",CH,2024,67,1614,559,4.5,0.012,0.299,0.29,0.009
"McDonald, Trevor",CH,2026,86,1614,670,1.3,0.007,0.314,0.263,0.051
"Rogers, Trevor",CH,2024,290,1615,763,-0.1,-0.043,0.214,0.262,-0.048
"Estévez, Carlos",CH,2025,83,1615,553,9.6,-0.125,0.181,0.284,-0.103
"Bernardino, Brennan",CH,2025,55,1616,588,0.5,0.134,0.236,0.238,-0.002
"Ramirez, Nick",CH,2023,64,1618,431,6.9,0.036,0.297,0.325,-0.028
"Martinez, Seth",CH,2024,54,1618,446,-1.3,-0.036,0.278,0.251,0.027
"Houser, Adrian",CH,2025,147,1618,599,4.3,-0.03,0.333,0.339,-0.006
"McClanahan, Shane",CH,2023,46,1619,627,6.7,-0.007,0.587,0.446,0.141
"Eflin, Zach",CH,2025,102,1620,537,1.1,0.088,0.127,0.253,-0.125
"Hill, Jaden",CH,2026,45,1620,780,1.5,0.103,0.444,0.344,0.1
"Mahle, Tyler",FS,2026,212,1620,742,5,-0.092,0.264,0.275,-0.011
"Mikolas, Miles",CH,2023,43,1624,603,8.8,0.055,0.093,0.27,-0.177
"Bivens, Spencer",CH,2025,106,1627,364,2.8,-0.23,0.217,0.268,-0.051
"Pérez, Martín",CH,2026,225,1627,468,8.8,0.028,0.307,0.271,0.036
"Williams, Trevor",CH,2023,79,1629,490,2.6,0.187,0.203,0.207,-0.005
"Williams, Trevor",CH,2024,79,1630,506,1.6,0.226,0.215,0.234,-0.018
"Peterson, David",CH,2023,89,1631,523,4.9,0.136,0.27,0.298,-0.028
"Cabrera, Edward",CH,2024,280,1631,594,6.7,0.008,0.329,0.265,0.063
"Pérez, Martín",CH,2023,79,1632,343,8.4,0.015,0.19,0.273,-0.083
"Hill, Jaden",CH,2025,69,1634,710,1.6,0.048,0.261,0.331,-0.07
"Detmers, Reid",CH,2026,93,1634,516,10.8,-0.027,0.312,0.371,-0.059
"Rosenberg, Kenny",CH,2024,68,1636,591,9.6,-0.034,0.279,0.283,-0.003
"Holton, Tyler",CH,2025,83,1636,644,4.6,0.107,0.253,0.265,-0.012
"King, John",CH,2024,119,1637,557,3.2,0.157,0.218,0.271,-0.052
"Feltner, Ryan",CH,2025,44,1637,763,5.4,-0.084,0.386,0.318,0.069
"Cameron, Noah",CH,2026,190,1637,698,9.7,0.072,0.332,0.367,-0.036
"Vest, Will",CH,2024,47,1638,483,4.6,0.006,0.277,0.306,-0.03
"Toussaint, Touki",FS,2024,90,1639,552,1.7,-0.002,0.233,0.237,-0.004
"Ray, Robbie",CH,2025,168,1639,723,11.7,-0.015,0.369,0.329,0.04
"Knack, Landon",CH,2025,95,1640,765,8.1,-0.075,0.284,0.301,-0.017
"Holton, Tyler",CH,2023,71,1641,561,4.5,0.107,0.268,0.28,-0.012
"Freeland, Kyle",CH,2026,121,1642,732,5.2,0.087,0.198,0.206,-0.008
"Waldichuk, Ken",CH,2023,97,1643,683,6.2,0.065,0.371,0.316,0.055
"Ryan, Joe",FS,2023,129,1643,601,1.6,-0.146,0.171,0.252,-0.081
"Estévez, Carlos",CH,2024,43,1643,479,9.1,-0.078,0.326,0.278,0.048
"Henriquez, Ronny",CH,2024,51,1643,797,4.6,0.054,0.255,0.33,-0.075
"Sugano, Tomoyuki",FS,2026,151,1643,754,5.8,-0.074,0.285,0.219,0.066
"Peterson, David",CH,2024,140,1644,505,3.8,0.113,0.257,0.296,-0.039
"Kikuchi, Yusei",CH,2024,128,1645,643,8.6,-0.013,0.328,0.344,-0.016
"Lee, Dylan",CH,2024,56,1646,606,11.5,-0.005,0.393,0.286,0.107
"Hancock, Emerson",CH,2025,131,1646,736,1.6,0.078,0.252,0.286,-0.034
"Skenes, Paul",FS,2026,125,1646,536,1.7,-0.069,0.176,0.246,-0.07
"Jones, Jared",CH,2026,43,1646,900,3.6,0.01,0.349,0.323,0.026
"Mikolas, Miles",CH,2025,136,1647,543,6.5,0.017,0.132,0.225,-0.092
"Valdez, Framber",CH,2026,176,1647,532,2,-0.032,0.216,0.241,-0.025
"Pérez, Martín",CH,2025,121,1649,447,9.4,0.029,0.298,0.262,0.036
"Sulser, Cole",CH,2025,78,1650,696,2.7,-0.138,0.321,0.292,0.029
"Brito, Jhony",CH,2023,95,1653,480,6.8,0.067,0.284,0.275,0.009
"Ureña, José",CH,2023,56,1653,533,9.8,-0.001,0.268,0.285,-0.017
"Wood, Alex",CH,2023,140,1653,321,-0.1,-0.026,0.114,0.156,-0.042
"Gibson, Kyle",CH,2023,111,1654,545,3.9,-0.082,0.297,0.273,0.025
"Stone, Gavin",CH,2024,292,1654,526,5.5,0.034,0.346,0.298,0.048
"Hoffman, Jeff",FS,2025,150,1654,890,4.5,-0.025,0.313,0.337,-0.024
"Avila, Pedro",CH,2023,122,1655,604,3.2,-0.535,0.426,0.324,0.103
"Estes, Joey",CH,2024,97,1657,713,8.8,0.076,0.186,0.248,-0.063
"Lynch IV, Daniel",CH,2025,95,1657,505,2,-0.004,0.242,0.294,-0.051
"Soriano, George",CH,2025,97,1657,580,-0.8,-0.106,0.165,0.318,-0.153
"Gomber, Austin",CH,2025,91,1657,489,10.7,-0.018,0.209,0.257,-0.048
"Milner, Hoby",CH,2025,94,1658,319,-4,-0.006,0.191,0.174,0.017
"Skenes, Paul",FS,2025,209,1658,599,-0.1,-0.072,0.211,0.29,-0.079
"Valdez, Framber",CH,2023,144,1659,543,4.1,0.013,0.299,0.261,0.038
"Rodón, Carlos",CH,2025,265,1660,668,3.8,-0.185,0.328,0.356,-0.028
"Rodón, Carlos",CH,2026,66,1660,675,4.9,-0.21,0.409,0.36,0.049
"Lugo, Seth",CH,2025,115,1663,736,4.4,0.021,0.191,0.248,-0.056
"Bednar, David",FS,2026,174,1663,710,3.4,-0.282,0.351,0.3,0.051
"Strahm, Matt",CH,2026,40,1663,865,-2.3,-0.164,0.175,0.256,-0.081
"Holton, Tyler",CH,2024,143,1665,639,4.8,0.111,0.259,0.271,-0.012
"Banda, Anthony",CH,2024,51,1665,485,5.4,0.048,0.373,0.26,0.113
"Seymour, Ian",CH,2026,194,1665,466,8.1,0.015,0.361,0.314,0.046
"Gomber, Austin",CH,2023,63,1666,498,10.5,-0.02,0.222,0.269,-0.047
"Pérez, Martín",CH,2024,259,1666,400,8.2,0.024,0.313,0.284,0.029
"Spiers, Carson",CH,2024,87,1666,658,5.5,0.129,0.172,0.239,-0.067
"deGrom, Jacob",CH,2025,132,1666,853,2.1,-0.027,0.379,0.372,0.007
"Rodón, Carlos",CH,2024,205,1667,721,2.9,-0.19,0.488,0.383,0.105
"Bednar, David",FS,2024,143,1667,808,4.8,-0.257,0.35,0.315,0.034
"Davies, Zach",CH,2023,65,1668,479,7.7,0.038,0.385,0.278,0.107
"Gomber, Austin",CH,2024,261,1668,507,10.4,-0.016,0.234,0.275,-0.041
"Shuster, Jared",CH,2024,167,1668,513,9.4,0.04,0.305,0.29,0.016
"Teng, Kai-Wei",CH,2026,54,1669,771,4.3,0.04,0.241,0.261,-0.021
"Stripling, Ross",CH,2024,136,1671,470,11.5,-0.027,0.213,0.258,-0.045
"Fried, Max",CH,2025,160,1671,566,3.5,-0.024,0.275,0.365,-0.09
"Milner, Hoby",CH,2023,45,1672,302,2.5,0.009,0.178,0.204,-0.026
"Mikolas, Miles",CH,2024,122,1672,535,6.3,0.05,0.131,0.241,-0.11
"Giolito, Lucas",CH,2025,291,1672,560,12.2,-0.005,0.254,0.329,-0.075
"Pérez, Eury",CH,2026,67,1672,992,10.5,0.018,0.388,0.323,0.065
"Minter, A.J.",CH,2024,42,1673,784,5.7,0.079,0.357,0.338,0.019
"Suter, Brent",CH,2025,106,1675,557,11.3,0.237,0.33,0.348,-0.018
"Bachar, Lake",FS,2026,43,1675,1036,5.6,0.047,0.372,0.338,0.035
"Farris, Mitch",CH,2026,80,1676,473,-0.7,0.007,0.45,0.324,0.126
"Mantiply, Joe",CH,2023,41,1677,509,-3.4,0.101,0.293,0.218,0.075
"Halvorsen, Seth",FS,2025,94,1678,606,2.9,-0.071,0.266,0.343,-0.077
"Keuchel, Dallas",CH,2023,102,1679,442,3.6,0.053,0.196,0.257,-0.061
"Kuhl, Chad",CH,2024,56,1679,485,0.5,-0.043,0.196,0.284,-0.088
"Duran, Jhoan",FS,2023,67,1680,420,2.2,-0.181,0.179,0.27,-0.091
"Garcia, Robert",CH,2024,151,1680,546,2.1,0.009,0.351,0.312,0.039
"Mantiply, Joe",CH,2024,121,1680,513,-4.1,0.066,0.256,0.212,0.044
"Warren, Will",CH,2026,78,1680,809,0.4,0.071,0.244,0.285,-0.041
"Lee, Dylan",CH,2026,51,1681,698,13,-0.002,0.471,0.326,0.145
"Duran, Jhoan",FS,2024,155,1682,355,2.2,-0.125,0.187,0.211,-0.024
"Wood, Alex",CH,2024,83,1682,256,0.1,-0.016,0.12,0.154,-0.033
"Bednar, David",FS,2025,125,1682,756,5.3,-0.238,0.352,0.3,0.052
"Mlodzinski, Carmen",FS,2026,203,1682,410,-0.7,-0.308,0.296,0.295,0.001
"Luzardo, Jesús",CH,2026,221,1683,552,2,-0.041,0.376,0.347,0.029
"Valdez, Framber",CH,2024,226,1684,468,0.9,-0.001,0.319,0.244,0.074
"Garcia, Robert",CH,2025,142,1684,564,1.6,0.024,0.31,0.317,-0.008
"Petty, Chase",CH,2026,41,1684,497,1.4,-0.091,0.317,0.333,-0.016
"Farmer, Buck",CH,2023,44,1685,646,2.2,-0.092,0.364,0.279,0.085
"Sears, JP",CH,2024,251,1685,359,2.4,0.022,0.171,0.205,-0.034
"Skubal, Tarik",CH,2024,432,1686,510,6,-0.13,0.44,0.429,0.011
"Ritchie, JR",CH,2026,83,1686,692,0.2,-0.007,0.217,0.31,-0.093
"Winckowski, Josh",CH,2024,83,1687,416,4.1,0.088,0.084,0.24,-0.156
"Devenski, Chris",CH,2024,88,1688,646,5.7,-0.055,0.284,0.327,-0.043
"Bradley, Taj",FS,2025,167,1688,570,9,-0.04,0.216,0.265,-0.049
"Knack, Landon",CH,2024,69,1689,761,13.4,0.003,0.261,0.323,-0.062
"Povich, Cade",CH,2024,81,1689,634,7.8,0.022,0.235,0.261,-0.026
"Orze, Eric",FS,2026,163,1689,585,1.2,-0.242,0.27,0.319,-0.049
"Gausman, Kevin",FS,2025,584,1690,580,4.3,-0.132,0.37,0.331,0.039
"Milner, Hoby",CH,2024,60,1691,299,2.8,0.021,0.217,0.219,-0.003
"Ureña, Walbert",CH,2026,243,1692,513,5.1,0.037,0.362,0.348,0.014
"Paddack, Chris",CH,2026,147,1693,451,5.7,-0.017,0.265,0.297,-0.031
"López, Jorge",CH,2024,51,1694,309,2.6,0.008,0.314,0.303,0.011
"Fried, Max",CH,2026,65,1695,499,5,-0.079,0.292,0.377,-0.084
"Garcia, Robert",CH,2023,63,1696,517,1.3,-0.008,0.349,0.327,0.022
"Imanaga, Shota",CH,2024,52,1696,720,9.3,-0.085,0.327,0.293,0.034
"May, Trevor",CH,2023,50,1697,573,8.9,0.08,0.22,0.305,-0.085
"Cabrera, Edward",CH,2023,91,1697,608,7.3,0.035,0.319,0.272,0.047
"King, John",CH,2025,71,1697,551,1.9,0.115,0.155,0.262,-0.107
"Blackburn, Paul",CH,2023,83,1698,505,6.6,-0.12,0.398,0.24,0.157
"Devenski, Chris",CH,2025,45,1698,625,2.3,-0.065,0.2,0.315,-0.115
"Arrighetti, Spencer",CH,2024,97,1699,675,4.5,0.01,0.371,0.317,0.054
"Blackburn, Paul",CH,2025,40,1699,524,3.3,-0.063,0.225,0.225,0
"Sandoval, Patrick",CH,2024,203,1701,288,10,0.042,0.369,0.359,0.01
"Stripling, Ross",CH,2023,114,1703,454,10.8,-0.005,0.289,0.29,-0.001
"Sears, JP",CH,2023,107,1703,400,3.3,0.036,0.215,0.218,-0.003
"Valdez, Framber",CH,2025,254,1703,498,1,0.022,0.272,0.247,0.025
"Sulser, Cole",CH,2026,143,1703,674,2.1,-0.184,0.357,0.286,0.07
"Tate, Dillon",CH,2024,41,1704,268,3.1,0.081,0.268,0.247,0.021
"Keller, Brad",CH,2025,67,1707,631,6.1,0.099,0.388,0.296,0.092
"Sproat, Brandon",CH,2026,59,1707,354,2.8,0.073,0.305,0.269,0.036
"Meyer, Max",CH,2024,66,1708,671,7.9,0.091,0.212,0.284,-0.072
"Gray, Sonny",CH,2024,60,1711,825,4.7,0.145,0.317,0.208,0.109
"Gibson, Kyle",CH,2024,130,1713,469,4.6,-0.066,0.369,0.267,0.102
"Duran, Jhoan",FS,2026,145,1713,370,3.7,-0.092,0.29,0.238,0.052
"Lyles, Jordan",CH,2023,84,1714,531,4.8,0.04,0.298,0.247,0.05
"Kremer, Dean",CH,2023,61,1714,615,6.6,-0.027,0.246,0.296,-0.05
"Lively, Ben",CH,2024,107,1714,270,7.4,0.015,0.178,0.223,-0.046
"Cannon, Jonathan",CH,2024,190,1716,464,0.6,-0.129,0.242,0.29,-0.048
"Varland, Louis",CH,2026,77,1716,538,1.5,-0.163,0.351,0.35,0.001
"Hoffman, Jeff",FS,2026,103,1716,792,1.4,-0.064,0.33,0.35,-0.019
"Gil, Luis",CH,2024,259,1720,717,5.1,0.042,0.236,0.325,-0.09
"Mahle, Tyler",FS,2025,227,1720,645,6.8,-0.086,0.238,0.281,-0.044
"Winn, Cole",FS,2026,45,1720,730,2.3,-0.043,0.289,0.341,-0.052
"Mattson, Isaac",CH,2025,50,1721,655,8.5,-0.035,0.18,0.291,-0.111
"Wilson, Bryse",CH,2025,69,1721,420,4.3,0.019,0.159,0.29,-0.131
"Lugo, Seth",CH,2026,79,1721,615,2.9,0.021,0.152,0.266,-0.114
"Seymour, Ian",CH,2025,167,1722,465,8.9,0.034,0.329,0.311,0.018
"Sears, JP",CH,2026,48,1722,236,1.9,0.006,0.188,0.213,-0.025
"Lee, Dylan",CH,2025,76,1723,639,12.9,-0.008,0.276,0.304,-0.027
"Peralta, Freddy",CH,2024,240,1725,717,4.5,0.013,0.338,0.296,0.041
"Kay, Anthony",CH,2026,122,1726,590,0.1,-0.032,0.238,0.314,-0.076
"Marsh, Alec",CH,2023,81,1727,703,4.5,0.043,0.235,0.277,-0.043
"Warren, Will",CH,2025,120,1727,801,0.6,0.1,0.317,0.294,0.023
"Avila, Pedro",CH,2024,177,1729,542,3.1,-0.511,0.299,0.297,0.002
"Clarke, Taylor",CH,2026,97,1730,508,1.4,0.019,0.196,0.263,-0.067
"Fedde, Erick",CH,2024,197,1731,349,3.8,-0.102,0.132,0.211,-0.079
"Peralta, Freddy",CH,2023,107,1732,690,4.4,0.067,0.327,0.276,0.051
"Muñoz, Roddery",CH,2024,69,1732,545,9.7,0.053,0.275,0.236,0.039
"Mlodzinski, Carmen",FS,2025,128,1732,398,-0.6,-0.259,0.43,0.3,0.13
"Gil, Luis",CH,2025,92,1733,747,4.8,0.079,0.163,0.282,-0.119
"Brash, Matt",CH,2025,40,1733,513,-3.6,-0.08,0.425,0.328,0.097
"Hoffman, Jeff",FS,2024,67,1734,854,4.7,-0.05,0.299,0.317,-0.019
"Rodriguez, Grayson",CH,2024,210,1735,561,1.9,-0.099,0.31,0.335,-0.025
"Bradley, Taj",FS,2026,184,1735,533,6.1,-0.162,0.348,0.316,0.032
"Jones, Jared",CH,2024,65,1738,798,5.2,-0.064,0.231,0.327,-0.096
"Cano, Yennier",CH,2024,138,1740,376,1.2,0.09,0.297,0.308,-0.01
"Blackburn, Paul",CH,2024,112,1740,520,6.1,-0.144,0.286,0.248,0.038
"Crochet, Garrett",CH,2025,57,1740,761,6.5,-0.053,0.421,0.346,0.075
"Verlander, Justin",CH,2025,101,1741,700,9.7,-0.024,0.287,0.256,0.032
"Cabrera, Edward",CH,2026,210,1743,496,3.8,-0.011,0.29,0.239,0.051
"McCullers Jr., Lance",CH,2026,46,1743,485,1.4,0.092,0.37,0.231,0.139
"McGreevy, Michael",CH,2026,172,1745,493,2.5,-0.132,0.227,0.229,-0.002
"Trivino III, Lou",CH,2025,65,1746,437,3.4,0.044,0.369,0.287,0.082
"Taillon, Jameson",CH,2025,119,1746,617,7.9,-0.071,0.361,0.289,0.072
"McFarland, T.J.",CH,2024,55,1747,223,-3,0.049,0.273,0.234,0.039
"Marsh, Alec",CH,2024,107,1747,724,3.4,0.043,0.15,0.288,-0.139
"Pilkington, Konnor",CH,2025,44,1747,610,0.4,-0.07,0.341,0.297,0.044
"Bello, Brayan",CH,2026,118,1748,355,5.6,0.153,0.254,0.273,-0.019
"Machado, Andrés",CH,2023,77,1749,350,4.2,-0.07,0.247,0.305,-0.059
"Bello, Brayan",CH,2023,170,1749,254,3.2,0.076,0.329,0.306,0.023
"Snell, Blake",CH,2023,140,1749,691,10.7,0.061,0.414,0.4,0.014
"Cabrera, Edward",CH,2025,288,1749,571,4.4,0.01,0.267,0.273,-0.006
"Buttó, José",CH,2023,60,1750,613,3.1,-0.104,0.367,0.278,0.088
"Gausman, Kevin",FS,2024,456,1753,531,6.3,-0.06,0.316,0.309,0.007
"Morán, Jovani",CH,2026,114,1753,649,7.5,0.023,0.509,0.36,0.149
"Koenig, Jared",CH,2025,42,1754,633,4.3,0.139,0.31,0.334,-0.025
"Alexander, Jason",CH,2025,220,1755,328,1,0.058,0.391,0.325,0.066
"Rodriguez, Grayson",CH,2026,83,1756,525,5,-0.128,0.325,0.333,-0.008
"Dunning, Dane",CH,2023,101,1757,332,4.8,0.229,0.287,0.251,0.036
"Weaver, Luke",CH,2023,66,1757,638,8.2,-0.158,0.348,0.287,0.062
"Suarez, Robert",CH,2024,42,1758,655,6.4,0.019,0.452,0.407,0.045
"Cease, Dylan",CH,2026,81,1759,708,15.6,0.004,0.519,0.423,0.095
"Festa, David",CH,2025,131,1761,631,7.2,-0.057,0.427,0.309,0.118
"Skenes, Paul",FS,2024,334,1763,493,0.7,-0.053,0.284,0.27,0.015
"Moll, Sam",CH,2026,41,1763,731,-7.8,0.16,0.268,0.259,0.009
"Brito, Jhony",CH,2024,116,1764,382,8.1,0.032,0.241,0.28,-0.038
"Hagenman, Justin",CH,2025,43,1766,558,0.1,-0.02,0.116,0.261,-0.145
"Gausman, Kevin",FS,2023,233,1767,524,4.8,-0.088,0.429,0.326,0.103
"Jax, Griffin",CH,2025,142,1769,729,2.6,-0.057,0.465,0.405,0.06
"McGreevy, Michael",CH,2025,76,1771,463,2.6,-0.108,0.289,0.243,0.047
"Woodruff, Brandon",CH,2026,68,1772,565,8.1,-0.019,0.382,0.308,0.074
"Montero, Keider",CH,2024,82,1773,391,6.6,0,0.329,0.3,0.029
"Bubic, Kris",CH,2024,43,1774,586,4.3,0.012,0.326,0.326,-0.001
"Miller, Erik",CH,2024,197,1775,499,2.2,0.049,0.289,0.341,-0.051
"Baz, Shane",CH,2024,57,1777,642,9.1,0.019,0.281,0.3,-0.02
"Clarke, Taylor",CH,2025,82,1778,543,1.1,-0.039,0.268,0.322,-0.053
"Canning, Griffin",CH,2024,425,1779,331,4.2,-0.067,0.271,0.257,0.014
"Loáisiga, Jonathan",CH,2026,102,1782,569,5.1,0.074,0.304,0.304,0
"Bradford, Cody",CH,2024,148,1783,320,11.7,0.006,0.304,0.337,-0.033
"Ashby, Aaron",CH,2024,55,1785,318,4,-0.055,0.364,0.329,0.035
"Meyer, Max",CH,2025,75,1785,722,2,0.084,0.213,0.318,-0.105
"Jackson, Andre",CH,2023,107,1786,474,6.7,-0.072,0.299,0.284,0.015
"Sandoval, Patrick",CH,2023,132,1787,139,9.3,0.052,0.455,0.363,0.092
"Lange, Alex",CH,2026,80,1787,442,1.3,0.023,0.312,0.297,0.015
"Boyd, Matthew",CH,2026,162,1787,540,3.8,-0.019,0.265,0.269,-0.004
"Verlander, Justin",CH,2024,81,1788,612,9.7,-0.015,0.247,0.268,-0.021
"Gray, Peyton",CH,2026,150,1788,537,4.3,-0.043,0.273,0.301,-0.027
"Chivilli, Angel",CH,2024,125,1789,475,6.1,-0.068,0.552,0.332,0.22
"Miller, Shelby",FS,2024,81,1789,624,6.8,-0.089,0.259,0.287,-0.028
"Sánchez, Sixto",CH,2024,83,1789,424,4.4,0.024,0.145,0.281,-0.137
"Lynn, Lance",CH,2023,41,1790,639,6.8,0.089,0.268,0.256,0.012
"Snell, Blake",CH,2025,127,1790,668,10,0.065,0.417,0.392,0.025
"Altavilla, Dan",CH,2025,63,1790,516,1,-0.058,0.317,0.264,0.054
"Liberatore, Matthew",CH,2026,123,1791,353,9.2,-0.007,0.22,0.269,-0.05
"Williamson, Brandon",CH,2023,93,1792,457,4.5,-0.007,0.333,0.291,0.042
"Gusto, Ryan",CH,2025,76,1792,614,8.4,0.08,0.211,0.29,-0.08
"Liberatore, Matthew",CH,2025,126,1793,391,10.2,-0.007,0.159,0.25,-0.091
"Richardson, Lyon",CH,2025,126,1795,528,2.1,-0.005,0.254,0.307,-0.054
"Richardson, Lyon",CH,2023,48,1797,448,2.7,0.039,0.188,0.292,-0.104
"Loáisiga, Jonathan",CH,2025,52,1797,474,6.3,0.083,0.346,0.299,0.047
"Shuster, Jared",CH,2025,52,1797,363,0.2,-0.164,0.269,0.263,0.007
"Ashby, Aaron",CH,2026,61,1797,301,4.1,-0.056,0.508,0.33,0.178
"Rodriguez, Bradgley",CH,2026,175,1798,546,8.3,0.065,0.366,0.386,-0.02
"Greinke, Zack",CH,2023,68,1799,426,2.8,0.06,0.25,0.181,0.069
"Hudson, Dakota",CH,2024,45,1800,279,2.4,0.095,0.133,0.225,-0.092
"Farmer, Buck",CH,2024,128,1803,556,-0.6,-0.111,0.297,0.278,0.018
"Blackburn, Paul",CH,2026,77,1803,439,6.6,-0.02,0.299,0.25,0.049
"Fedde, Erick",CH,2025,112,1804,254,2.6,-0.078,0.134,0.224,-0.09
"Alexander, Jason",CH,2026,49,1808,407,2.6,0.036,0.265,0.319,-0.054
"Bello, Brayan",CH,2024,373,1809,249,3.2,0.166,0.34,0.302,0.038
"Civale, Aaron",FS,2025,43,1809,691,5.7,-0.028,0.14,0.24,-0.101
"Sale, Chris",CH,2025,74,1810,443,-0.7,0.045,0.216,0.237,-0.021
"López, Pablo",CH,2025,130,1810,344,3,0.014,0.254,0.314,-0.06
"Morton, Charlie",CH,2025,126,1812,515,-3.7,-0.108,0.238,0.314,-0.076
"Skenes, Paul",CH,2025,169,1814,444,5.7,0.008,0.426,0.369,0.057
"Snell, Blake",CH,2024,157,1815,620,10.1,0.045,0.452,0.434,0.018
"Jobe, Jackson",CH,2025,57,1815,584,6.6,0.038,0.421,0.353,0.068
"Ureña, José",CH,2024,154,1816,318,8.5,0.003,0.299,0.292,0.007
"Suarez, Robert",CH,2023,71,1817,515,7.8,0.015,0.366,0.363,0.004
"Floro, Dylan",CH,2024,44,1817,285,3.1,0.118,0.227,0.225,0.002
"Nelson, Ryne",CH,2023,44,1818,425,9.2,0.036,0.318,0.321,-0.003
"Boyd, Matthew",CH,2025,355,1818,494,5.6,-0.042,0.315,0.303,0.012
"Miley, Wade",CH,2023,106,1819,382,7.5,0.017,0.208,0.295,-0.088
"Burke, Sean",CH,2025,55,1819,734,9.3,0.11,0.309,0.327,-0.018
"Paddack, Chris",CH,2025,329,1820,364,4.7,-0.022,0.243,0.304,-0.061
"Boushley, Caleb",CH,2025,49,1820,517,6,0.071,0.388,0.248,0.14
"Lugo, Seth",CH,2024,96,1824,579,3.9,0.016,0.281,0.249,0.032
"Skubal, Tarik",CH,2026,217,1824,464,4.7,-0.196,0.512,0.417,0.094
"Molina, Anthony",CH,2024,103,1827,283,7.6,-0.036,0.252,0.294,-0.042
"Weathers, Ryan",CH,2024,190,1828,465,3.9,-0.143,0.337,0.324,0.013
"Cano, Yennier",CH,2023,65,1831,302,2,0.098,0.385,0.304,0.08
"Woo, Bryan",CH,2025,87,1831,474,4.2,-0.029,0.218,0.292,-0.073
"Roupp, Landen",CH,2024,41,1832,261,-0.4,-0.051,0.341,0.246,0.095
"Bello, Brayan",CH,2025,196,1833,385,4.5,0.15,0.306,0.281,0.026
"Duran, Jhoan",FS,2025,247,1835,276,1.9,-0.114,0.223,0.229,-0.006
"Roupp, Landen",CH,2025,154,1835,307,-2.4,-0.011,0.273,0.245,0.028
"Taillon, Jameson",CH,2026,110,1835,559,7.1,-0.05,0.291,0.289,0.002
"Lowder, Rhett",CH,2024,41,1836,432,0.4,-0.03,0.171,0.281,-0.11
"Lodolo, Nick",CH,2025,295,1836,455,1.8,-0.022,0.258,0.241,0.017
"Cano, Yennier",CH,2025,65,1836,254,2.2,0.115,0.308,0.193,0.115
"Castro, Miguel",CH,2023,42,1840,327,1.5,-0.033,0.381,0.261,0.119
"Banks, Tanner",CH,2023,41,1840,392,6,-0.085,0.122,0.242,-0.12
"Skubal, Tarik",CH,2025,529,1840,470,6.5,-0.108,0.463,0.466,-0.003
"Festa, David",CH,2024,153,1841,524,9.5,-0.019,0.386,0.326,0.059
"Martinez, Nick",CH,2026,220,1841,463,3.6,-0.084,0.327,0.289,0.038
"Cannon, Jonathan",CH,2025,200,1842,410,1.3,-0.112,0.215,0.283,-0.068
"Sale, Chris",CH,2026,111,1842,474,-0.4,0.053,0.315,0.264,0.051
"Vodnik, Victor",CH,2024,101,1843,436,0.4,-0.069,0.267,0.34,-0.073
"Messick, Parker",CH,2026,242,1843,285,1.8,-0.159,0.347,0.312,0.035
"Buttó, José",CH,2024,136,1844,457,3.2,-0.114,0.419,0.264,0.155
"Daniel, Davis",CH,2024,50,1844,273,11.7,0.013,0.18,0.246,-0.066
"Anderson, Tyler",CH,2023,175,1845,419,11.1,0.015,0.434,0.365,0.07
"Houck, Tanner",FS,2024,362,1845,354,-3.2,0.061,0.191,0.205,-0.015
"Baker, Bryan",CH,2026,154,1845,445,8.5,-0.065,0.318,0.386,-0.067
"Messick, Parker",CH,2025,76,1846,248,2.8,-0.152,0.303,0.294,0.009
"Rodriguez, Eduardo",CH,2023,128,1847,294,5.4,0.038,0.297,0.264,0.033
"Gray, Sonny",CH,2025,86,1848,659,6.8,0.168,0.233,0.231,0.001
"Topa, Justin",CH,2025,70,1848,395,-5.4,-0.084,0.2,0.241,-0.041
"Canning, Griffin",CH,2023,91,1852,312,3.4,-0.07,0.22,0.29,-0.07
"McCullers Jr., Lance",CH,2025,78,1852,427,-2.8,0.091,0.192,0.282,-0.089
"Smith, Drew",CH,2023,41,1853,613,9.7,0.077,0.366,0.312,0.054
"Funderburk, Kody",CH,2025,43,1853,442,-0.1,0.058,0.186,0.205,-0.019
"Suarez, Robert",CH,2025,118,1854,544,7.7,-0.011,0.305,0.391,-0.086
"Weissert, Greg",CH,2024,45,1856,334,-0.5,0.219,0.356,0.346,0.01
"Chivilli, Angel",CH,2025,195,1856,448,7.2,-0.061,0.426,0.323,0.103
"Baker, Bryan",CH,2025,144,1858,432,7.9,-0.082,0.354,0.376,-0.022
"Bradford, Cody",CH,2023,59,1859,224,12,-0.002,0.288,0.324,-0.036
"Winans, Allan",CH,2023,87,1859,285,2.2,-0.146,0.299,0.25,0.049
"Myers, Tobias",CH,2024,96,1859,362,12.6,-0.009,0.427,0.352,0.075
"Suarez, Robert",CH,2026,88,1859,540,7.2,0.028,0.364,0.351,0.012
"Banks, Tanner",CH,2024,64,1863,364,6.5,-0.036,0.156,0.276,-0.119
"Baz, Shane",CH,2026,71,1866,494,9.3,0.021,0.155,0.295,-0.14
"Skenes, Paul",CH,2026,148,1866,316,6.6,0.002,0.351,0.321,0.031
"Rodriguez, Eduardo",CH,2026,259,1867,415,6,0.033,0.22,0.273,-0.053
"Weaver, Luke",CH,2024,190,1868,608,4.5,-0.104,0.458,0.323,0.135
"King, Michael",CH,2026,311,1870,412,4.4,0.147,0.27,0.28,-0.01
"France, J.P.",CH,2023,87,1871,647,10.3,0.253,0.276,0.307,-0.032
"Faedo, Alex",CH,2024,89,1871,556,2,-0.044,0.225,0.295,-0.07
"Ross, Joe",CH,2024,50,1871,276,6.4,0.07,0.16,0.24,-0.08
"Kelly, Kevin",CH,2026,93,1871,171,-8.1,-0.064,0.269,0.252,0.017
"Ureña, José",CH,2025,109,1872,276,9,0.001,0.211,0.293,-0.082
"Boyd, Matthew",CH,2024,91,1873,468,5.7,-0.069,0.352,0.309,0.043
"Fedde, Erick",CH,2026,71,1873,221,4,-0.135,0.254,0.198,0.056
"Jax, Griffin",CH,2026,175,1874,656,3.6,-0.066,0.411,0.355,0.056
"Aldegheri, Sam",CH,2026,105,1874,319,9.3,-0.011,0.333,0.309,0.025
"Rodriguez, Grayson",CH,2023,173,1875,447,1.6,-0.146,0.272,0.337,-0.066
"Burns, Chase",CH,2026,41,1876,755,10.2,0.064,0.317,0.353,-0.036
"Vesia, Alex",CH,2026,46,1876,612,15.9,0.009,0.543,0.359,0.184
"Chavez, Jesse",CH,2024,64,1878,257,2.3,0.043,0.141,0.215,-0.074
"Sale, Chris",CH,2024,201,1879,341,0.2,0.028,0.224,0.235,-0.012
"Griffin, Foster",CH,2026,87,1879,314,7.7,-0.019,0.345,0.31,0.035
"Weathers, Ryan",CH,2025,94,1880,481,3,-0.236,0.404,0.363,0.041
"Middleton, Keynan",CH,2023,83,1881,465,6.9,-0.054,0.386,0.31,0.075
"Hancock, Emerson",CH,2024,116,1881,466,3,0.027,0.233,0.273,-0.04
"Bachman, Sam",CH,2026,45,1881,466,-2.5,-0.107,0.311,0.334,-0.023
"Erceg, Lucas",CH,2026,48,1883,114,6.1,-0.035,0.188,0.309,-0.121
"Johnson, Ryan",FS,2026,103,1883,474,2,-0.097,0.34,0.254,0.086
"De Los Santos, Enyel",CH,2026,106,1884,360,7.7,0.054,0.377,0.316,0.061
"Sánchez, Cristopher",CH,2023,200,1886,102,-1.7,-0.039,0.415,0.353,0.062
"Yarbrough, Ryan",CH,2024,127,1886,-15,2.5,-0.066,0.213,0.266,-0.053
"Anderson, Tyler",CH,2024,530,1886,357,12.4,-0.013,0.37,0.372,-0.002
"Houck, Tanner",FS,2025,69,1887,341,-3,0.066,0.188,0.209,-0.021
"Jax, Griffin",CH,2024,99,1888,593,2.2,-0.073,0.444,0.375,0.07
"Williamson, Brandon",CH,2026,59,1888,388,7.5,0.003,0.39,0.291,0.099
"Prielipp, Connor",CH,2026,71,1889,401,3.9,-0.09,0.169,0.31,-0.141
"Bielak, Brandon",CH,2023,43,1891,455,5.1,0.129,0.256,0.21,0.046
"Weaver, Luke",CH,2026,130,1891,544,5.4,-0.159,0.392,0.326,0.066
"Lodolo, Nick",CH,2026,132,1892,396,0.8,-0.017,0.205,0.225,-0.021
"Gómez, Yoendrys",CH,2025,42,1893,542,6.4,0.065,0.167,0.259,-0.093
"Roupp, Landen",CH,2026,215,1893,255,-2.6,0.018,0.274,0.254,0.021
"Peralta, Sammy",CH,2023,53,1894,228,-2.3,0.086,0.226,0.203,0.023
"Ashcraft, Braxton",FS,2026,40,1894,448,6.1,-0.011,0.1,0.264,-0.164
"Paddack, Chris",CH,2024,196,1896,315,4.5,-0.04,0.219,0.294,-0.075
"Bibee, Tanner",CH,2026,125,1896,436,13.6,0.029,0.312,0.346,-0.034
"Castillo, Luis",CH,2023,116,1897,293,1.5,0.026,0.319,0.272,0.047
"Castillo, Luis",CH,2024,211,1898,210,-0.1,0.018,0.237,0.25,-0.013
"Taillon, Jameson",CH,2024,53,1898,478,9.9,0.05,0.132,0.225,-0.093
"Vodnik, Victor",CH,2025,112,1898,418,1.7,-0.022,0.438,0.33,0.108
"Woo, Bryan",CH,2024,81,1899,362,4.1,-0.049,0.198,0.278,-0.081
"Dunning, Dane",CH,2024,92,1900,222,5.3,0.157,0.272,0.211,0.061
"Horton, Cade",CH,2025,108,1902,572,8.3,0.032,0.454,0.331,0.122
"Woodruff, Brandon",CH,2025,97,1902,429,8.5,-0.033,0.351,0.314,0.037
"Suárez, Andrew",CH,2023,42,1903,-12,12.5,0.019,0.333,0.314,0.019
"Yarbrough, Ryan",CH,2025,94,1909,64,-1.8,-0.069,0.404,0.314,0.09
"Whisenhunt, Carson",CH,2026,57,1909,371,7.3,0.026,0.474,0.335,0.139
"Cecconi, Slade",CH,2024,76,1911,448,6.6,-0.051,0.263,0.334,-0.071
"Brazobán, Huascar",CH,2023,42,1912,368,0.3,-0.104,0.476,0.293,0.183
"Moore, Matt",CH,2024,134,1912,340,7.4,-0.005,0.284,0.314,-0.031
"Anderson, Tyler",CH,2025,408,1914,302,12.3,-0.047,0.375,0.357,0.018
"De Los Santos, Enyel",CH,2025,91,1915,375,7.8,0.078,0.297,0.308,-0.011
"Buttó, José",CH,2025,75,1915,404,3,-0.041,0.293,0.277,0.016
"Iglesias, Raisel",CH,2026,130,1915,416,4.6,-0.008,0.377,0.275,0.102
"Ashby, Aaron",CH,2025,64,1917,242,3.5,-0.013,0.281,0.331,-0.05
"Stroman, Marcus",FS,2024,130,1918,424,3.8,0.186,0.208,0.211,-0.003
"Urías, Julio",CH,2023,75,1922,583,6.7,0.106,0.307,0.264,0.043
"Miller, Shelby",FS,2025,105,1922,528,4.6,-0.109,0.438,0.345,0.094
"Luzardo, Jesús",CH,2024,128,1926,273,8.6,0.019,0.336,0.315,0.021
"Molina, Anthony",CH,2025,47,1926,222,6.2,-0.057,0.234,0.293,-0.059
"Yarbrough, Ryan",CH,2023,80,1928,-23,5,-0.023,0.3,0.248,0.052
"Adams, Travis",CH,2026,78,1928,507,4.9,0.041,0.385,0.301,0.084
"Bassitt, Chris",CH,2023,53,1929,222,8.3,0.165,0.132,0.282,-0.15
"Bassitt, Chris",CH,2024,55,1930,221,7.6,0.144,0.164,0.278,-0.115
"Peralta, Freddy",CH,2025,300,1930,515,3.6,0.022,0.34,0.328,0.012
"Erceg, Lucas",CH,2023,60,1932,56,6.9,-0.028,0.383,0.299,0.085
"Luzardo, Jesús",CH,2025,285,1933,307,7.3,0.045,0.351,0.328,0.023
"Rodriguez, Eduardo",CH,2025,264,1935,360,5.9,0.066,0.277,0.266,0.011
"Cavalli, Cade",CH,2026,68,1935,319,4.3,0.125,0.191,0.321,-0.13
"Ribalta, Orlando",CH,2025,56,1936,648,13.2,-0.012,0.411,0.353,0.058
"Peralta, Freddy",CH,2026,209,1936,489,2.6,0.052,0.263,0.297,-0.033
"Loup, Aaron",CH,2023,41,1937,326,-1.9,0.064,0.341,0.314,0.028
"Yarbrough, Ryan",CH,2026,90,1937,57,0.3,-0.053,0.311,0.295,0.016
"Castillo, Luis",CH,2026,116,1937,280,-0.5,0.062,0.181,0.257,-0.076
"Iglesias, Raisel",CH,2023,90,1939,364,5.1,-0.025,0.289,0.269,0.02
"Weathers, Ryan",CH,2026,242,1940,389,0.9,-0.307,0.343,0.306,0.037
"Luzardo, Jesús",CH,2023,126,1941,270,7,-0.001,0.333,0.32,0.013
"Miller, Erik",CH,2025,57,1942,373,2.1,0.056,0.228,0.362,-0.133
"Vodnik, Victor",CH,2026,45,1944,304,3,0.048,0.244,0.321,-0.076
"Adams, Travis",CH,2025,45,1945,469,4.4,0.094,0.311,0.295,0.016
"González, Victor",CH,2024,49,1947,265,4,-0.003,0.204,0.212,-0.008
"Erceg, Lucas",CH,2025,76,1948,82,6.9,-0.022,0.237,0.286,-0.05
"Ross, Joe",CH,2025,40,1951,248,5.1,0.16,0.075,0.21,-0.135
"Pfaadt, Brandon",CH,2023,61,1952,476,3.2,0.084,0.311,0.297,0.015
"Rodriguez, Eduardo",CH,2024,90,1952,315,6.3,0.074,0.256,0.233,0.022
"Cole, Gerrit",CH,2026,76,1952,381,8.6,0.028,0.211,0.348,-0.138
"Lowder, Rhett",CH,2026,119,1954,306,0.1,0.015,0.261,0.289,-0.029
"Hatch, Thomas",CH,2023,60,1955,530,3.9,-0.44,0.3,0.338,-0.038
"Nelson, Ryne",CH,2024,119,1955,259,10.2,0.014,0.176,0.326,-0.149
"Brazobán, Huascar",CH,2024,146,1956,320,1.5,-0.104,0.384,0.287,0.097
"Contreras, Roansy",CH,2024,51,1957,353,10.3,0.079,0.216,0.264,-0.049
"Gore, MacKenzie",CH,2026,98,1957,232,10,0.028,0.367,0.341,0.026
"Harrison, Kyle",CH,2024,206,1958,246,1.1,-0.005,0.204,0.199,0.004
"Bibee, Tanner",CH,2025,217,1958,454,11.5,-0.04,0.378,0.344,0.033
"Alcantara, Sandy",CH,2023,161,1959,356,3.2,-0.033,0.236,0.291,-0.055
"Harris, Hogan",CH,2023,42,1963,262,10,-0.01,0.429,0.365,0.064
"Montero, Keider",CH,2025,87,1963,252,7,0.016,0.207,0.278,-0.071
"Hatch, Thomas",CH,2025,41,1964,538,8,0.022,0.146,0.196,-0.05
"Olson, Reese",CH,2025,144,1967,264,0.2,-0.136,0.465,0.289,0.176
"Olson, Reese",CH,2024,188,1968,201,0.9,-0.154,0.378,0.279,0.099
"Weaver, Luke",CH,2025,165,1968,468,7.2,-0.076,0.418,0.309,0.11
"Blach, Ty",CH,2024,146,1970,138,-1.4,0.003,0.192,0.202,-0.01
"Paxton, James",CH,2024,44,1970,114,9.6,-0.073,0.295,0.327,-0.032
"Woo, Bryan",CH,2026,61,1970,322,2.7,-0.061,0.164,0.299,-0.135
"Lord, Brad",CH,2025,135,1972,333,5.9,0.006,0.178,0.259,-0.081
"Cavalli, Cade",CH,2025,54,1973,324,6.1,0.134,0.407,0.343,0.064
"Castillo, Luis",CH,2025,150,1973,185,-0.4,0.006,0.24,0.24,0
"Gibson, Cade",CH,2025,67,1975,285,1.9,-0.085,0.134,0.248,-0.113
"Bennett, Jake",CH,2026,131,1976,135,5.6,-0.036,0.351,0.301,0.05
"Brogdon, Connor",CH,2026,51,1979,343,8.1,-0.006,0.235,0.306,-0.071
"Latz, Jacob",CH,2025,165,1981,301,9.9,-0.01,0.4,0.367,0.033
"Schultz, Noah",CH,2026,58,1981,532,3,0.005,0.241,0.267,-0.026
"Boyle, Joe",FS,2025,56,1982,600,2.8,0.088,0.25,0.346,-0.096
"Lorenzen, Michael",CH,2025,206,1982,349,9,0.019,0.413,0.297,0.115
"Brazobán, Huascar",CH,2025,197,1983,282,2,-0.102,0.299,0.281,0.018
"Harrison, Kyle",CH,2023,41,1985,259,3.5,0.002,0.171,0.237,-0.067
"Smith, Will",CH,2024,45,1986,226,11.4,0.02,0.244,0.239,0.006
"Abbott, Andrew",CH,2025,281,1988,322,10.2,0,0.242,0.3,-0.058
"Iglesias, Raisel",CH,2025,165,1991,358,4.4,-0.027,0.394,0.279,0.115
"Abbott, Andrew",CH,2026,169,1992,368,8.9,-0.047,0.361,0.256,0.105
"Bibee, Tanner",CH,2024,235,1993,507,11.6,0.07,0.264,0.327,-0.063
"Lodolo, Nick",CH,2024,167,1997,348,1.1,-0.037,0.246,0.267,-0.021
"Ferrer, José A.",CH,2023,54,1999,117,5,-0.018,0.333,0.356,-0.023
"Montero, Keider",CH,2026,106,2002,224,8.9,0.033,0.283,0.272,0.011
"Blach, Ty",CH,2023,110,2003,185,-1.4,0,0.218,0.202,0.016
"Martin, Davis",CH,2024,91,2003,386,0.6,-0.148,0.187,0.27,-0.083
"Jarvis, Bryce",CH,2024,50,2006,161,5.1,0.023,0.3,0.324,-0.024
"Woodruff, Brandon",CH,2023,84,2007,390,9.1,-0.037,0.321,0.344,-0.023
"Sheehan, Emmet",CH,2023,64,2009,269,4.3,-0.124,0.453,0.325,0.128
"Ryan, Joe",FS,2024,224,2009,226,0.1,-0.179,0.246,0.268,-0.023
"Erceg, Lucas",CH,2024,93,2012,49,6.7,-0.032,0.355,0.313,0.042
"King, Michael",CH,2025,144,2013,323,4.9,0.119,0.257,0.309,-0.052
"Latz, Jacob",CH,2024,104,2015,320,11.1,0.013,0.365,0.363,0.003
"Martinez, Nick",CH,2025,247,2015,313,5.1,-0.144,0.287,0.299,-0.012
"Rangel, Alan",CH,2026,91,2015,264,12.7,-0.053,0.363,0.376,-0.013
"Sánchez, Cristopher",CH,2024,523,2018,89,0.5,-0.064,0.319,0.372,-0.052
"Ryan, Joe",FS,2025,116,2018,249,0.8,-0.168,0.216,0.26,-0.044
"Martinez, Nick",CH,2023,126,2023,345,5.2,-0.094,0.524,0.33,0.194
"Lorenzen, Michael",CH,2024,201,2023,350,9.1,0.026,0.363,0.29,0.073
"Suárez, Albert",CH,2024,192,2023,322,7.9,0.064,0.208,0.302,-0.094
"Brogdon, Connor",CH,2025,196,2023,280,7.1,0.007,0.321,0.326,-0.004
"Gore, MacKenzie",CH,2024,121,2024,228,9.5,-0.01,0.488,0.392,0.095
"Brieske, Beau",CH,2023,79,2026,415,6,0.05,0.316,0.32,-0.004
"Morgan, Eli",CH,2023,98,2026,252,3.7,-0.046,0.327,0.265,0.061
"Adon, Joan",CH,2023,58,2027,184,4.5,-0.085,0.31,0.259,0.051
"Moore, Matt",CH,2023,75,2027,319,8.1,-0.006,0.373,0.359,0.015
"Adam, Jason",CH,2025,180,2028,561,3.3,-0.116,0.328,0.316,0.011
"Bellozo, Valente",CH,2025,86,2029,328,4.5,-0.006,0.256,0.286,-0.03
"Suárez, Albert",CH,2026,60,2029,238,8.5,0.062,0.217,0.296,-0.079
"Ober, Bailey",CH,2025,374,2030,243,5.8,0.09,0.286,0.303,-0.016
"Soriano, George",CH,2023,60,2031,93,1.1,0.114,0.333,0.262,0.071
"Bellozo, Valente",CH,2024,64,2031,221,6.3,0.002,0.297,0.256,0.041
"Ferrer, José A.",CH,2024,46,2032,88,3.8,-0.005,0.37,0.389,-0.019
"Leclerc, José",CH,2024,52,2033,499,12.2,0.052,0.481,0.274,0.207
"Beeks, Jalen",CH,2024,117,2034,139,8.7,-0.017,0.376,0.269,0.107
"Bibee, Tanner",CH,2023,102,2036,455,12.5,0.073,0.314,0.317,-0.004
"Ober, Bailey",CH,2024,459,2036,265,5.8,0.066,0.388,0.312,0.076
"Keller, Mitch",CH,2025,100,2036,395,2.3,-0.142,0.15,0.248,-0.098
"Sánchez, Cristopher",CH,2026,438,2036,96,-0.6,-0.068,0.434,0.407,0.026
"Beeks, Jalen",CH,2026,74,2036,150,9.3,-0.017,0.351,0.242,0.109
"Burnes, Corbin",CH,2024,140,2037,675,6.6,0.034,0.35,0.305,0.045
"Lorenzen, Michael",CH,2023,125,2038,348,8.7,0.011,0.28,0.299,-0.019
"Brazobán, Huascar",CH,2026,157,2038,238,3,-0.074,0.299,0.245,0.054
"Sánchez, Cristopher",CH,2025,571,2039,96,-1.2,-0.081,0.427,0.406,0.021
"Patrick, Chad",CH,2025,50,2039,307,4.1,-0.175,0.14,0.255,-0.115
"King, Michael",CH,2024,410,2041,236,4.9,0.135,0.327,0.297,0.03
"Skenes, Paul",CH,2024,62,2041,215,3.6,-0.04,0.548,0.441,0.107
"Iglesias, Raisel",CH,2024,177,2041,255,4.6,-0.007,0.311,0.301,0.009
"Vásquez, Randy",CH,2026,40,2043,484,4.4,0.045,0.3,0.298,0.002
"Wentz, Joey",CH,2023,56,2044,186,9.1,0,0.357,0.3,0.057
"Abbott, Andrew",CH,2023,89,2047,161,10.1,-0.015,0.371,0.244,0.127
"Englert, Mason",CH,2024,53,2048,127,-0.4,-0.26,0.377,0.278,0.1
"Wentz, Joey",CH,2024,93,2050,291,10.4,0.032,0.398,0.317,0.081
"Ober, Bailey",CH,2026,234,2052,206,6.6,0.13,0.231,0.25,-0.019
"Bielak, Brandon",CH,2024,65,2053,273,4,0.068,0.138,0.189,-0.051
"Chandler, Bubba",CH,2025,43,2053,367,6.3,0.026,0.395,0.354,0.042
"Avila, Luinder",CH,2026,51,2053,405,6.2,0.113,0.353,0.303,0.05
"Brubaker, JT",CH,2026,47,2054,144,5.8,-0.044,0.149,0.179,-0.03
"Lorenzen, Michael",CH,2026,170,2054,319,7.8,0.037,0.3,0.294,0.006
"Brzykcy, Zach",CH,2025,53,2057,231,9.4,0.009,0.434,0.291,0.143
"Adam, Jason",CH,2026,86,2060,433,3.2,-0.056,0.279,0.271,0.008
"Latz, Jacob",CH,2026,68,2060,261,11.7,-0.007,0.412,0.353,0.059
"Montero, Rafael",CH,2023,60,2062,270,6.2,0.034,0.3,0.205,0.095
"Harris, Hogan",CH,2024,75,2062,188,9.2,-0.021,0.227,0.346,-0.119
"Akin, Keegan",CH,2025,114,2062,306,8.9,0.024,0.246,0.266,-0.02
"Stratton, Chris",CH,2024,51,2063,307,2.9,-0.049,0.235,0.242,-0.007
"Martin, Davis",CH,2025,290,2063,349,1.2,-0.133,0.169,0.233,-0.064
"Chandler, Bubba",CH,2026,137,2065,336,7.4,-0.004,0.241,0.363,-0.122
"Akin, Keegan",CH,2024,63,2066,353,9.6,0.033,0.254,0.311,-0.057
"Ragans, Cole",CH,2025,109,2067,514,11.4,0.008,0.486,0.407,0.08
"Evans, Logan",CH,2025,72,2068,250,2.3,-0.027,0.194,0.207,-0.012
"López, Pablo",CH,2023,151,2071,130,6.3,0.115,0.272,0.282,-0.011
"Dollander, Chase",CH,2025,61,2071,360,4.3,0.03,0.213,0.314,-0.101
"Santana, Dennis",CH,2024,49,2073,451,7.6,-0.019,0.347,0.284,0.063
"Vásquez, Randy",CH,2025,59,2073,349,5.2,0.056,0.153,0.261,-0.109
"Whisenhunt, Carson",CH,2025,81,2073,192,7.1,-0.051,0.37,0.332,0.038
"Ragans, Cole",CH,2023,154,2074,456,10.3,0.02,0.37,0.398,-0.028
"Pfaadt, Brandon",CH,2024,148,2074,420,3.7,0.101,0.284,0.277,0.007
"Gaddis, Hunter",CH,2025,51,2074,229,8,0.008,0.451,0.347,0.103
"Walter, Brandon",CH,2025,72,2074,154,0.1,0.055,0.403,0.284,0.118
"Englert, Mason",CH,2026,86,2075,145,1,-0.29,0.291,0.27,0.02
"Hendricks, Kyle",CH,2025,534,2077,-77,8.3,-0.109,0.238,0.236,0.002
"Hart, Kyle",CH,2025,44,2078,88,6.2,0.112,0.318,0.272,0.047
"Burnes, Corbin",CH,2023,64,2082,554,6.6,0.024,0.266,0.23,0.036
"Morales, Luis",CH,2025,48,2082,442,10.8,0.042,0.25,0.268,-0.018
"Pressly, Ryan",CH,2024,47,2083,479,4.5,-0.125,0.319,0.239,0.08
"Montero, Rafael",CH,2024,73,2085,278,5.4,0.03,0.11,0.221,-0.111
"Hall, DL",CH,2024,72,2087,55,9.4,0.148,0.319,0.316,0.003
"Ragans, Cole",CH,2026,52,2087,480,12,-0.002,0.404,0.408,-0.004
"Whitlock, Garrett",CH,2024,45,2089,-132,1.6,-0.056,0.133,0.323,-0.19
"Gore, MacKenzie",CH,2025,125,2091,146,8.3,0.002,0.472,0.365,0.107
"Pfaadt, Brandon",CH,2026,77,2093,364,4,0.112,0.221,0.26,-0.039
"Brieske, Beau",CH,2024,177,2094,406,6.1,-0.004,0.299,0.308,-0.008
"Alcantara, Sandy",CH,2025,356,2094,227,4.7,-0.03,0.258,0.292,-0.034
"Burke, Brock",CH,2024,53,2096,122,4.7,-0.153,0.377,0.344,0.033
"Martinez, Nick",CH,2024,258,2096,250,6.6,-0.084,0.399,0.315,0.084
"Crochet, Garrett",CH,2024,54,2098,441,9.1,0.123,0.315,0.29,0.025
"Hall, DL",CH,2025,50,2098,155,8.6,0.06,0.24,0.334,-0.094
"Ober, Bailey",CH,2023,189,2099,213,5.2,0.088,0.312,0.287,0.025
"Marinaccio, Ron",CH,2024,58,2099,120,0.4,-0.041,0.276,0.305,-0.029
"Wells, Tyler",CH,2025,49,2102,315,13,0.029,0.204,0.238,-0.034
"Englert, Mason",CH,2025,129,2102,184,0.5,-0.31,0.333,0.275,0.058
"Sale, Chris",CH,2023,48,2103,119,3,0.046,0.333,0.242,0.091
"Gordon, Tanner",CH,2025,153,2104,151,7.4,-0.05,0.248,0.264,-0.015
"Heaney, Andrew",CH,2024,268,2106,291,5.7,-0.001,0.235,0.233,0.002
"Alcantara, Sandy",CH,2026,263,2106,160,2.7,-0.065,0.274,0.284,-0.01
"Urquidy, José",CH,2023,70,2107,137,11.2,-0.003,0.3,0.264,0.036
"Heaney, Andrew",CH,2025,177,2107,267,4.9,0.002,0.181,0.216,-0.035
"Abbott, Andrew",CH,2024,167,2108,147,12.4,0.024,0.246,0.308,-0.063
"López, Pablo",CH,2024,308,2108,81,6.6,0.111,0.24,0.294,-0.054
"Burke, Brock",CH,2026,69,2108,177,7.7,-0.121,0.275,0.375,-0.099
"De Jesus, Enmanuel",CH,2026,48,2108,290,7.7,-0.077,0.292,0.299,-0.008
"Baz, Shane",CH,2025,147,2109,320,9,0.013,0.272,0.309,-0.037
"Akin, Keegan",CH,2026,55,2109,251,8.9,0.036,0.2,0.265,-0.065
"Heaney, Andrew",CH,2023,95,2110,312,5.9,-0.001,0.2,0.25,-0.05
"Webb, Jacob",CH,2023,67,2110,381,9.9,0.115,0.433,0.325,0.107
"Musgrove, Joe",CH,2024,59,2110,557,3.7,-0.013,0.305,0.221,0.084
"Martin, Davis",CH,2026,136,2111,334,0.9,-0.131,0.125,0.225,-0.1
"Bido, Osvaldo",CH,2024,69,2112,207,9.4,0.037,0.333,0.246,0.087
"Brieske, Beau",CH,2025,45,2114,388,6,-0.096,0.267,0.283,-0.017
"Thorpe, Drew",CH,2024,137,2116,141,14.7,0.069,0.365,0.308,0.057
"Harris, Hogan",CH,2025,63,2118,183,14,0.009,0.222,0.38,-0.158
"Burke, Brock",CH,2025,127,2120,115,5.1,-0.149,0.244,0.351,-0.107
"Hernández, Jonathan",CH,2024,48,2121,118,5.5,0.045,0.396,0.3,0.096
"Kochanowicz, Jack",CH,2025,147,2121,46,2.5,-0.186,0.265,0.253,0.012
"King, Michael",CH,2023,63,2122,227,6.8,0.15,0.444,0.31,0.135
"Pfaadt, Brandon",CH,2025,229,2122,429,4.1,0.109,0.249,0.274,-0.025
"Elder, Bryce",CH,2023,77,2123,-95,3,-0.179,0.156,0.213,-0.057
"Kelly, Merrill",CH,2023,165,2125,185,0.3,0.048,0.279,0.249,0.03
"Gordon, Tanner",CH,2026,111,2126,105,9.2,-0.008,0.216,0.243,-0.027
"Olson, Reese",CH,2023,92,2127,72,-0.3,-0.178,0.304,0.279,0.025
"Means, John",CH,2023,75,2128,288,16.6,-0.029,0.2,0.38,-0.18
"Whitlock, Garrett",CH,2023,49,2128,-45,3.6,-0.094,0.327,0.352,-0.026
"Ryan, Joe",FS,2026,118,2133,138,2.9,-0.092,0.22,0.234,-0.014
"Beeks, Jalen",CH,2025,160,2138,41,9.7,-0.021,0.331,0.255,0.076
"Gonzales, Marco",CH,2024,81,2139,-69,4,-0.017,0.284,0.254,0.03
"Gordon, Tanner",CH,2024,75,2141,46,12.5,-0.021,0.213,0.252,-0.038
"Gaddis, Hunter",CH,2024,59,2149,180,7.9,0.049,0.288,0.332,-0.044
"Morgan, Eli",CH,2024,94,2150,110,2.8,-0.079,0.213,0.255,-0.042
"Uceta, Edwin",CH,2025,256,2150,299,-0.3,-0.11,0.352,0.3,0.052
"Ohl, Pierson",CH,2025,125,2150,99,5.1,-0.155,0.304,0.294,0.01
"Lopez, Jacob",CH,2026,54,2152,40,4.2,0.017,0.222,0.245,-0.022
"Lopez, Jacob",CH,2025,100,2153,1,5,0.032,0.3,0.282,0.018
"Means, John",CH,2024,50,2154,216,16.4,0.031,0.36,0.328,0.032
"Peralta, Wandy",CH,2024,126,2155,2,4.8,-0.106,0.198,0.282,-0.084
"Hendricks, Kyle",CH,2023,317,2156,-103,8.3,-0.101,0.338,0.244,0.093
"Ragans, Cole",CH,2024,406,2159,388,12.3,-0.004,0.453,0.407,0.046
"Webb, Jacob",CH,2024,135,2160,315,9.2,0.115,0.341,0.321,0.02
"Kelly, Merrill",CH,2025,440,2161,176,0,-0.046,0.323,0.255,0.067
"Bido, Osvaldo",CH,2025,61,2162,219,9.8,0.027,0.213,0.211,0.002
"Adam, Jason",CH,2024,152,2169,478,3.9,-0.09,0.362,0.322,0.04
"Jacob, Alek",CH,2025,96,2169,148,1.9,0.092,0.208,0.26,-0.052
"Kelly, Merrill",CH,2026,259,2171,175,0.2,-0.058,0.305,0.251,0.054
"Morton, Charlie",CH,2024,157,2172,85,0.2,0.085,0.318,0.291,0.027
"Hendricks, Kyle",CH,2024,439,2174,-148,8.2,-0.129,0.221,0.242,-0.021
"Peralta, Wandy",CH,2023,64,2175,13,5.5,-0.126,0.422,0.303,0.119
"Peralta, Wandy",CH,2025,211,2175,-64,4.9,-0.112,0.336,0.287,0.05
"Morton, Charlie",CH,2023,52,2177,157,0.2,0.068,0.25,0.293,-0.043
"Kelly, Merrill",CH,2024,119,2180,178,1,-0.031,0.286,0.217,0.069
"Ferrer, José A.",CH,2025,134,2180,-59,0.8,-0.058,0.47,0.41,0.061
"Vásquez, Randy",CH,2024,96,2183,281,6.3,0.076,0.104,0.248,-0.144
"Uceta, Edwin",CH,2024,120,2185,269,-0.1,-0.101,0.358,0.32,0.038
"Peralta, Wandy",CH,2026,160,2189,-98,3.8,-0.111,0.262,0.29,-0.028
"Kochanowicz, Jack",CH,2026,135,2193,3,0.8,-0.197,0.311,0.275,0.037
"Kelly, Zack",CH,2024,91,2194,105,0.3,-0.014,0.319,0.336,-0.018
"Elder, Bryce",CH,2025,131,2194,-64,4.9,-0.176,0.168,0.235,-0.068
"Soroka, Michael",CH,2026,77,2194,316,3.4,0.054,0.195,0.278,-0.083
"Irvin, Jake",CH,2025,115,2197,133,4.8,-0.067,0.148,0.253,-0.105
"Soroka, Michael",CH,2024,52,2201,236,7.5,0.11,0.115,0.286,-0.171
"Senzatela, Antonio",CH,2025,73,2205,29,7,-0.168,0.205,0.25,-0.044
"Marinaccio, Ron",CH,2026,115,2207,-26,0.6,-0.029,0.235,0.294,-0.059
"Saucedo, Tayler",CH,2024,74,2209,79,3.1,0.117,0.378,0.237,0.142
"Morgan, Eli",CH,2026,57,2215,69,3.6,-0.126,0.175,0.223,-0.047
"Wells, Tyler",CH,2026,110,2216,212,13.9,0.026,0.327,0.294,0.033
"Gaddis, Hunter",CH,2026,42,2220,37,8.8,0.041,0.357,0.35,0.007
"Soroka, Michael",CH,2025,62,2223,279,7.9,0.083,0.194,0.294,-0.101
"Irvin, Jake",CH,2024,41,2225,146,4.3,-0.017,0.317,0.235,0.082
"Saucedo, Tayler",CH,2023,46,2228,128,2.5,0.082,0.326,0.252,0.074
"Elder, Bryce",CH,2024,51,2228,-176,6.2,-0.114,0.275,0.218,0.057
"Miller, Bobby",CH,2024,75,2247,36,8.6,-0.01,0.347,0.373,-0.026
"Whitlock, Garrett",CH,2026,58,2253,-88,1.1,-0.127,0.345,0.332,0.013
"Webb, Jacob",CH,2026,177,2257,201,8.8,0.108,0.412,0.32,0.093
"Webb, Jacob",CH,2025,188,2260,211,10.9,0.119,0.356,0.305,0.051
"Javier, Cristian",CH,2025,67,2262,71,6.7,-0.117,0.343,0.287,0.056
"Morillo, Juan",CH,2026,74,2264,-41,7.3,0.066,0.311,0.299,0.012
"Woods Richardson, Simeon",CH,2024,202,2265,-78,9.8,-0.109,0.198,0.303,-0.105
"Seabold, Connor",CH,2026,41,2270,-77,0.9,-0.122,0.146,0.278,-0.131
"Ferrer, José A.",CH,2026,55,2278,-143,5,-0.026,0.345,0.397,-0.052
"Herz, DJ",CH,2024,193,2282,41,6,-0.072,0.254,0.306,-0.052
"Whitlock, Garrett",CH,2025,142,2286,-94,0.1,-0.134,0.31,0.354,-0.044
"Garcia, Rico",CH,2025,60,2291,215,14.4,-0.008,0.283,0.309,-0.026
"Martinez, Adrián",CH,2023,72,2299,-182,-4.5,-0.241,0.319,0.295,0.025
"Anderson, Chase",CH,2024,139,2306,70,11.9,0.072,0.252,0.294,-0.042
"Matz, Steven",CH,2024,95,2311,-115,0.9,-0.168,0.211,0.254,-0.044
"Anderson, Chase",CH,2023,67,2314,17,11.6,0.061,0.299,0.285,0.014
"Miller, Bobby",CH,2023,91,2315,18,9.3,-0.025,0.374,0.39,-0.016
"Matz, Steven",CH,2023,84,2335,-119,1,-0.16,0.214,0.261,-0.046
"Santana, Dennis",CH,2026,54,2346,86,4.7,-0.074,0.278,0.264,0.014
"Matz, Steven",CH,2026,148,2347,-144,0.8,-0.159,0.23,0.255,-0.025
"Kowar, Jackson",CH,2023,63,2349,-339,3.3,-0.125,0.254,0.329,-0.075
"Blubaugh, AJ",CH,2026,114,2357,-88,3.2,-0.22,0.325,0.324,0
"Blubaugh, AJ",CH,2025,50,2360,13,7.3,-0.133,0.32,0.303,0.017
"Garcia, Rico",CH,2026,101,2364,135,13.4,-0.011,0.465,0.313,0.152
"Pepiot, Ryan",CH,2023,128,2373,-39,4.6,-0.098,0.305,0.29,0.015
"Javier, Cristian",CH,2024,70,2407,-99,5.7,-0.213,0.214,0.293,-0.079
"Matz, Steven",CH,2025,112,2431,-186,-0.2,-0.177,0.188,0.264,-0.077
"Germán, Domingo",CH,2024,47,2451,140,9.2,-0.023,0.213,0.235,-0.022
"Pepiot, Ryan",CH,2024,245,2474,-83,2.3,-0.17,0.265,0.306,-0.041
"Yoho, Craig",CH,2026,76,2506,-57,-4.1,-0.121,0.329,0.361,-0.032
"Henderson, Logan",CH,2025,80,2509,-170,5.2,-0.034,0.238,0.294,-0.057
"Pepiot, Ryan",CH,2025,348,2511,-85,2.1,-0.183,0.276,0.308,-0.032
"Richards, Trevor",CH,2023,144,2547,-292,1.5,-0.308,0.479,0.339,0.14
"Richards, Trevor",CH,2026,94,2553,-292,-1.2,-0.406,0.479,0.337,0.142
"Henderson, Logan",CH,2026,117,2555,-199,7.1,-0.052,0.342,0.317,0.025
"Richards, Trevor",CH,2024,236,2598,-356,-1.7,-0.393,0.275,0.309,-0.033
"Williams, Devin",CH,2026,176,2619,-283,-2,-0.019,0.369,0.356,0.013
"Williams, Devin",CH,2024,80,2715,-350,-3.4,-0.06,0.462,0.372,0.091
"Williams, Devin",CH,2023,131,2735,-385,-3.8,-0.06,0.405,0.372,0.032
"Williams, Devin",CH,2025,310,2737,-375,-4.8,-0.1,0.361,0.392,-0.031
