pitcher,season,fb_type
424144,2020,SI
425794,2020,FF
425794,2021,FF
425794,2022,FF
425794,2023,FF
425844,2020,FF
425844,2021,FF
425844,2022,FF
425844,2023,FF
429722,2021,FF
431148,2021,FF
433589,2020,FF
433589,2021,FF
434378,2022,FF
434378,2023,FF
434378,2024,FF
434378,2025,FF
434671,2020,FF
434671,2022,FF
444468,2020,FF
445213,2020,SI
445213,2021,SI
445276,2020,SI
445276,2021,SI
445276,2022,SI
445276,2023,SI
445276,2024,SI
445276,2025,SI
445276,2026,FC
445926,2020,SI
445926,2021,SI
445926,2022,SI
445926,2023,SI
445926,2024,SI
445926,2025,SI
446321,2020,FF
446321,2021,FF
446321,2022,FF
446372,2021,FF
446372,2022,SI
446372,2023,SI
448179,2020,FF
448179,2021,FF
448179,2022,FF
448179,2023,FF
448179,2025,FF
448281,2020,FF
448281,2021,FF
448855,2020,FF
448855,2021,FF
450203,2020,FF
450203,2021,FF
450203,2022,FF
450203,2023,FF
450203,2024,FF
450203,2025,FF
451584,2020,FF
451584,2021,FF
452027,2021,FF
452657,2020,FF
452657,2021,FF
453172,2020,SI
453178,2020,FF
453178,2021,FF
453178,2022,FF
453178,2023,FF
453192,2020,FF
453192,2021,FF
453265,2020,SI
453265,2021,FF
453268,2020,FF
453268,2021,FF
453268,2022,SI
453268,2023,FF
453281,2020,SI
453281,2021,FF
453284,2020,FF
453284,2021,FF
453286,2020,FF
453286,2021,FF
453286,2022,FF
453286,2023,FF
453286,2024,FF
453286,2025,FF
453286,2026,FF
453343,2020,FC
453343,2021,FC
453343,2022,FC
453562,2020,SI
453562,2021,SI
455119,2020,FF
455119,2021,FF
455119,2022,FF
455119,2023,FF
455119,2024,FF
455119,2025,FF
455119,2026,FF
456034,2021,FF
456034,2022,FF
456501,2020,FF
456501,2021,FF
456501,2022,FF
456501,2023,FF
456501,2024,SI
456701,2020,FF
456713,2022,FF
456713,2023,FF
457915,2020,FF
457915,2021,FF
457918,2020,FF
457918,2021,FF
458676,2020,FF
458676,2021,FF
458677,2020,FF
458677,2021,FF
458677,2024,FF
458677,2025,FF
458681,2020,FF
458681,2021,FF
458681,2022,FF
458681,2023,FF
458681,2024,FF
458708,2020,FF
458708,2021,FF
459429,2020,FF
459429,2021,FF
459429,2022,FF
461325,2020,FF
461325,2021,FF
461829,2020,FF
461872,2021,FF
465657,2020,FF
465657,2021,FF
467100,2020,FF
468504,2021,FF
468504,2022,FF
471911,2020,FF
471911,2021,FF
471911,2022,FF
471911,2023,FF
471911,2024,FF
471911,2025,FF
471911,2026,SI
472551,2021,SI
472551,2023,SI
472610,2020,SI
472610,2021,SI
472610,2022,SI
472610,2023,FF
472610,2024,SI
472610,2025,SI
472610,2026,SI
474463,2020,SI
474463,2021,SI
475479,2020,FF
475479,2021,FF
475479,2022,FF
476454,2020,FF
476594,2020,FF
476594,2021,FF
476595,2021,FC
476595,2022,FC
476595,2023,FC
477132,2020,FF
477132,2021,FF
477132,2022,FF
477132,2023,FF
477132,2024,FF
477132,2025,FF
488748,2020,FF
488748,2021,FF
488984,2020,SI
488984,2022,SI
488984,2023,SI
489119,2020,FC
489119,2021,FF
489119,2022,FF
489119,2023,FF
489119,2025,FC
489265,2021,SI
489265,2022,SI
489334,2020,SI
489334,2021,SI
489334,2022,SI
489446,2020,FF
489446,2022,FF
489446,2023,FF
489446,2024,FF
489446,2025,FF
489446,2026,FF
491624,2021,FF
493603,2020,SI
493603,2021,FF
493603,2022,FF
493603,2023,FF
493603,2024,FF
500610,2021,FF
500779,2020,FF
500779,2021,FF
500779,2022,FF
500779,2023,FF
500779,2024,FF
500779,2025,FF
500779,2026,FF
501381,2020,FF
501381,2021,FF
501381,2022,FF
501593,2020,SI
501625,2020,SI
501625,2021,FF
501625,2022,SI
501789,2020,FC
501789,2021,FC
501925,2021,FF
501925,2022,FF
501985,2020,FF
501985,2021,FF
501985,2022,FF
502026,2020,SI
502042,2021,FF
502042,2022,FF
502043,2020,FF
502043,2021,FF
502043,2022,FF
502043,2023,FF
502043,2024,FF
502043,2025,SI
502083,2023,FF
502085,2021,FC
502085,2022,FC
502085,2023,FC
502085,2024,FC
502085,2025,FC
502154,2020,SI
502154,2021,SI
502171,2020,SI
502171,2021,FF
502171,2022,SI
502171,2023,SI
502171,2024,SI
502179,2020,FF
502179,2021,FF
502179,2022,FF
502179,2024,FF
502188,2020,FF
502202,2020,FF
502202,2021,FF
502202,2022,FF
502202,2023,FF
502239,2020,SI
502239,2021,SI
502327,2021,FF
502522,2021,FF
502593,2021,SI
502624,2020,FF
502624,2021,FF
502624,2022,FF
502624,2023,FF
502624,2024,FF
502706,2020,SI
502706,2021,FF
503285,2020,FF
503285,2021,FF
503285,2022,FF
503449,2021,FF
503449,2022,FF
503569,2020,SI
503569,2021,SI
506433,2020,FF
506433,2021,FF
506433,2022,FF
506433,2023,FF
506433,2024,FF
506433,2025,FF
517008,2020,FF
517008,2021,FF
517008,2022,FF
518397,2020,SI
518397,2021,SI
518397,2022,SI
518397,2023,SI
518397,2024,SI
518397,2025,SI
518489,2020,FF
518489,2021,FF
518489,2022,FF
518489,2023,FF
518489,2024,FF
518489,2025,FF
518516,2020,FF
518516,2021,FF
518516,2022,FF
518516,2023,FF
518553,2020,SI
518553,2021,FF
518553,2022,FF
518585,2022,FF
518585,2023,FF
518585,2024,FF
518585,2025,FF
518585,2026,FF
518617,2020,FF
518617,2021,FF
518617,2022,FF
518617,2023,FF
518617,2024,FF
518633,2020,FF
518633,2021,FF
518748,2022,FF
518774,2020,FF
518774,2021,FF
518813,2020,FF
518813,2021,FF
518858,2020,SI
518858,2021,FF
518876,2020,FF
518876,2021,FF
518876,2022,FF
518876,2023,FF
518876,2024,FF
518876,2025,FF
518876,2026,FF
518886,2020,FF
518886,2021,FF
518886,2022,FF
518886,2023,FF
518886,2024,FF
518886,2025,FF
518886,2026,FF
519008,2020,SI
519008,2021,SI
519008,2022,SI
519008,2024,SI
519008,2025,SI
519043,2021,FF
519043,2022,FF
519043,2023,FF
519043,2024,FF
519076,2021,FF
519141,2020,FF
519141,2021,FF
519141,2025,FF
519141,2026,FF
519144,2020,FF
519151,2020,FF
519151,2021,FF
519151,2022,FF
519151,2023,FF
519151,2024,FF
519151,2025,FF
519242,2021,FF
519242,2023,FF
519242,2024,FF
519242,2025,FF
519242,2026,FF
519293,2020,FF
519293,2021,FF
519293,2022,FF
519293,2023,FF
519293,2024,FF
519326,2021,FF
519326,2022,FF
519326,2024,FF
519326,2025,FF
519393,2020,SI
519443,2020,FF
519443,2021,FF
520980,2020,FF
521230,2020,FF
521230,2021,FF
521230,2022,FF
521230,2023,FF
521230,2025,FF
521655,2020,FF
523260,2021,FF
523260,2022,SI
523260,2023,FF
523260,2024,FF
527048,2020,FF
527048,2021,FF
527048,2022,FF
527048,2023,FF
527048,2024,FF
527048,2025,SI
527048,2026,FF
527054,2020,FF
527054,2023,FF
528748,2020,FF
528748,2021,FF
528748,2022,FF
528748,2024,SI
533167,2020,FF
533167,2021,FF
534910,2020,SI
534910,2021,SI
541640,2020,SI
541640,2021,SI
541640,2022,FF
541640,2023,SI
541640,2024,SI
541640,2025,SI
542585,2020,FF
542585,2021,FF
542585,2022,FF
542585,2023,FF
542585,2024,FF
542881,2020,FF
542881,2021,FF
542881,2022,FF
542881,2023,FF
542881,2024,FF
542881,2025,FF
542882,2020,FF
542882,2021,FF
542888,2020,FF
542888,2021,FF
542888,2022,FF
542888,2023,FF
542888,2024,FF
542888,2025,FF
542888,2026,FF
542914,2020,SI
542914,2021,FF
542914,2022,FF
542914,2023,SI
542947,2020,SI
542947,2021,SI
542947,2022,SI
542947,2023,SI
542960,2020,FC
542960,2021,FF
543022,2020,SI
543022,2021,SI
543037,2020,FF
543037,2021,FF
543037,2022,FF
543037,2023,FF
543037,2024,FF
543037,2026,FF
543045,2021,FF
543056,2021,FF
543056,2022,FF
543056,2023,FF
543056,2024,FF
543056,2025,FF
543056,2026,SI
543101,2020,FF
543101,2021,FF
543101,2022,SI
543101,2023,FF
543101,2025,FF
543118,2020,FF
543135,2020,FF
543135,2021,FF
543135,2022,FF
543135,2023,FF
543135,2024,FF
543135,2025,FF
543135,2026,FF
543238,2021,FF
543238,2022,FF
543243,2020,FF
543243,2021,FF
543243,2022,FF
543243,2023,FF
543243,2024,FF
543243,2025,FF
543243,2026,FF
543272,2020,FF
543272,2021,FF
543272,2022,FF
543272,2023,FF
543294,2020,FF
543294,2021,FF
543294,2022,FF
543294,2023,FF
543294,2024,FF
543294,2025,FF
543339,2020,FF
543339,2021,FF
543339,2022,FF
543339,2024,FF
543351,2021,FF
543351,2023,FF
543351,2024,FF
543475,2020,FF
543475,2021,FF
543475,2022,FF
543475,2023,FF
543483,2020,FF
543507,2020,FF
543507,2021,FF
543507,2022,FF
543507,2023,FF
543518,2023,FF
543518,2024,FF
543518,2025,FF
543521,2021,FF
543521,2022,FC
543521,2023,FC
543548,2020,FF
543548,2021,FF
543548,2022,FF
543548,2023,FF
543594,2021,FF
543606,2020,FF
543606,2021,FF
543606,2022,FF
543699,2020,FF
543766,2020,FC
543766,2021,FC
543766,2022,SI
543766,2023,SI
543766,2024,FC
543859,2023,FF
543859,2024,FF
543859,2025,FF
543867,2020,FF
543883,2020,FF
543883,2021,FF
543901,2020,SI
543901,2021,SI
543901,2022,SI
543901,2023,SI
544150,2024,FF
544150,2025,FF
544150,2026,FF
544365,2022,FF
544727,2020,FF
544727,2021,FF
544727,2022,FF
544727,2023,FF
544931,2021,FF
545064,2020,FF
545333,2020,FF
545333,2021,FF
545343,2021,FF
545343,2022,FF
547001,2021,FF
547001,2022,FF
547001,2024,FF
547176,2021,SI
547179,2020,FF
547179,2021,FF
547179,2022,FF
547179,2023,FF
547179,2024,FF
547179,2025,FF
547179,2026,FF
547184,2023,FF
547184,2024,FF
547184,2025,FF
547888,2020,FF
547942,2020,FF
547942,2021,FF
547943,2020,FF
547943,2021,FF
547943,2022,FF
547943,2023,FF
547973,2020,FF
547973,2021,FF
547973,2022,FF
547973,2023,FF
547973,2024,FF
547973,2025,FF
547973,2026,FF
548384,2020,FC
548384,2021,FF
548384,2022,SI
548384,2023,SI
548384,2025,SI
548384,2026,SI
548389,2020,FF
548389,2021,FF
548389,2022,FF
548389,2023,FF
548389,2024,FF
552640,2020,SI
552640,2021,FF
552640,2022,SI
552640,2023,SI
552640,2024,FF
552640,2025,FF
552640,2026,SI
554340,2020,FF
554340,2021,FF
554340,2022,FF
554340,2023,FF
554340,2024,FF
554340,2025,FF
554430,2020,FF
554430,2021,FF
554430,2022,FF
554430,2023,FF
554430,2024,FF
554430,2025,FF
554430,2026,FF
554431,2020,FF
554431,2021,FF
554431,2022,FF
554431,2024,FF
554431,2025,FF
570240,2020,SI
570257,2020,FF
570257,2021,FF
570257,2022,FF
570257,2023,SI
570257,2024,SI
570488,2020,SI
570488,2021,SI
570488,2022,SI
570632,2020,FF
570632,2021,FF
570632,2022,FF
570632,2023,FF
570632,2024,FF
570632,2025,FF
570663,2020,FF
570663,2021,FF
570663,2022,FF
570666,2020,FF
570666,2021,FF
570666,2022,FF
570666,2023,FF
571446,2022,SI
571479,2022,FF
571479,2023,FF
571510,2020,FF
571510,2021,FF
571510,2022,FF
571510,2023,FF
571510,2024,FF
571510,2025,FF
571510,2026,FF
571521,2021,FF
571539,2023,SI
571539,2024,SI
571578,2020,FF
571578,2021,FF
571578,2022,FF
571578,2023,FF
571578,2024,FF
571578,2025,FF
571578,2026,FF
571656,2020,FF
571656,2021,FF
571656,2022,FF
571656,2023,FF
571656,2024,FF
571666,2020,FF
571666,2021,SI
571670,2020,SI
571670,2021,FF
571670,2022,FF
571670,2023,FF
571670,2024,FF
571676,2021,FF
571710,2020,FF
571710,2021,FF
571710,2022,FF
571735,2020,FF
571735,2021,FF
571760,2020,FF
571760,2021,FF
571760,2022,FF
571760,2023,FF
571760,2024,FF
571760,2025,FF
571800,2021,FF
571800,2022,FF
571858,2020,FF
571863,2023,FF
571871,2021,FF
571882,2021,FF
571882,2022,FC
571882,2023,FF
571882,2024,FF
571901,2020,SI
571901,2021,SI
571901,2022,SI
571901,2023,SI
571927,2020,SI
571927,2021,SI
571927,2022,SI
571927,2023,SI
571927,2024,SI
571927,2025,SI
571927,2026,SI
571945,2021,FF
571945,2022,FF
571945,2023,FF
571945,2024,FF
571945,2025,FF
571945,2026,FF
571946,2021,FF
571946,2023,FF
571946,2024,FF
571946,2025,FF
571948,2020,FF
571948,2021,FF
571948,2022,FF
571948,2023,FF
571948,2024,FF
571948,2025,FF
571948,2026,FF
572020,2020,FF
572020,2023,FF
572020,2024,FF
572021,2020,SI
572070,2020,FF
572070,2021,FF
572070,2022,FF
572096,2020,FF
572125,2020,FF
572125,2021,FF
572125,2022,FF
572143,2020,FF
572143,2021,FF
572143,2024,FF
572143,2026,FF
572193,2020,FF
572193,2021,FF
572193,2022,FF
572193,2023,FF
572362,2020,FF
572383,2020,FF
572403,2022,FF
572403,2023,FF
572703,2022,FF
572888,2020,SI
572888,2021,SI
572955,2020,FF
572955,2021,FF
572955,2022,FF
572955,2023,FF
572955,2024,FF
572955,2025,FF
572955,2026,FF
572971,2020,SI
572971,2021,FF
572971,2022,FF
572971,2023,SI
572971,2024,SI
573009,2021,SI
573009,2022,SI
573009,2023,SI
573009,2024,SI
573009,2025,SI
573009,2026,SI
573062,2021,SI
573124,2020,SI
573124,2021,SI
573124,2022,SI
573124,2023,SI
573124,2024,SI
573124,2025,SI
573124,2026,SI
573186,2021,FF
573186,2022,FF
573186,2023,FF
573186,2024,FF
573186,2025,SI
573204,2020,FF
573204,2021,FF
573204,2022,FF
573204,2023,FF
573204,2024,FF
573204,2025,FF
573204,2026,FF
573668,2021,FF
573668,2022,FF
579328,2020,FF
579328,2021,FF
579328,2022,FF
579328,2023,FF
579328,2024,FF
579328,2025,FF
579328,2026,FF
580792,2020,FF
592094,2020,FF
592094,2021,FF
592094,2022,FF
592094,2023,FF
592094,2024,FF
592094,2025,FF
592094,2026,FF
592135,2020,FF
592135,2021,FF
592145,2021,FF
592155,2024,FF
592155,2025,FF
592155,2026,FF
592165,2020,SI
592169,2020,FF
592169,2021,FF
592222,2020,SI
592222,2021,FF
592229,2023,SI
592233,2020,SI
592233,2021,SI
592254,2020,FF
592254,2021,FF
592254,2023,FF
592288,2021,SI
592288,2024,SI
592314,2021,FF
592332,2020,FF
592332,2021,FF
592332,2022,FF
592332,2023,FF
592332,2024,FF
592332,2025,FF
592332,2026,FF
592346,2020,FF
592346,2021,FF
592346,2022,FF
592351,2020,FF
592351,2021,FF
592351,2022,FF
592351,2023,FF
592351,2024,FF
592351,2025,FF
592390,2020,FF
592390,2021,FF
592390,2022,FF
592426,2020,FF
592426,2021,FF
592426,2023,FF
592426,2024,FF
592426,2025,FF
592454,2023,FF
592454,2024,FF
592454,2025,FF
592454,2026,FF
592473,2020,SI
592473,2021,SI
592473,2022,SI
592612,2020,FF
592612,2021,FC
592644,2020,FF
592644,2021,FF
592662,2020,FF
592662,2021,FF
592662,2022,FF
592662,2023,FF
592662,2024,FF
592662,2025,FF
592662,2026,FF
592716,2021,FF
592716,2022,FF
592717,2021,FF
592717,2022,FF
592741,2020,FF
592741,2021,FF
592741,2022,FF
592741,2023,FF
592761,2020,FF
592761,2021,FF
592761,2022,FF
592767,2020,SI
592767,2021,SI
592767,2022,SI
592767,2023,SI
592767,2024,SI
592773,2020,FF
592773,2021,FF
592773,2022,FF
592773,2023,FF
592773,2024,FF
592773,2025,FF
592773,2026,FF
592779,2023,FF
592779,2024,FF
592779,2025,FF
592779,2026,FF
592789,2022,FF
592789,2023,FF
592791,2021,FF
592791,2022,FF
592791,2023,FF
592791,2024,FF
592791,2025,FF
592791,2026,FF
592804,2020,FF
592804,2022,FF
592811,2020,SI
592826,2020,FF
592826,2021,FF
592826,2022,FF
592826,2023,FF
592831,2021,SI
592836,2020,FF
592836,2021,FF
592836,2022,FF
592836,2023,FF
592836,2024,FF
592836,2025,FF
592836,2026,SI
592848,2022,FF
592848,2023,FF
592858,2020,FF
592858,2021,FF
592858,2022,FF
592865,2020,FF
592865,2021,FF
592866,2020,FF
592866,2021,FF
592866,2022,FF
592866,2023,FF
592866,2024,FF
592866,2025,FF
592879,2020,FF
593140,2021,FF
593144,2020,FF
593144,2021,FF
593334,2021,FF
593334,2022,FF
593334,2023,FF
593334,2024,FF
593372,2020,FF
593372,2021,FF
593423,2020,FF
593423,2021,FF
593423,2022,FF
593423,2024,FF
593423,2025,FF
593576,2020,FF
593576,2021,FF
593576,2022,FF
593576,2023,FF
593576,2024,FF
593576,2025,FF
593604,2021,FF
593619,2021,FF
593619,2022,FF
593619,2023,FF
593833,2020,FC
593833,2021,FC
593833,2023,FC
593833,2025,FC
593958,2021,FF
593958,2022,FF
593958,2023,FF
593958,2024,FF
593958,2025,FF
593958,2026,FF
593974,2020,FF
593974,2021,FF
593974,2022,SI
593974,2023,SI
593974,2024,SI
593974,2025,SI
593974,2026,FF
594027,2026,SI
594056,2021,FF
594311,2021,FF
594311,2022,SI
594577,2020,FF
594577,2021,FF
594577,2022,FF
594577,2023,FF
594580,2021,SI
594580,2022,SI
594580,2023,FF
594580,2024,FF
594580,2025,FF
594580,2026,FF
594795,2020,FF
594795,2021,FF
594798,2020,FF
594798,2021,FF
594798,2022,FF
594798,2023,FF
594798,2024,FF
594798,2025,FF
594798,2026,FF
594835,2020,FF
594835,2021,FF
594835,2022,FF
594835,2023,FF
594835,2024,FF
594902,2023,FF
594902,2024,FF
594902,2025,FF
594943,2023,FF
594965,2020,FF
594965,2021,FF
594985,2021,SI
594986,2020,SI
594986,2021,FF
594987,2020,SI
594987,2021,SI
595001,2020,FF
595014,2020,SI
595014,2021,FF
595014,2024,FF
595014,2025,FF
595014,2026,SI
595191,2021,FF
595345,2021,FF
595345,2022,FF
595345,2023,FF
595345,2024,FF
595345,2025,FF
595345,2026,FF
595411,2020,SI
595411,2021,SI
595411,2023,SI
595465,2020,FF
595465,2021,FF
595881,2022,FF
595881,2024,FF
595897,2024,FF
595918,2020,FF
595928,2020,FF
595928,2021,FF
595928,2023,FF
595928,2025,FF
595939,2021,FF
596001,2020,FF
596001,2021,FF
596001,2022,SI
596001,2023,SI
596001,2024,FF
596001,2025,FF
596001,2026,FF
596027,2021,FF
596035,2020,SI
596043,2020,FF
596049,2021,FF
596057,2020,FF
596057,2021,FF
596057,2022,FF
596057,2023,FF
596071,2021,FF
596071,2022,FF
596082,2021,SI
596082,2022,SI
596112,2020,FF
596112,2021,FF
596112,2022,FF
596112,2023,FF
596112,2025,FC
596133,2020,FF
596133,2021,FF
596133,2022,FF
596133,2023,FF
596133,2024,FF
596133,2025,FF
596133,2026,FF
596271,2022,FF
596271,2023,FF
596271,2025,SI
596295,2020,FF
596295,2021,FF
596295,2022,FF
596295,2023,FF
596295,2024,FF
596295,2025,FF
596720,2020,FF
598264,2020,FF
598264,2021,FF
598264,2022,FF
598264,2023,FF
598264,2024,FF
598286,2020,SI
598286,2021,SI
598286,2023,SI
598286,2024,SI
598287,2020,FF
598287,2021,FF
598287,2022,FF
600887,2020,FF
600917,2022,FF
600917,2023,FF
600917,2024,FF
600917,2025,FF
600921,2021,FF
600921,2022,FF
600921,2023,FF
600986,2024,FF
601713,2020,FF
601713,2021,FF
601713,2022,FF
601713,2023,FF
601713,2024,FF
601713,2025,FF
601713,2026,FF
605121,2024,FF
605130,2020,FF
605130,2021,FF
605130,2022,FF
605130,2023,FF
605130,2024,FF
605130,2025,FF
605130,2026,FF
605135,2020,FF
605135,2021,FF
605135,2022,FF
605135,2023,FF
605135,2024,FF
605135,2025,FF
605135,2026,SI
605138,2020,FF
605138,2021,FF
605151,2020,FF
605151,2021,FF
605151,2022,FF
605151,2023,FF
605154,2021,FF
605154,2022,FF
605154,2023,FF
605154,2024,FF
605154,2025,FF
605155,2020,FC
605155,2023,FC
605155,2024,FF
605156,2024,FF
605164,2020,FF
605164,2021,FF
605164,2022,FF
605177,2020,FF
605177,2021,FF
605177,2022,FF
605177,2023,FF
605177,2024,FF
605177,2025,FF
605182,2020,FF
605182,2022,FF
605182,2023,FF
605182,2024,FF
605194,2021,FF
605194,2022,FF
605195,2021,FF
605195,2022,SI
605200,2020,SI
605200,2021,FF
605200,2022,FF
605200,2023,FF
605218,2021,FF
605218,2022,FF
605218,2023,FF
605218,2026,FF
605240,2020,SI
605242,2020,FF
605242,2021,FF
605242,2022,FF
605242,2023,FF
605276,2020,FF
605276,2021,FF
605280,2021,SI
605280,2022,SI
605280,2023,SI
605280,2024,SI
605280,2025,FF
605280,2026,SI
605288,2020,FF
605288,2021,FF
605288,2022,FF
605288,2023,FF
605288,2024,FF
605288,2025,FF
605288,2026,FF
605309,2021,FF
605335,2020,FF
605347,2020,FF
605347,2021,FF
605347,2022,FF
605347,2023,FF
605347,2024,FF
605347,2025,FF
605359,2020,FF
605359,2021,FF
605388,2021,FF
605397,2020,FF
605397,2021,FF
605397,2022,FF
605397,2023,FF
605397,2024,FF
605400,2020,FF
605400,2021,FF
605400,2022,FF
605400,2023,FF
605400,2024,FF
605400,2025,FF
605400,2026,FF
605441,2021,FF
605447,2020,FF
605447,2021,FF
605447,2022,FF
605447,2023,FF
605447,2024,FF
605447,2025,FF
605447,2026,FF
605452,2021,FF
605452,2024,FF
605452,2025,FF
605452,2026,SI
605463,2022,SI
605463,2023,SI
605463,2024,FF
605463,2025,FF
605482,2020,FC
605483,2020,FF
605483,2021,FF
605483,2022,FF
605483,2023,FF
605483,2024,FF
605483,2025,FF
605488,2020,FF
605488,2021,FF
605488,2022,FF
605488,2023,FF
605488,2024,FF
605488,2025,FF
605488,2026,FF
605498,2020,FF
605498,2023,FF
605501,2020,SI
605507,2021,FF
605507,2022,FF
605513,2020,FF
605513,2021,FF
605513,2023,FF
605513,2024,FF
605521,2021,FF
605521,2022,FF
605525,2020,FF
605525,2021,FF
605525,2022,FF
605538,2020,FF
605538,2021,FF
605538,2022,FF
605540,2020,FF
605540,2021,FF
605540,2022,FF
605540,2023,FF
605540,2025,FF
605540,2026,FF
605541,2021,FF
606131,2020,SI
606131,2022,SI
606149,2020,FF
606149,2021,FF
606149,2022,FF
606149,2023,FF
606149,2024,FF
606160,2020,FF
606160,2021,FF
606160,2022,FF
606160,2023,FF
606160,2024,FF
606160,2025,FF
606303,2021,FF
606303,2022,FF
606303,2023,FF
606303,2024,FF
606303,2025,FF
606303,2026,FF
606424,2020,FF
606424,2021,FF
606424,2022,SI
606625,2022,FF
606930,2020,FF
606930,2021,FF
606930,2022,FF
606930,2023,FF
606930,2024,FF
606930,2025,FF
606944,2020,FF
606965,2022,FF
606965,2023,FF
606965,2024,FF
606965,2025,FF
606996,2020,FF
606996,2025,FF
606996,2026,FF
607067,2020,FF
607067,2023,FF
607067,2024,FF
607067,2025,FF
607067,2026,FF
607074,2020,FF
607074,2021,FF
607074,2022,FF
607074,2023,FF
607074,2024,FF
607074,2025,FF
607074,2026,FF
607179,2020,FF
607179,2021,FF
607179,2022,FF
607179,2023,FF
607179,2024,FF
607179,2025,FF
607188,2021,FF
607192,2020,FF
607192,2021,FF
607192,2023,FF
607192,2024,FF
607192,2025,FF
607192,2026,FF
607200,2020,FF
607200,2021,SI
607200,2022,SI
607200,2024,SI
607200,2025,SI
607200,2026,SI
607216,2022,FF
607219,2021,SI
607229,2020,FF
607229,2021,SI
607229,2022,SI
607231,2020,SI
607231,2021,FF
607237,2020,FF
607237,2021,FF
607237,2022,FF
607237,2023,FF
607259,2022,FF
607259,2023,FF
607259,2024,FF
607259,2025,FF
607259,2026,FF
607352,2020,SI
607359,2021,FF
607359,2022,FF
607359,2023,FF
607374,2020,FF
607391,2020,FF
607391,2021,SI
607455,2020,FF
607455,2021,FF
607455,2022,FF
607455,2023,FF
607455,2024,FF
607455,2025,FF
607455,2026,FF
607457,2021,FF
607457,2022,FF
607468,2021,FF
607481,2020,SI
607481,2021,SI
607481,2022,SI
607481,2023,FF
607481,2024,FF
607481,2025,FF
607481,2026,SI
607536,2020,FF
607536,2021,FF
607536,2022,FF
607536,2023,FF
607536,2024,FF
607536,2025,FF
607536,2026,FF
607555,2020,SI
607560,2020,FF
607560,2021,FF
607572,2020,FF
607572,2021,FF
607625,2020,FF
607625,2021,FF
607625,2022,FF
607625,2023,FF
607625,2024,FF
607625,2025,FF
607625,2026,FF
607644,2020,FF
607644,2021,FF
607644,2022,FF
607644,2023,FF
607644,2024,FF
607755,2023,FF
607968,2023,FF
608032,2020,FF
608032,2021,FF
608032,2022,FF
608032,2023,FF
608032,2024,FF
608032,2025,FF
608328,2020,FF
608328,2021,FF
608328,2022,FF
608328,2023,FF
608331,2020,FF
608331,2021,FF
608331,2022,FF
608331,2023,FF
608331,2024,FF
608331,2025,FF
608331,2026,FF
608334,2020,FF
608334,2021,FF
608334,2023,SI
608334,2024,FF
608334,2025,FF
608335,2020,FF
608335,2021,FF
608337,2020,FF
608337,2021,FF
608337,2022,FF
608337,2023,FF
608337,2025,FF
608337,2026,FF
608344,2021,FF
608344,2022,FF
608344,2023,FF
608344,2024,FF
608349,2020,FF
608349,2021,FF
608349,2022,FF
608371,2020,FF
608371,2021,FF
608371,2022,FF
608371,2023,FF
608371,2024,FF
608371,2025,FF
608371,2026,FF
608372,2025,FF
608372,2026,FF
608379,2020,FF
608379,2021,FF
608379,2022,FF
608379,2023,FF
608379,2024,FF
608379,2025,FF
608379,2026,FF
608566,2020,FF
608566,2021,FF
608566,2022,FF
608566,2023,FF
608566,2025,FF
608566,2026,FF
608638,2021,SI
608638,2022,SI
608638,2023,SI
608638,2024,SI
608648,2020,FF
608648,2021,FF
608648,2022,FF
608648,2024,FF
608650,2021,FF
608650,2025,FF
608650,2026,FF
608652,2021,FF
608652,2022,FF
608665,2020,SI
608665,2021,FF
608665,2022,FF
608665,2023,FF
608665,2025,FF
608678,2020,FF
608678,2021,FF
608678,2022,FF
608678,2023,FF
608678,2024,FF
608716,2021,FF
608716,2022,FF
608717,2020,FF
608717,2021,FF
608717,2022,FF
608717,2023,FF
608717,2024,FF
608717,2025,FF
608718,2020,FF
608718,2021,FF
608718,2022,FF
608718,2023,FF
608718,2024,FF
608718,2025,FF
608718,2026,FF
608723,2020,FF
608723,2021,FF
608723,2022,FF
608723,2023,FF
608723,2024,FF
608723,2026,FF
611093,2023,FF
612434,2020,SI
612434,2021,SI
612434,2022,SI
612434,2023,SI
612434,2024,FF
612434,2025,FF
613534,2021,FF
613534,2024,FF
614179,2021,FF
614179,2022,FF
614179,2023,FF
614179,2024,FF
614179,2025,FF
615698,2020,SI
615698,2021,FF
615698,2022,FF
615698,2023,FF
615698,2024,FF
615698,2025,FF
615698,2026,FF
617228,2021,FF
617228,2022,FF
620396,2021,FF
620454,2025,FF
620982,2024,SI
621016,2022,SI
621016,2023,FF
621016,2024,FF
621016,2026,FF
621051,2022,FF
621051,2023,FF
621051,2024,FF
621051,2025,FF
621052,2020,FF
621052,2021,FF
621053,2024,FF
621053,2025,FF
621053,2026,FF
621057,2021,FF
621057,2023,FF
621074,2021,FF
621074,2022,FF
621074,2023,FF
621074,2026,FF
621076,2021,FF
621076,2022,FF
621076,2023,FF
621078,2020,FF
621079,2022,FC
621082,2022,SI
621097,2020,FF
621097,2024,FF
621097,2026,FF
621098,2021,FF
621107,2020,FF
621107,2021,FF
621107,2022,FF
621107,2023,FF
621107,2024,FF
621107,2025,FF
621111,2020,FF
621111,2021,FF
621111,2022,FF
621111,2024,FF
621111,2025,FF
621111,2026,FF
621112,2021,SI
621112,2022,FF
621112,2023,FF
621112,2024,FF
621112,2025,SI
621112,2026,SI
621114,2021,FF
621114,2022,FF
621114,2024,FF
621121,2020,SI
621121,2021,SI
621121,2022,SI
621121,2025,FF
621121,2026,SI
621129,2020,FF
621129,2021,FF
621139,2020,FF
621139,2021,FF
621139,2025,FF
621141,2020,SI
621142,2020,FF
621199,2024,SI
621199,2025,SI
621219,2020,FF
621219,2021,FF
621219,2022,FF
621237,2020,SI
621237,2021,SI
621237,2022,SI
621237,2023,SI
621237,2024,SI
621237,2025,SI
621237,2026,SI
621242,2020,FF
621242,2021,FF
621242,2022,FF
621242,2024,FF
621242,2025,FF
621242,2026,FF
621244,2020,FF
621244,2021,FF
621244,2022,FF
621244,2023,FF
621244,2024,FF
621244,2025,FF
621248,2021,FF
621248,2022,FF
621249,2020,FF
621249,2021,FF
621249,2022,FF
621249,2023,SI
621261,2020,FF
621261,2021,FF
621290,2020,SI
621294,2020,FF
621294,2023,SI
621294,2024,SI
621295,2020,FF
621295,2021,FF
621295,2022,FF
621295,2023,FF
621345,2020,FF
621345,2021,FF
621345,2022,FF
621345,2023,FF
621345,2024,FF
621345,2025,FF
621345,2026,FF
621348,2021,SI
621348,2022,SI
621363,2022,FF
621363,2023,FF
621363,2024,FF
621363,2025,FF
621366,2020,SI
621366,2021,SI
621366,2022,SI
621366,2023,SI
621366,2025,SI
621366,2026,SI
621368,2020,FF
621368,2021,FF
621368,2022,FF
621368,2023,FF
621381,2020,FF
621381,2021,FF
621381,2022,FF
621381,2023,FF
621381,2024,FF
621381,2025,FF
621381,2026,FF
621383,2022,FF
621383,2023,FF
621383,2024,FF
621383,2025,FF
621383,2026,FF
621389,2022,SI
621389,2023,SI
621389,2024,SI
621593,2021,FF
621593,2022,FF
622065,2020,FF
622065,2021,FF
622065,2022,SI
622065,2023,SI
622065,2024,SI
622072,2020,SI
622072,2021,SI
622072,2022,SI
622072,2023,SI
622072,2024,SI
622075,2020,FF
622075,2021,FF
622075,2022,FF
622075,2023,FF
622075,2024,SI
622088,2020,FF
622088,2021,FF
622088,2026,SI
622092,2020,FF
622092,2021,FF
622098,2020,FF
622098,2021,FF
622098,2022,FF
622098,2023,FF
622098,2024,FF
622103,2023,FF
622250,2021,FF
622250,2022,FF
622250,2023,FF
622250,2024,FF
622251,2020,FF
622251,2021,FF
622251,2022,FF
622251,2023,FF
622251,2024,SI
622253,2020,FF
622253,2021,SI
622253,2022,SI
622253,2024,SI
622259,2023,FF
622259,2024,FF
622379,2025,FF
622446,2021,FF
622490,2020,FF
622491,2020,FF
622491,2021,FF
622491,2022,FF
622491,2023,FF
622491,2024,FF
622491,2025,FF
622491,2026,FF
622492,2020,FF
622503,2021,FF
622503,2022,FF
622503,2025,FF
622554,2022,FF
622554,2023,FF
622554,2024,FF
622554,2025,FF
622554,2026,FF
622608,2020,FF
622608,2021,FF
622608,2022,FF
622608,2023,FF
622608,2024,FF
622608,2025,FF
622608,2026,FF
622663,2022,FF
622663,2023,FF
622663,2024,FF
622663,2025,FF
622663,2026,FF
622694,2020,FF
622694,2021,FF
622694,2022,FF
622694,2024,FF
622766,2021,FF
622766,2023,SI
622772,2020,SI
622772,2023,SI
622780,2020,FF
622780,2021,FF
622780,2023,FF
622786,2020,SI
622786,2022,SI
622786,2024,FF
622786,2025,SI
623149,2020,FF
623149,2021,FF
623149,2022,FF
623149,2023,FF
623149,2024,FF
623149,2025,FF
623149,2026,FF
623167,2021,FF
623167,2022,FF
623167,2023,FF
623167,2024,FF
623167,2025,FF
623211,2022,FF
623211,2023,FF
623211,2024,FF
623211,2025,FF
623211,2026,SI
623352,2020,SI
623352,2021,SI
623352,2022,SI
623352,2023,SI
623352,2024,SI
623352,2025,SI
623352,2026,SI
623364,2021,FF
623433,2020,FF
623433,2021,FF
623433,2023,FF
623433,2024,FF
623433,2025,FF
623437,2020,SI
623437,2021,SI
623437,2022,SI
623437,2023,SI
623437,2025,SI
623437,2026,SI
623451,2022,FF
623451,2023,SI
623454,2021,FF
623454,2026,FF
623465,2020,FF
623465,2021,FF
623465,2022,FF
623465,2023,FF
623465,2024,FF
623465,2026,FF
623470,2020,FF
623474,2020,FF
623474,2021,FF
623474,2022,SI
623474,2023,SI
623474,2024,SI
623474,2025,FF
623474,2026,SI
623485,2020,FF
623485,2021,FF
623485,2022,FF
624133,2021,FF
624133,2022,FF
624133,2023,FF
624133,2024,FF
624133,2025,FF
624133,2026,FF
624418,2020,FF
624522,2021,FF
624522,2022,FF
624522,2023,FF
624522,2024,FF
624522,2026,FF
624647,2020,SI
624647,2021,SI
624647,2023,SI
624647,2024,SI
625643,2020,FF
625643,2021,FF
625643,2022,FF
625643,2023,FF
625643,2024,FF
625643,2026,FF
626929,2020,FF
626929,2021,FF
628317,2020,FF
628317,2021,FF
628317,2023,FF
628317,2024,FF
628345,2021,FF
628452,2020,FF
628452,2021,FF
628452,2022,FF
628452,2023,FF
628452,2024,FF
628452,2025,FF
628452,2026,FF
628708,2022,FF
628708,2023,SI
628708,2024,FF
628711,2020,FF
628711,2021,FF
628711,2022,FF
628711,2023,FF
630023,2020,SI
630023,2022,SI
630023,2023,SI
630023,2024,FF
630263,2020,FF
640444,2020,FF
640444,2021,FF
640444,2022,FF
640448,2020,FF
640448,2021,FF
640448,2022,FF
640448,2023,FF
640448,2024,FF
640448,2025,FF
640448,2026,FF
640451,2020,FF
640451,2021,FF
640451,2022,FF
640451,2023,FF
640451,2024,FF
640451,2025,FF
640454,2023,SI
640454,2026,SI
640455,2020,SI
640455,2021,SI
640455,2022,FF
640455,2023,FF
640455,2024,FF
640455,2025,FF
640455,2026,FF
640462,2021,FF
640462,2022,FF
640462,2023,FF
640462,2024,FF
640462,2025,FF
640464,2021,SI
640470,2020,FF
640470,2021,FF
640470,2022,FF
640470,2023,FF
640470,2024,FF
641149,2024,FF
641154,2020,FF
641154,2021,FF
641154,2022,FF
641154,2023,FF
641154,2024,FF
641154,2025,FF
641302,2020,FF
641302,2021,FF
641302,2022,FF
641302,2023,FF
641302,2024,FF
641302,2025,FF
641302,2026,FF
641312,2020,FF
641312,2021,FF
641312,2024,FF
641312,2025,FF
641312,2026,FF
641329,2022,FF
641329,2023,FF
641329,2024,FF
641329,2025,FF
641329,2026,FF
641341,2020,SI
641360,2021,FF
641360,2022,FF
641360,2023,FF
641360,2024,FF
641386,2021,FF
641386,2025,FF
641394,2021,FF
641394,2022,FF
641401,2020,FF
641401,2021,FF
641401,2022,FF
641401,2023,FF
641401,2025,FF
641401,2026,FF
641420,2020,FF
641420,2021,FF
641447,2020,FF
641447,2021,FF
641447,2022,FF
641482,2020,FF
641482,2021,FF
641482,2022,FF
641482,2023,FF
641482,2024,FF
641482,2025,FF
641501,2022,FF
641540,2020,FF
641540,2021,SI
641540,2022,SI
641540,2023,FF
641540,2024,SI
641540,2025,SI
641541,2021,FF
641582,2020,FF
641582,2021,FF
641582,2022,FF
641585,2023,FF
641585,2024,FF
641627,2020,FF
641627,2022,FF
641627,2023,FF
641632,2021,FF
641656,2020,FF
641656,2023,FF
641656,2024,FF
641656,2025,FF
641672,2020,FF
641672,2021,FF
641672,2023,FF
641672,2025,FF
641682,2021,FF
641703,2023,FF
641703,2024,FF
641712,2020,FF
641712,2021,SI
641712,2022,FF
641712,2023,FF
641712,2024,FF
641726,2021,SI
641726,2022,FF
641726,2024,SI
641729,2020,FF
641729,2021,FF
641729,2022,FF
641729,2023,FF
641729,2024,FF
641743,2020,FF
641743,2021,FF
641743,2023,FF
641743,2026,FF
641745,2020,FF
641745,2021,FF
641745,2022,FF
641745,2023,FF
641745,2024,FF
641745,2025,FF
641745,2026,FF
641755,2020,FF
641755,2021,FF
641755,2022,FF
641755,2023,FF
641755,2024,FF
641755,2025,FF
641755,2026,FF
641771,2020,FF
641771,2021,FF
641771,2022,FF
641771,2023,FF
641771,2024,FF
641778,2020,FF
641778,2021,FF
641778,2022,FF
641778,2023,FF
641778,2025,FF
641778,2026,FF
641793,2020,FF
641793,2021,FF
641793,2022,FF
641793,2023,FF
641793,2024,FF
641793,2025,FF
641793,2026,FF
641816,2020,FF
641816,2021,FF
641816,2022,FF
641816,2023,FF
641816,2024,FF
641816,2025,FF
641816,2026,FF
641835,2021,SI
641835,2022,SI
641835,2023,SI
641835,2024,SI
641835,2025,SI
641835,2026,SI
641838,2020,SI
641851,2021,FF
641853,2022,FF
641871,2020,FF
641871,2021,FF
641871,2022,FF
641871,2023,FF
641907,2020,SI
641907,2021,FF
641907,2022,FF
641927,2021,FF
641927,2022,FF
641927,2023,FF
641927,2024,FF
641927,2025,FF
641927,2026,FF
641941,2020,FF
641941,2021,FF
641941,2022,FF
641941,2023,FF
641941,2024,FF
641941,2025,FF
641941,2026,FF
642003,2020,FF
642003,2021,SI
642016,2025,FF
642028,2021,FF
642028,2022,FF
642028,2024,FF
642048,2021,SI
642048,2023,SI
642048,2024,SI
642048,2025,SI
642068,2021,FF
642073,2021,FF
642083,2020,FF
642083,2021,FF
642092,2020,SI
642092,2021,SI
642100,2022,FF
642100,2023,FF
642100,2024,FF
642100,2025,FF
642100,2026,FF
642121,2020,FF
642121,2021,FF
642121,2022,FF
642121,2024,FF
642121,2025,FF
642121,2026,FF
642130,2020,FF
642130,2021,FF
642130,2022,FF
642152,2020,FF
642152,2021,FF
642152,2022,FF
642152,2025,FF
642203,2020,FF
642203,2021,FF
642203,2022,FF
642207,2020,FF
642207,2021,FF
642207,2022,FF
642207,2023,FF
642207,2024,FF
642207,2025,FF
642207,2026,FF
642216,2023,FF
642216,2025,SI
642231,2022,SI
642231,2023,SI
642232,2020,FF
642232,2021,FF
642232,2022,FF
642232,2023,FF
642232,2024,FF
642232,2025,FF
642232,2026,FF
642233,2020,SI
642233,2021,SI
642239,2023,FF
642239,2024,FC
642239,2025,FF
642397,2020,SI
642397,2021,FF
642397,2022,FF
642397,2023,FF
642397,2024,FF
642397,2025,FF
642397,2026,FF
642520,2024,FF
642528,2020,FF
642528,2021,SI
642528,2022,SI
642528,2023,SI
642528,2025,SI
642528,2026,FF
642545,2020,FF
642545,2021,FF
642545,2022,FF
642545,2023,FF
642546,2020,SI
642546,2022,SI
642546,2023,SI
642546,2024,SI
642546,2026,FF
642547,2020,FF
642547,2021,FF
642547,2022,FF
642547,2023,FF
642547,2024,FF
642547,2025,FF
642547,2026,FF
642584,2020,SI
642585,2022,SI
642585,2023,SI
642585,2025,SI
642629,2024,FF
642701,2020,SI
642701,2021,FF
642701,2022,FF
642701,2023,SI
642701,2024,FF
642701,2025,FF
642701,2026,FF
642758,2021,FF
642758,2022,FF
642758,2023,FF
642759,2021,FF
642759,2025,FF
642770,2020,SI
642770,2021,SI
642770,2022,SI
642770,2023,FF
642834,2024,FF
643230,2020,FF
643230,2021,FF
643230,2022,FF
643256,2020,FF
643256,2021,FF
643256,2022,FF
643256,2023,FF
643256,2024,FF
643290,2020,FF
643290,2021,FF
643290,2022,FF
643316,2020,FF
643316,2021,FF
643316,2022,FF
643327,2020,FC
643338,2020,FF
643338,2021,FF
643338,2022,FF
643338,2023,FF
643338,2024,FF
643338,2025,FF
643361,2023,FF
643361,2024,FF
643361,2025,FF
643377,2021,FF
643377,2022,FF
643377,2023,FF
643377,2024,FF
643377,2025,FF
643377,2026,FF
643400,2021,FF
643400,2022,FC
643410,2022,FF
643410,2023,FF
643410,2024,SI
643410,2025,SI
643410,2026,FF
643493,2022,FF
643493,2023,FF
643511,2020,FF
643511,2021,SI
643511,2022,SI
643511,2023,SI
643511,2024,SI
643511,2025,SI
643511,2026,SI
643532,2020,SI
643615,2020,SI
643615,2021,SI
643615,2022,SI
643778,2020,FF
643778,2021,FF
644364,2022,FF
644429,2022,FF
645261,2020,FF
645261,2021,FF
645261,2022,FF
645261,2023,FF
645261,2025,FF
645261,2026,FF
645307,2020,FF
646241,2026,FF
646242,2021,FF
646242,2022,FF
646242,2023,FF
647315,2021,SI
647315,2022,SI
647315,2023,SI
647315,2024,SI
647315,2025,SI
647315,2026,SI
647336,2020,FF
647336,2023,FF
647336,2024,FF
647336,2025,FF
647336,2026,FF
649144,2021,FF
650204,2022,FF
650347,2021,FF
650382,2020,FF
650382,2021,FF
650382,2022,FF
650496,2021,FF
650496,2023,SI
650530,2020,SI
650530,2021,SI
650530,2022,FF
650556,2021,FF
650556,2022,FF
650556,2023,FF
650556,2024,FF
650556,2025,FF
650556,2026,FF
650633,2020,SI
650633,2021,FF
650633,2022,FF
650633,2023,FF
650633,2024,FF
650633,2025,FF
650633,2026,FF
650644,2020,SI
650644,2021,FF
650644,2022,FF
650644,2023,FF
650644,2024,FF
650644,2025,FF
650644,2026,FF
650668,2020,FF
650668,2021,FF
650671,2020,FF
650671,2021,FF
650671,2022,FF
650671,2023,FF
650671,2024,FF
650828,2021,SI
650893,2020,FF
650893,2021,FF
650893,2022,FF
650893,2023,FF
650893,2024,FF
650893,2025,FF
650895,2020,SI
650895,2021,SI
650895,2022,SI
650911,2021,SI
650911,2022,SI
650911,2023,SI
650911,2024,SI
650911,2025,SI
650911,2026,SI
650959,2021,FF
650959,2022,FF
650960,2023,FF
655889,2021,FF
655889,2022,SI
655889,2024,FF
655889,2025,FF
656061,2021,FF
656061,2022,FF
656061,2023,FF
656186,2020,FF
656186,2025,FF
656212,2021,SI
656212,2026,FF
656222,2020,FF
656222,2022,FF
656222,2023,FF
656222,2024,FF
656222,2025,FF
656222,2026,FF
656232,2020,FF
656232,2021,FF
656232,2022,FF
656232,2023,FF
656232,2024,FF
656234,2022,SI
656234,2023,SI
656234,2024,SI
656234,2025,SI
656234,2026,FF
656240,2024,FF
656240,2025,FF
656257,2022,FF
656257,2023,FF
656266,2021,FF
656271,2022,FF
656271,2023,FF
656271,2024,FF
656271,2025,FF
656271,2026,FF
656288,2020,FF
656288,2021,FF
656288,2023,FF
656288,2024,FF
656288,2025,FF
656288,2026,FF
656290,2023,FF
656302,2020,FF
656302,2021,FF
656302,2022,FF
656302,2023,FF
656302,2024,FF
656302,2025,FF
656302,2026,FF
656322,2020,FF
656322,2021,FF
656322,2022,FF
656353,2021,FF
656353,2022,FF
656353,2023,FF
656354,2020,FF
656354,2021,FF
656354,2022,FF
656354,2024,SI
656382,2023,FF
656412,2022,FF
656412,2023,FF
656412,2024,FF
656420,2020,FF
656420,2021,FF
656420,2022,FF
656420,2024,FF
656427,2020,FF
656427,2021,FF
656427,2022,FF
656427,2023,FF
656427,2024,FF
656427,2025,FF
656427,2026,FF
656457,2021,FF
656457,2022,FF
656457,2023,FF
656457,2024,SI
656457,2025,FF
656458,2021,FF
656458,2022,FF
656464,2020,FF
656464,2021,FF
656464,2022,FF
656464,2023,FF
656464,2024,FF
656464,2025,FF
656464,2026,FF
656492,2022,FC
656492,2026,FF
656529,2021,FF
656529,2022,FF
656529,2023,FF
656529,2024,FF
656529,2026,FF
656546,2020,FF
656546,2021,FF
656546,2022,FF
656546,2023,FF
656546,2024,FF
656546,2025,FF
656546,2026,FF
656547,2020,FF
656548,2021,FF
656550,2024,FF
656550,2025,FF
656550,2026,FF
656557,2020,FF
656557,2021,FF
656557,2022,FF
656557,2023,FF
656557,2024,SI
656557,2025,SI
656578,2021,FF
656578,2022,FF
656578,2023,FF
656605,2020,FF
656605,2021,FF
656605,2022,FF
656605,2023,FF
656605,2024,FF
656605,2025,FF
656605,2026,FF
656620,2021,FF
656629,2021,FF
656629,2022,FF
656629,2023,FF
656629,2024,FF
656629,2025,FF
656638,2021,FF
656638,2022,SI
656638,2023,FF
656638,2024,SI
656638,2026,FF
656641,2023,FF
656641,2024,FF
656641,2025,FF
656641,2026,FF
656657,2022,FF
656657,2023,FF
656685,2020,FF
656685,2021,FF
656685,2022,FF
656686,2021,FF
656686,2022,FF
656686,2025,FF
656686,2026,FF
656730,2021,FF
656730,2022,FF
656730,2023,FF
656730,2024,FF
656730,2025,FF
656730,2026,FF
656731,2021,FF
656731,2022,FF
656731,2023,FF
656731,2024,FF
656731,2025,FF
656756,2020,FF
656756,2021,FF
656756,2022,FF
656756,2023,FF
656756,2024,FF
656786,2023,FC
656786,2024,FC
656793,2020,FF
656793,2021,FF
656793,2022,FF
656794,2020,FF
656794,2021,FF
656794,2022,FF
656794,2023,FF
656794,2024,FF
656794,2025,FF
656794,2026,FF
656803,2021,FF
656803,2022,FF
656814,2023,SI
656818,2021,FF
656818,2022,FF
656818,2023,FF
656848,2024,FF
656848,2025,FF
656848,2026,FF
656849,2020,FF
656849,2021,FF
656849,2022,FF
656849,2023,FF
656849,2024,FF
656849,2025,FF
656849,2026,FF
656876,2020,FF
656876,2021,FF
656876,2022,FF
656876,2023,FF
656876,2024,FF
656876,2025,FF
656876,2026,FF
656887,2020,FF
656887,2021,FF
656887,2022,FF
656887,2023,FF
656887,2024,FF
656924,2024,SI
656945,2020,FF
656945,2021,FF
656945,2022,FF
656945,2023,FF
656945,2024,FF
656945,2025,FF
656945,2026,FF
656954,2020,SI
656954,2021,SI
656970,2020,FF
656970,2022,FF
656970,2023,FF
656981,2021,FF
656981,2023,FF
656986,2022,FF
656986,2023,FF
656986,2025,FF
657006,2021,FF
657006,2022,FF
657006,2023,FF
657006,2024,FF
657006,2025,FF
657024,2020,FF
657024,2021,FF
657024,2022,FF
657024,2023,FF
657024,2024,FF
657024,2025,FF
657031,2020,FF
657031,2021,FF
657031,2023,FF
657044,2020,SI
657044,2021,FF
657044,2022,FF
657044,2023,SI
657044,2024,FF
657044,2025,FF
657044,2026,SI
657053,2020,FF
657053,2021,SI
657053,2022,SI
657053,2023,FF
657053,2024,SI
657093,2021,FF
657093,2022,FF
657097,2020,FF
657097,2021,FF
657097,2023,FF
657097,2024,FF
657097,2025,FF
657097,2026,FF
657140,2020,FF
657140,2022,FF
657140,2023,FF
657141,2020,FF
657228,2021,FF
657240,2020,FF
657240,2021,FF
657240,2022,FF
657240,2023,FF
657240,2024,FF
657240,2025,FF
657248,2021,FF
657248,2022,FF
657248,2023,FF
657265,2022,FF
657265,2023,FF
657265,2024,FF
657272,2022,FF
657277,2020,FF
657277,2021,FF
657277,2022,FF
657277,2023,FF
657277,2024,FF
657277,2025,FF
657277,2026,FF
657376,2022,FF
657376,2023,SI
657376,2024,SI
657376,2025,FF
657424,2022,FF
657424,2023,FF
657424,2025,FF
657424,2026,FF
657508,2021,FF
657508,2022,FF
657508,2023,FF
657508,2024,FF
657514,2023,SI
657514,2024,SI
657514,2025,SI
657514,2026,SI
657571,2020,FF
657571,2022,FF
657571,2023,FF
657571,2024,FF
657571,2025,FF
657571,2026,FF
657585,2022,FF
657585,2023,FF
657585,2024,FF
657585,2025,SI
657611,2020,FF
657612,2020,FF
657612,2021,FF
657612,2022,FF
657612,2023,FF
657612,2024,FF
657612,2025,FF
657612,2026,SI
657624,2020,FF
657649,2022,SI
657649,2024,SI
657649,2025,SI
657649,2026,SI
657697,2024,FC
657746,2021,FF
657746,2022,FF
657746,2023,FF
657746,2024,FF
657746,2025,FF
657746,2026,FF
657756,2022,FF
657756,2023,FF
657756,2025,FF
657756,2026,FF
657770,2022,FF
658305,2021,FF
658431,2022,FF
658551,2021,FF
658551,2022,SI
658648,2023,FF
658648,2024,FF
659262,2022,FF
659275,2020,FF
659275,2021,FF
659275,2022,FF
659275,2023,FF
660261,2023,FF
660271,2021,FF
660271,2022,FF
660271,2023,FF
660271,2025,FF
660271,2026,FF
660365,2021,FF
660546,2021,FF
660593,2022,FF
660593,2023,FF
660600,2020,FF
660600,2021,FF
660600,2024,FF
660604,2025,FF
660604,2026,FF
660623,2020,FF
660623,2021,FF
660623,2022,FF
660730,2022,FF
660730,2025,FF
660761,2021,FF
660761,2022,FF
660761,2023,FF
660761,2024,FF
660761,2025,FF
660761,2026,FF
660787,2022,SI
660787,2023,SI
660787,2025,FF
660787,2026,SI
660813,2020,SI
660813,2021,SI
660813,2022,FF
660813,2023,FF
660825,2022,FF
660825,2023,FF
660825,2024,FF
660825,2025,FF
660825,2026,SI
660853,2021,FF
660853,2022,FF
660853,2023,FF
660853,2024,FF
660853,2025,FF
660853,2026,FF
660896,2020,FF
660896,2021,FF
660896,2023,FF
660896,2024,FF
660896,2025,FF
660906,2021,FF
660906,2022,FF
660906,2023,FF
661255,2020,FF
661255,2021,FF
661255,2022,FF
661269,2021,FF
661269,2022,FF
661309,2022,FF
661309,2023,FF
661383,2021,FF
661383,2022,FF
661395,2022,FF
661395,2023,FF
661395,2024,FF
661395,2025,FF
661395,2026,FF
661403,2021,FC
661403,2022,FC
661403,2023,FC
661403,2024,FC
661403,2025,FC
661440,2021,FF
661440,2022,SI
661440,2023,SI
661527,2022,FF
661527,2023,FF
661527,2024,FF
661563,2021,FF
661563,2024,FF
661563,2025,FF
661563,2026,FF
662253,2022,FF
662253,2023,FF
662253,2024,FF
662253,2025,FF
662253,2026,FF
663158,2022,FF
663158,2023,FF
663158,2024,FF
663158,2025,FF
663158,2026,FF
663321,2024,FF
663321,2025,FF
663362,2023,FF
663362,2024,FF
663362,2026,FF
663366,2021,FF
663372,2021,FF
663372,2022,FF
663372,2023,FF
663372,2024,FF
663372,2025,FF
663372,2026,FF
663378,2021,FF
663378,2022,FF
663385,2022,SI
663385,2023,SI
663399,2021,FF
663399,2025,FF
663423,2021,FF
663423,2022,FF
663423,2023,FF
663423,2024,FF
663423,2025,FF
663423,2026,FF
663432,2020,FF
663432,2021,FF
663432,2022,FF
663432,2024,FF
663432,2025,FF
663436,2022,FF
663436,2024,FF
663436,2025,FF
663436,2026,FF
663455,2022,FF
663455,2025,FF
663460,2020,FF
663460,2021,FF
663460,2022,FF
663460,2023,FF
663460,2024,FF
663460,2025,FF
663460,2026,FF
663462,2023,FF
663465,2020,FF
663465,2021,FF
663465,2022,FF
663465,2023,FF
663465,2024,FF
663465,2025,FF
663465,2026,FF
663474,2020,FF
663474,2021,FF
663474,2022,FF
663474,2023,FF
663474,2024,FF
663474,2025,FF
663485,2022,FF
663485,2023,FF
663485,2024,FF
663485,2025,FF
663485,2026,FF
663531,2020,FF
663531,2021,FF
663531,2022,FF
663531,2024,FF
663542,2023,FF
663542,2024,FF
663542,2025,FF
663542,2026,FF
663546,2022,SI
663546,2023,SI
663546,2024,SI
663546,2025,SI
663554,2020,FF
663554,2021,FF
663554,2022,FF
663554,2024,FF
663554,2025,FF
663554,2026,FF
663556,2021,FF
663556,2022,FF
663556,2023,FF
663556,2026,FF
663558,2021,FF
663558,2022,FF
663558,2023,FF
663558,2026,FF
663559,2021,SI
663559,2022,FF
663559,2023,FF
663559,2024,FF
663559,2025,FF
663559,2026,FF
663562,2023,SI
663562,2024,SI
663562,2025,SI
663567,2023,FF
663567,2024,FF
663567,2026,FF
663568,2024,FF
663568,2025,FF
663568,2026,FF
663574,2021,FF
663574,2022,FF
663574,2024,FF
663574,2025,FF
663574,2026,FF
663623,2023,FF
663623,2024,FF
663623,2025,FF
663623,2026,FF
663629,2022,FF
663629,2023,FF
663658,2023,SI
663671,2025,FF
663687,2023,FF
663687,2024,FF
663687,2025,FF
663687,2026,FF
663704,2023,SI
663704,2024,FF
663734,2020,FF
663734,2021,FF
663738,2021,FF
663738,2022,FF
663738,2023,FF
663738,2024,FF
663738,2025,FF
663738,2026,FF
663752,2022,FF
663752,2023,FF
663753,2021,FF
663753,2022,FF
663765,2020,FF
663765,2021,FF
663765,2022,FF
663765,2023,FF
663765,2024,SI
663765,2025,FF
663765,2026,SI
663767,2025,FF
663767,2026,FF
663770,2021,FF
663773,2022,FF
663773,2023,FF
663773,2024,SI
663773,2025,SI
663776,2020,FF
663776,2021,FF
663776,2022,FF
663776,2023,FF
663776,2024,FF
663776,2026,FF
663795,2025,SI
663804,2021,FF
663804,2022,FF
663804,2023,FF
663804,2025,FF
663855,2021,SI
663855,2022,SI
663855,2023,FF
663855,2024,FF
663855,2025,FF
663855,2026,FF
663878,2020,FF
663878,2021,FF
663878,2023,FF
663878,2024,FF
663878,2025,FF
663878,2026,FF
663893,2024,SI
663893,2025,SI
663893,2026,SI
663903,2020,SI
663903,2021,SI
663903,2022,SI
663903,2023,SI
663903,2024,FF
663903,2025,FF
663903,2026,FF
663941,2023,FF
663941,2024,FF
663941,2025,FF
663941,2026,FF
663947,2022,FF
663947,2023,FF
663947,2024,FF
663947,2025,FF
663947,2026,FF
663969,2024,FF
663969,2025,FF
663969,2026,FF
663978,2020,FF
663978,2021,FF
663978,2022,FF
663978,2024,FF
663978,2025,FF
663978,2026,FF
663986,2021,FF
663986,2022,FF
663986,2023,FF
663989,2022,FC
663989,2023,FC
663989,2024,FC
663992,2021,FF
663992,2023,FF
663992,2024,FF
663992,2025,SI
663992,2026,FF
664028,2023,FF
664042,2020,FF
664042,2021,FF
664042,2022,FF
664045,2020,FF
664045,2021,SI
664054,2020,FF
664054,2021,FF
664054,2022,FF
664062,2020,FF
664062,2021,FF
664062,2022,FF
664062,2023,FF
664062,2025,FF
664069,2020,FF
664074,2020,FF
664074,2021,FF
664076,2021,FF
664076,2022,FF
664076,2023,FF
664076,2024,FF
664076,2025,FF
664076,2026,FF
664079,2024,SI
664092,2020,SI
664092,2021,SI
664092,2022,SI
664123,2021,SI
664123,2022,FF
664123,2025,SI
664126,2020,FF
664126,2021,FF
664126,2022,FF
664126,2023,FF
664126,2024,FF
664126,2025,FF
664126,2026,FF
664129,2020,SI
664129,2021,SI
664129,2026,FF
664139,2020,FF
664139,2022,FF
664139,2023,FF
664139,2025,FF
664141,2020,FF
664141,2021,FF
664141,2022,FF
664141,2025,SI
664141,2026,SI
664157,2020,FF
664157,2021,FF
664161,2022,FF
664180,2020,FF
664192,2020,SI
664192,2021,SI
664192,2023,FF
664192,2024,SI
664192,2025,FF
664192,2026,SI
664199,2020,FF
664199,2021,FF
664199,2022,FF
664199,2023,FF
664199,2025,FF
664199,2026,SI
664202,2022,FF
664208,2020,FF
664208,2021,FF
664208,2022,FF
664208,2023,FC
664208,2024,SI
664208,2025,SI
664208,2026,SI
664285,2020,SI
664285,2021,FF
664285,2022,FF
664285,2023,SI
664285,2024,SI
664285,2025,SI
664285,2026,SI
664294,2022,FF
664294,2023,FF
664294,2025,FF
664299,2020,FF
664299,2021,FF
664299,2022,FF
664299,2023,FF
664299,2024,FF
664299,2025,FF
664299,2026,FF
664337,2021,FF
664337,2022,FF
664350,2020,FF
664350,2024,FF
664351,2025,FF
664353,2020,FF
664353,2021,FF
664353,2022,FF
664353,2023,FF
664682,2021,FF
664714,2020,FF
664714,2021,FF
664747,2022,FF
664747,2023,FF
664747,2024,FF
664747,2025,FF
664776,2021,SI
664776,2023,SI
664776,2024,SI
664849,2022,SI
664849,2023,SI
664849,2024,SI
664849,2025,SI
664849,2026,SI
664854,2020,FF
664854,2021,FF
664854,2022,FF
664854,2023,FF
664854,2024,FF
664854,2025,FF
664854,2026,FF
664856,2020,FF
664875,2021,SI
664875,2022,SI
664875,2023,SI
664875,2024,SI
664875,2025,SI
664875,2026,FF
664918,2021,FF
664942,2022,SI
664942,2023,SI
664944,2022,FF
664948,2020,FF
664948,2021,FF
664948,2022,FF
664948,2023,FF
664948,2025,FC
664991,2025,FF
664991,2026,FF
665001,2022,FF
665001,2023,SI
665048,2023,FF
665093,2020,SI
665152,2020,FF
665152,2021,FF
665152,2022,FF
665152,2023,FF
665152,2024,FF
665152,2025,FF
665152,2026,FF
665620,2020,FF
665620,2021,FF
665620,2023,FF
665620,2024,FF
665621,2020,FF
665621,2022,FF
665622,2023,FF
665622,2024,FF
665622,2026,FF
665625,2022,SI
665625,2023,SI
665625,2024,SI
665625,2025,SI
665645,2021,FF
665645,2022,FF
665660,2025,FF
665660,2026,FF
665665,2022,FF
665665,2023,SI
665733,2020,FF
665733,2021,FF
665734,2023,FF
665759,2020,FF
665759,2021,FF
665795,2021,FF
665795,2022,FF
665795,2023,FF
665795,2024,FF
665795,2025,FF
665795,2026,FF
665854,2021,FF
665871,2022,FF
665871,2023,FF
665871,2024,FF
665871,2025,FF
665871,2026,FF
665896,2022,FF
665896,2023,FF
665896,2024,FF
666120,2020,FF
666120,2021,FF
666120,2022,FF
666120,2025,FF
666129,2020,FF
666129,2021,FF
666129,2022,FF
666129,2023,FF
666129,2024,FF
666142,2022,FF
666142,2023,FF
666142,2024,FF
666142,2025,FF
666142,2026,FF
666154,2023,FF
666157,2022,FF
666157,2023,FF
666157,2024,FF
666157,2025,FF
666157,2026,FF
666159,2021,FF
666159,2022,FF
666159,2023,FF
666159,2024,FF
666168,2021,SI
666168,2022,SI
666168,2023,FF
666168,2025,SI
666171,2024,FF
666171,2025,FF
666171,2026,FF
666200,2020,FF
666200,2021,FF
666200,2022,FF
666200,2023,FF
666200,2024,FF
666200,2025,FF
666200,2026,FF
666201,2021,FF
666201,2022,FF
666201,2023,FF
666201,2024,FF
666201,2026,SI
666204,2022,FF
666204,2023,FF
666204,2024,FF
666205,2021,FF
666205,2022,FF
666205,2023,FF
666205,2024,FF
666214,2022,FF
666214,2023,FF
666214,2024,FF
666214,2025,FF
666215,2024,SI
666215,2025,FF
666277,2023,FF
666277,2024,FF
666277,2025,FF
666277,2026,FF
666364,2023,FF
666374,2022,FF
666374,2023,FF
666374,2025,SI
666374,2026,SI
666619,2023,SI
666619,2025,SI
666659,2025,FF
666661,2025,FF
666661,2026,FF
666711,2025,FF
666711,2026,FF
666720,2023,FF
666720,2024,FF
666721,2022,FF
666721,2023,FF
666745,2023,FF
666745,2024,FF
666808,2021,FC
666808,2022,SI
666808,2023,SI
666808,2024,SI
666808,2025,SI
666808,2026,SI
666818,2022,FF
666818,2023,FF
666818,2024,FF
666974,2022,SI
666974,2023,SI
666974,2024,FF
666974,2025,FF
666974,2026,SI
667297,2021,FF
667297,2022,FF
667297,2024,SI
667297,2025,SI
667297,2026,SI
667376,2021,FF
667376,2022,FF
667427,2022,FF
667427,2023,FF
667463,2020,SI
667463,2021,SI
667463,2022,SI
667463,2023,SI
667463,2024,SI
667463,2025,SI
667463,2026,SI
667465,2020,SI
667465,2021,SI
667465,2022,SI
667498,2020,FF
667498,2021,FF
667498,2022,FF
667725,2021,FC
667725,2024,FF
667755,2023,FF
667755,2024,FF
667755,2025,FF
667755,2026,FF
668338,2022,FF
668338,2023,FF
668338,2024,FF
668390,2024,FF
668390,2025,FF
668390,2026,FF
668665,2022,FF
668665,2023,FF
668674,2023,FF
668674,2024,FF
668674,2025,FF
668674,2026,FF
668676,2020,FF
668676,2021,FF
668676,2022,FF
668676,2023,FF
668676,2024,FF
668678,2020,FF
668678,2021,FF
668678,2022,FF
668678,2023,FF
668678,2024,FF
668678,2025,FF
668678,2026,FF
668684,2022,FF
668687,2020,FC
668687,2021,FC
668716,2025,SI
668754,2023,FC
668820,2021,FF
668820,2025,FF
668834,2025,SI
668868,2022,FF
668868,2023,FF
668868,2024,FF
668873,2022,FF
668873,2024,FF
668873,2026,FF
668881,2022,FF
668881,2023,FF
668881,2024,FF
668881,2025,FF
668881,2026,FF
668909,2023,FF
668909,2024,FF
668909,2025,FF
668909,2026,FF
668933,2022,SI
668933,2023,SI
668933,2024,SI
668933,2025,FC
668933,2026,FC
668941,2020,SI
668941,2021,FF
668941,2022,SI
668941,2023,FF
668941,2024,FF
668941,2025,FF
668941,2026,SI
668943,2024,FF
668948,2022,FF
668964,2024,FF
668964,2025,FF
668964,2026,FF
668968,2024,SI
668970,2023,FF
668970,2025,FF
668970,2026,FF
668984,2023,FF
668984,2024,FF
668984,2025,FF
668984,2026,FF
669020,2025,FF
669020,2026,FF
669022,2022,FF
669022,2023,FF
669022,2024,FF
669022,2025,FF
669022,2026,FF
669060,2020,FF
669060,2021,FF
669060,2022,FF
669060,2023,FF
669060,2024,FF
669060,2025,FF
669060,2026,FF
669062,2024,FF
669062,2025,FF
669062,2026,FF
669064,2020,FF
669084,2022,FF
669084,2023,FF
669084,2024,FF
669084,2025,FF
669084,2026,FF
669093,2022,FF
669093,2023,FF
669093,2024,FF
669093,2025,FF
669093,2026,FF
669105,2023,FF
669111,2024,FF
669135,2021,FF
669145,2020,FF
669145,2021,FF
669145,2022,FF
669160,2020,SI
669160,2021,FF
669160,2022,FF
669160,2023,FF
669160,2025,FF
669160,2026,FF
669165,2026,FF
669169,2021,FF
669169,2022,FF
669169,2023,FF
669194,2022,FF
669194,2023,FF
669194,2024,FF
669194,2025,FF
669194,2026,FF
669199,2024,FF
669199,2025,FF
669199,2026,FF
669203,2020,SI
669203,2021,SI
669203,2022,SI
669203,2023,SI
669203,2024,SI
669203,2025,SI
669211,2020,FF
669211,2021,FF
669211,2022,FF
669211,2023,FF
669211,2024,FF
669211,2025,FF
669211,2026,FF
669212,2021,FF
669212,2022,FF
669212,2023,FF
669212,2024,FF
669212,2026,FF
669214,2020,FF
669214,2021,FF
669270,2022,FF
669270,2023,FF
669270,2024,FC
669270,2026,SI
669276,2022,FF
669276,2023,FF
669276,2024,FF
669276,2025,FF
669276,2026,FF
669294,2021,FF
669302,2021,FF
669302,2022,FF
669302,2023,FF
669302,2024,FF
669302,2025,FF
669302,2026,FF
669308,2024,FF
669308,2025,FF
669330,2021,FF
669330,2022,FF
669330,2023,FF
669330,2024,FF
669330,2025,FF
669330,2026,FF
669358,2021,FF
669358,2022,FF
669358,2024,FF
669358,2025,FF
669358,2026,FF
669371,2025,FF
669371,2026,FF
669372,2024,SI
669372,2025,SI
669372,2026,FF
669373,2020,FF
669373,2021,FF
669373,2022,FF
669373,2023,FF
669373,2024,FF
669373,2025,FF
669373,2026,FF
669387,2023,FF
669387,2024,FF
669387,2025,FF
669387,2026,FF
669395,2022,FF
669395,2023,FF
669422,2024,FF
669422,2025,FF
669424,2021,FF
669424,2022,FF
669424,2023,FF
669432,2020,FF
669432,2021,FF
669432,2022,FF
669432,2023,FF
669432,2024,FF
669432,2025,FF
669432,2026,FF
669438,2023,FF
669438,2024,FF
669438,2025,FF
669438,2026,FF
669456,2020,FF
669456,2021,FF
669456,2022,FF
669456,2023,FF
669456,2024,FF
669456,2025,FF
669456,2026,FF
669459,2021,FC
669459,2022,FF
669459,2023,FF
669461,2022,FF
669461,2023,FF
669461,2024,FF
669461,2025,FF
669461,2026,FF
669467,2022,FF
669467,2023,FF
669467,2024,FF
669467,2025,FF
669467,2026,FF
669618,2021,FF
669618,2022,FF
669618,2023,FF
669620,2024,FF
669620,2025,FF
669620,2026,FF
669622,2021,SI
669622,2022,SI
669622,2024,SI
669622,2025,SI
669622,2026,SI
669674,2021,FF
669674,2022,FF
669674,2023,FF
669674,2024,FF
669674,2025,FF
669684,2023,FF
669684,2025,FF
669684,2026,FF
669704,2025,FF
669711,2022,SI
669711,2023,FF
669711,2024,FF
669711,2025,FF
669711,2026,FF
669713,2022,FF
669713,2023,FF
669713,2024,FF
669713,2025,FF
669721,2023,FF
669721,2024,FF
669721,2025,FF
669724,2024,FF
669724,2025,FF
669724,2026,SI
669735,2021,SI
669796,2023,FF
669804,2022,FF
669854,2022,FF
669854,2023,FF
669854,2024,FF
669854,2025,FF
669854,2026,FF
669912,2022,FF
669912,2023,SI
669912,2024,SI
669920,2022,FF
669920,2025,FF
669920,2026,FF
669923,2022,FF
669923,2023,FF
669923,2024,FF
669923,2025,FF
669923,2026,FF
669935,2021,FF
669935,2022,FF
669947,2023,FF
669947,2025,FF
669947,2026,FF
669952,2021,FF
669952,2022,FF
669952,2023,FF
669952,2024,FF
670036,2022,FF
670036,2023,FF
670036,2024,FF
670036,2025,FF
670036,2026,FF
670046,2022,FF
670046,2023,FF
670046,2024,FF
670056,2020,FF
670056,2021,FF
670059,2022,SI
670059,2023,SI
670059,2024,SI
670059,2025,SI
670059,2026,SI
670062,2026,FF
670087,2021,FF
670090,2021,FF
670090,2022,FF
670102,2023,FF
670102,2024,FF
670102,2025,FF
670124,2022,FF
670124,2023,FF
670124,2024,FF
670167,2020,FF
670167,2022,FF
670167,2023,FF
670167,2024,FF
670167,2025,FF
670167,2026,FF
670174,2022,FF
670174,2023,FF
670174,2024,FF
670174,2025,FF
670183,2023,FF
670183,2026,FF
670241,2023,FF
670241,2024,FF
670245,2026,FF
670280,2020,FF
670280,2021,FF
670280,2022,FF
670280,2023,FF
670280,2024,FF
670280,2025,FF
670280,2026,FF
670288,2022,SI
670329,2020,FF
670329,2022,FF
670329,2023,FF
670329,2025,FF
670329,2026,FF
670426,2020,FF
670426,2022,FF
670456,2021,FF
670550,2020,FF
670766,2021,SI
670766,2024,FF
670810,2022,FF
670810,2023,FF
670810,2024,FF
670871,2024,FF
670912,2020,FF
670912,2021,FF
670912,2022,FF
670912,2023,FF
670912,2025,FF
670950,2020,FF
670950,2021,FF
670950,2022,FF
670950,2023,FF
670950,2024,FF
670950,2025,FF
670950,2026,FF
670955,2021,FF
670955,2022,FF
670955,2024,FF
670955,2025,FF
670970,2020,FF
670970,2022,FF
670970,2023,FF
670970,2024,FF
670970,2025,SI
670970,2026,FF
670990,2020,FF
670990,2021,FF
670990,2022,FF
670990,2023,SI
670990,2024,FF
670990,2025,FF
670990,2026,FF
671096,2023,FF
671096,2024,FF
671096,2025,FF
671096,2026,FF
671106,2023,FF
671106,2024,FF
671106,2025,FF
671106,2026,FF
671109,2025,FF
671111,2023,FF
671111,2024,FF
671131,2023,FF
671131,2025,FF
671212,2023,FF
671212,2024,FF
671212,2025,FF
671212,2026,FF
671305,2024,FF
671305,2025,FF
671345,2021,SI
671345,2022,FF
671345,2023,SI
671345,2024,FF
671382,2026,FF
671737,2023,FF
671737,2024,FF
671737,2025,FF
671737,2026,FF
671790,2022,FF
671922,2024,FF
671922,2025,FF
671922,2026,FF
671936,2026,FF
672282,2021,FF
672282,2022,FF
672282,2023,FF
672282,2024,FF
672282,2025,FF
672282,2026,FF
672335,2020,FF
672335,2021,FF
672335,2022,FF
672335,2023,FF
672335,2024,FF
672335,2025,SI
672335,2026,FF
672391,2022,FF
672391,2023,FF
672391,2024,FF
672391,2025,FF
672456,2024,FF
672456,2025,FF
672456,2026,FF
672552,2024,FF
672578,2020,FF
672578,2021,FF
672578,2022,FF
672578,2023,FF
672578,2024,FF
672578,2025,FF
672582,2022,FF
672582,2023,FF
672582,2024,FF
672582,2025,FF
672582,2026,SI
672710,2022,FF
672710,2023,FF
672710,2024,FF
672710,2025,FF
672715,2020,FF
672715,2021,FF
672715,2022,FF
672715,2023,FF
672730,2023,SI
672782,2024,FF
672782,2025,FF
672782,2026,FF
672841,2025,SI
672851,2022,FF
672851,2023,FF
672851,2024,FF
672860,2024,FF
672911,2022,FF
673258,2020,FF
673380,2024,FF
673380,2025,FF
673513,2024,FF
673513,2025,FF
673513,2026,FF
673540,2023,FF
673540,2025,FF
673540,2026,FF
673633,2020,FF
673929,2024,FF
673929,2025,FF
673929,2026,FF
674003,2023,FF
674003,2024,FF
674072,2022,FF
674072,2023,FF
674072,2024,FF
674285,2023,SI
674285,2024,SI
674285,2025,FF
674370,2023,FF
674370,2024,FF
674370,2025,FF
674370,2026,FF
674384,2025,FF
674444,2023,FF
674444,2025,FF
674444,2026,FF
674681,2023,FF
674841,2025,FF
674841,2026,FF
674944,2021,FF
674944,2024,SI
674944,2025,SI
675512,2025,FF
675512,2026,FF
675540,2022,FF
675540,2023,FF
675540,2024,FF
675627,2022,FF
675627,2023,FF
675627,2024,SI
675650,2024,FF
675660,2026,FF
675848,2025,FF
675848,2026,FF
675911,2022,FF
675911,2023,FF
675911,2024,FF
675911,2025,FF
675911,2026,FF
675912,2021,FF
675912,2022,FF
675916,2020,FF
675916,2021,FF
675916,2022,FF
675916,2023,FF
675916,2026,FF
675921,2020,FF
675921,2021,FF
675921,2022,FF
675921,2024,FF
675989,2023,FF
675989,2024,SI
675989,2026,FF
676050,2021,FF
676050,2022,FF
676051,2020,FF
676051,2021,FF
676051,2026,FF
676083,2021,FF
676083,2022,FF
676083,2023,FF
676083,2024,FF
676083,2025,FF
676083,2026,FF
676092,2022,SI
676092,2023,SI
676092,2024,FF
676092,2025,FF
676103,2022,FF
676105,2024,FF
676106,2023,FF
676106,2024,FF
676106,2025,FF
676106,2026,FF
676130,2022,FF
676130,2023,FF
676130,2024,FF
676130,2025,FF
676194,2022,FF
676206,2023,FF
676220,2020,SI
676220,2021,SI
676254,2023,SI
676254,2024,SI
676254,2025,SI
676254,2026,SI
676263,2025,FF
676263,2026,FF
676265,2021,FF
676265,2022,FF
676265,2023,FF
676272,2023,FF
676272,2024,FF
676282,2024,FF
676282,2025,FF
676282,2026,FF
676395,2023,FF
676395,2024,FF
676395,2025,FF
676395,2026,FF
676424,2021,FF
676428,2024,SI
676428,2025,FF
676428,2026,SI
676440,2023,FF
676440,2024,FF
676440,2025,FF
676440,2026,FF
676467,2025,FF
676467,2026,FF
676477,2021,FF
676477,2022,FF
676477,2023,FF
676477,2024,SI
676477,2025,SI
676477,2026,SI
676508,2024,FF
676508,2025,FF
676534,2022,FF
676534,2023,FF
676534,2024,FF
676534,2025,FF
676534,2026,FF
676568,2026,FF
676571,2025,FF
676571,2026,FF
676596,2020,SI
676596,2021,SI
676596,2022,SI
676596,2023,SI
676596,2024,SI
676604,2020,FF
676604,2021,FF
676604,2025,FF
676604,2026,FF
676606,2020,FF
676606,2021,FF
676614,2024,FF
676617,2024,SI
676617,2025,SI
676617,2026,SI
676637,2022,FF
676641,2022,FF
676660,2022,FF
676661,2024,FF
676661,2025,FF
676664,2022,FF
676664,2023,FF
676664,2024,FF
676664,2025,FF
676664,2026,FF
676680,2023,FF
676680,2024,FF
676684,2021,FF
676684,2022,FF
676684,2023,FF
676684,2024,FF
676684,2025,FF
676684,2026,FF
676702,2023,FF
676702,2024,FF
676702,2025,FF
676709,2021,FF
676710,2022,FF
676710,2023,FF
676710,2024,FF
676714,2022,FF
676714,2023,FF
676714,2024,FF
676720,2022,FF
676742,2025,FF
676742,2026,FF
676755,2021,FF
676755,2024,FF
676755,2025,FF
676755,2026,FF
676760,2022,FF
676760,2023,FF
676760,2024,FF
676760,2025,FF
676760,2026,FF
676775,2023,FF
676775,2024,FF
676775,2026,FF
676831,2021,FF
676831,2022,FF
676840,2021,SI
676840,2022,SI
676879,2021,SI
676879,2022,FF
676879,2024,SI
676879,2025,SI
676879,2026,SI
676886,2021,FF
676886,2022,FF
676917,2025,FF
676917,2026,FF
676961,2025,FF
676962,2024,FF
676962,2025,FF
676962,2026,FF
676969,2021,SI
676969,2024,SI
676974,2024,FF
676974,2025,FF
676974,2026,FF
676979,2020,FF
676979,2021,FF
676979,2023,FF
676979,2024,FF
676979,2025,FF
676979,2026,FF
677020,2023,FF
677020,2024,FF
677053,2022,FF
677053,2023,FF
677053,2024,FF
677053,2026,FF
677161,2022,FF
677161,2023,FF
677161,2024,FF
677161,2025,FF
677161,2026,FC
677651,2020,FF
677651,2021,FF
677651,2022,FF
677651,2023,FF
677651,2025,FF
677865,2021,FC
677865,2022,SI
677865,2023,SI
677865,2025,SI
677865,2026,FF
677944,2023,FF
677944,2024,FF
677944,2025,FF
677944,2026,FF
677952,2025,FF
677952,2026,FF
677955,2024,SI
677955,2025,FF
677955,2026,FF
677958,2024,FF
677958,2025,FF
677958,2026,FF
677960,2021,FF
677960,2023,FF
677960,2024,FF
677960,2025,FF
677960,2026,FF
677961,2026,FF
677976,2020,SI
677976,2021,SI
677976,2026,SI
678020,2024,FF
678020,2025,FF
678020,2026,FF
678022,2025,FF
678022,2026,FF
678024,2025,FF
678061,2023,FF
678061,2024,FF
678215,2025,FF
678226,2024,FF
678226,2025,FF
678316,2025,FF
678368,2024,FF
678368,2025,FF
678394,2022,FF
678394,2023,FF
678394,2024,FF
678394,2025,FF
678394,2026,FF
678495,2024,FF
678495,2025,FF
678606,2023,FF
678606,2024,FF
678606,2025,FF
678606,2026,SI
678692,2024,FF
678692,2025,FF
678821,2024,FF
678821,2025,FF
678868,2026,SI
678906,2024,SI
678906,2025,FF
678906,2026,FF
679156,2024,SI
679346,2023,SI
679358,2025,FF
679358,2026,FF
679525,2023,FF
679525,2024,FF
679775,2025,SI
679775,2026,SI
679883,2025,FF
679883,2026,FF
679885,2023,FF
679885,2024,FF
679885,2025,FF
680570,2023,FF
680570,2024,FF
680570,2026,FF
680573,2022,FF
680573,2024,FF
680573,2025,FF
680573,2026,FF
680604,2026,SI
680684,2025,FF
680686,2021,FF
680686,2022,FF
680686,2023,FF
680689,2023,FF
680689,2025,FF
680692,2020,FF
680694,2022,FF
680694,2023,FF
680694,2024,FF
680694,2025,FF
680694,2026,FF
680702,2020,FF
680702,2026,FF
680704,2021,FF
680704,2022,FF
680704,2023,FF
680704,2024,FF
680704,2025,FF
680723,2023,FF
680723,2026,FF
680729,2025,SI
680730,2024,FF
680730,2025,FF
680730,2026,FF
680732,2024,FF
680732,2025,FF
680732,2026,FF
680735,2023,FF
680735,2025,FF
680736,2024,FF
680736,2025,FF
680736,2026,FF
680739,2022,FF
680739,2023,FF
680742,2025,FF
680742,2026,FF
680744,2024,FF
680744,2026,FF
680755,2025,FF
680755,2026,FF
680767,2023,FF
680767,2024,FF
680767,2025,FF
680767,2026,FF
680802,2026,FF
680880,2024,FF
680880,2025,FF
680885,2024,FF
680885,2025,FF
680891,2024,FF
680897,2024,FF
680916,2026,FF
680951,2025,FF
681006,2025,FF
681035,2024,FF
681035,2026,FF
681066,2024,FF
681151,2025,FF
681151,2026,FF
681168,2025,FF
681190,2023,FF
681190,2024,FF
681190,2025,FF
681190,2026,FF
681217,2022,FF
681217,2023,FF
681217,2024,FF
681217,2025,FF
681217,2026,FF
681252,2026,FF
681293,2024,FF
681293,2025,FF
681293,2026,FF
681343,2025,FF
681343,2026,FF
681347,2025,FF
681347,2026,FF
681402,2023,FF
681402,2024,FF
681402,2026,FF
681432,2023,FF
681432,2024,FF
681464,2022,FF
681517,2024,FF
681517,2025,FF
681517,2026,FF
681676,2024,FF
681676,2025,FF
681676,2026,FF
681751,2025,FF
681751,2026,FF
681799,2022,FC
681799,2024,FC
681799,2025,FC
681799,2026,SI
681806,2021,FF
681806,2022,FF
681806,2023,FF
681810,2021,FF
681810,2022,FF
681810,2025,SI
681810,2026,FF
681857,2023,FF
681857,2024,FF
681857,2025,FF
681867,2023,SI
681867,2024,SI
681867,2025,SI
681867,2026,SI
681869,2023,FF
681869,2024,FF
681869,2025,FF
681870,2024,FF
681870,2025,FF
681870,2026,FF
681882,2023,SI
681882,2025,SI
681885,2022,FF
681892,2023,FC
681892,2024,SI
681892,2025,SI
681892,2026,SI
681895,2025,FF
681895,2026,FF
681911,2020,FF
681911,2021,FF
681911,2022,FF
681911,2023,FF
681911,2024,FF
681911,2025,FF
681911,2026,FF
681916,2025,FF
681916,2026,FF
681982,2023,FF
681982,2024,FF
681982,2025,FF
681982,2026,FF
682010,2023,FF
682051,2022,FF
682051,2023,FF
682052,2023,FF
682052,2024,FF
682052,2025,FF
682052,2026,FF
682120,2023,FF
682120,2024,FF
682120,2025,FF
682120,2026,FF
682171,2022,FF
682171,2023,FF
682171,2025,FF
682175,2023,SI
682227,2023,FF
682227,2024,FF
682227,2026,FF
682243,2023,FF
682243,2024,FF
682243,2025,FF
682243,2026,FF
682254,2024,FF
682254,2025,FF
682254,2026,FF
682274,2025,FF
682445,2026,FF
682608,2026,FF
682610,2024,FF
682610,2025,SI
682790,2025,FF
682825,2025,SI
682825,2026,SI
682842,2023,SI
682842,2024,SI
682842,2025,SI
682842,2026,SI
682847,2022,FF
682847,2023,FF
682847,2024,FF
682847,2025,FF
682967,2023,FF
682982,2026,FF
682989,2025,SI
682989,2026,FF
682990,2023,FF
682990,2024,FF
682990,2025,SI
682995,2026,FF
683000,2026,FF
683003,2024,FF
683003,2026,FF
683004,2024,FF
683004,2025,FF
683004,2026,FF
683155,2023,FF
683155,2024,FF
683155,2025,FF
683175,2023,FF
683175,2025,FF
683175,2026,FF
683232,2020,FF
683232,2021,FF
683232,2023,FF
683232,2024,FF
683232,2025,FF
683232,2026,FF
683352,2026,FF
683409,2024,FF
683409,2025,FF
683568,2024,FF
683618,2025,FF
683618,2026,FF
683627,2024,FF
683627,2025,FF
683742,2026,FF
683769,2022,FF
683769,2023,FF
683769,2024,FF
683769,2025,FF
683769,2026,FF
684007,2024,FF
684007,2025,FF
684007,2026,FF
684049,2026,FF
684320,2024,FF
684320,2025,FF
684442,2026,FF
684974,2025,FF
684974,2026,FF
685005,2026,SI
685107,2024,FF
685107,2025,FF
685112,2026,FC
685116,2024,SI
685126,2025,FF
685126,2026,FF
685299,2024,FF
685299,2025,FF
685299,2026,FF
685314,2023,SI
685314,2025,SI
685326,2025,FF
685410,2023,FF
685493,2020,FF
685503,2021,FF
685503,2022,SI
685801,2024,FF
685801,2025,FF
685801,2026,FF
686218,2023,FF
686218,2025,FF
686218,2026,FF
686228,2025,SI
686294,2023,FF
686539,2023,SI
686539,2024,FF
686560,2026,FF
686563,2024,FF
686563,2025,FF
686580,2024,FF
686580,2025,FF
686580,2026,FF
686610,2022,FF
686610,2023,FF
686613,2022,FF
686613,2023,FF
686613,2024,FF
686613,2025,FF
686613,2026,FF
686642,2024,FF
686642,2025,FF
686651,2023,FF
686654,2023,FF
686701,2025,FF
686730,2023,FF
686730,2024,FF
686730,2025,SI
686747,2023,SI
686747,2024,SI
686751,2025,FF
686751,2026,FF
686752,2022,FF
686752,2023,FF
686752,2024,FF
686752,2025,FF
686753,2022,FF
686753,2023,FF
686753,2026,FF
686790,2025,SI
686790,2026,SI
686796,2024,FF
686799,2024,FF
686799,2025,FF
686799,2026,FF
686826,2023,FF
686826,2024,FF
686826,2025,FF
686839,2023,FF
686930,2025,FF
686930,2026,FF
686972,2022,FF
686973,2022,FF
686973,2023,FF
686973,2024,FF
686973,2025,FF
686973,2026,FF
686993,2025,FF
686993,2026,FF
687014,2024,FF
687064,2025,FF
687064,2026,FF
687075,2025,SI
687075,2026,FF
687134,2024,FF
687134,2025,FF
687145,2023,FF
687209,2025,FF
687209,2026,FF
687223,2025,FF
687223,2026,SI
687239,2026,FF
687312,2026,FF
687330,2023,SI
687330,2024,SI
687330,2025,FF
687330,2026,SI
687362,2024,FF
687362,2025,FF
687377,2025,FF
687377,2026,FF
687396,2023,FF
687396,2025,FF
687396,2026,FF
687424,2024,FF
687424,2025,FF
687473,2025,FF
687473,2026,FF
687531,2026,FF
687562,2026,FF
687570,2026,FF
687606,2025,FF
687606,2026,FF
687765,2024,SI
687765,2025,SI
687765,2026,FC
687792,2024,FF
687798,2023,FF
687798,2024,FF
687830,2023,FF
687830,2025,FF
687849,2025,FF
687849,2026,FF
687863,2024,FF
687863,2025,FF
687888,2023,SI
687888,2025,FF
687911,2024,FF
687911,2025,FF
687911,2026,FF
687922,2023,FF
687922,2024,FF
687922,2025,FF
687924,2024,FF
687931,2025,FF
687931,2026,FF
687941,2026,FF
688107,2024,FF
688107,2026,FF
688138,2025,FF
688158,2025,FF
688158,2026,FF
688297,2024,FF
688297,2025,FF
688297,2026,FF
688497,2025,FF
688642,2025,FF
688642,2026,FF
688883,2026,FF
689017,2024,FF
689017,2025,FF
689147,2024,FF
689147,2025,FF
689147,2026,FF
689225,2022,FF
689225,2023,FF
689225,2024,FF
689225,2025,FF
689225,2026,FF
689254,2025,FC
689254,2026,FC
689266,2023,FF
689266,2025,SI
689266,2026,SI
689296,2026,FF
689441,2026,FF
689520,2025,FF
689520,2026,FF
689546,2026,SI
689672,2024,FF
689690,2024,SI
689690,2025,FF
689818,2026,FF
689958,2024,FF
689981,2024,FF
690155,2026,FF
690382,2025,SI
690544,2024,FF
690544,2025,FF
690829,2023,FF
690829,2024,FF
690916,2024,FF
690916,2025,FF
690925,2025,FF
690925,2026,FF
690928,2025,FF
690928,2026,FF
690953,2025,FF
690953,2026,FF
690978,2026,FF
690986,2023,FF
690986,2024,FF
690986,2025,FF
690986,2026,FF
690990,2025,FF
690997,2025,FF
690997,2026,FF
691008,2026,FF
691172,2024,SI
691172,2025,SI
691251,2025,FF
691587,2023,FF
691587,2025,FF
691587,2026,FF
691725,2026,FF
691769,2025,FF
691769,2026,FF
691799,2025,FF
691799,2026,FF
691946,2026,FF
691951,2024,FF
691951,2025,FF
691951,2026,FF
692230,2025,FF
692285,2024,FF
692285,2025,FF
693312,2023,FF
693312,2024,FF
693312,2025,FF
693312,2026,FF
693313,2025,FF
693433,2023,FF
693433,2024,FF
693433,2025,FF
693433,2026,FF
693645,2025,FF
693645,2026,FF
693686,2026,FF
693821,2022,FF
693821,2023,FF
693821,2024,FF
693821,2025,FF
693821,2026,FF
693855,2025,FF
693855,2026,FF
694037,2023,FF
694037,2024,FF
694037,2025,FF
694037,2026,FF
694297,2023,FF
694297,2024,FF
694297,2025,FF
694297,2026,FF
694335,2025,SI
694335,2026,SI
694341,2026,FF
694346,2026,FF
694350,2024,FF
694350,2025,FF
694360,2026,FF
694361,2024,FF
694361,2025,FF
694361,2026,FF
694363,2023,FF
694363,2024,FF
694363,2025,FF
694462,2024,FF
694462,2025,SI
694462,2026,SI
694477,2025,FF
694477,2026,FF
694646,2025,FF
694680,2026,FF
694738,2024,SI
694738,2025,SI
694738,2026,FF
694813,2023,FF
694813,2024,FF
694819,2025,FF
694819,2026,FF
694851,2025,FF
694851,2026,FF
694918,2025,FF
694918,2026,FF
694973,2024,FF
694973,2025,FF
694973,2026,FF
695001,2026,SI
695034,2026,SI
695076,2024,FF
695076,2026,FF
695239,2026,FF
695243,2023,FF
695243,2024,FF
695243,2025,FF
695243,2026,FF
695380,2026,FF
695418,2025,FF
695418,2026,FF
695445,2025,FF
695505,2025,FF
695505,2026,FF
695534,2026,FF
695549,2025,FF
695611,2026,FF
695684,2026,FF
696062,2026,FF
696070,2026,FF
696131,2024,FF
696131,2026,FF
696136,2023,FF
696136,2024,FF
696136,2025,FF
696136,2026,FF
696147,2023,SI
696147,2025,SI
696147,2026,SI
696149,2025,FF
696149,2026,FF
696270,2025,SI
696270,2026,SI
696519,2026,FF
696522,2026,FF
697812,2025,SI
697812,2026,FF
699044,2026,FF
699134,2025,FF
699134,2026,FF
699823,2026,FF
699911,2025,FF
700187,2024,FF
700187,2025,FF
700241,2024,FF
700241,2025,FF
700241,2026,FF
700249,2024,FF
700249,2025,FF
700249,2026,FF
700270,2024,FF
700363,2023,FF
700363,2025,FF
700669,2025,FF
700669,2026,FF
700712,2026,FF
700842,2026,FF
701121,2025,FF
701487,2025,FF
701519,2025,FF
701519,2026,FF
701542,2024,FF
701542,2025,FF
701542,2026,FF
701552,2025,FF
701581,2024,FF
701581,2025,FF
701643,2023,SI
701656,2025,FF
701656,2026,FF
701719,2026,FF
702021,2026,FF
702056,2025,FF
702056,2026,FF
702070,2025,FF
702070,2026,FF
702193,2026,FF
702273,2026,FF
702275,2026,FF
702303,2026,FF
702352,2024,SI
702352,2025,FF
702474,2026,FF
702566,2026,FF
702674,2024,FF
702674,2025,FF
702752,2026,FC
702795,2025,FF
703615,2026,FF
703725,2026,FF
800048,2025,FF
800048,2026,FF
800049,2024,FF
800049,2025,FF
800311,2025,FF
800311,2026,FF
801139,2025,FF
801139,2026,FF
801403,2025,FF
801403,2026,FF
801434,2025,FF
801434,2026,FF
802419,2025,FF
804267,2026,FF
804636,2025,FF
804636,2026,FF
805123,2025,FF
805123,2026,FF
805299,2025,SI
805299,2026,SI
805326,2026,FF
805427,2026,FF
805673,2024,FF
805673,2025,FF
805673,2026,FF
806185,2024,FF
806185,2025,FF
806188,2025,FF
806188,2026,SI
806960,2025,FF
806960,2026,FF
807743,2026,FF
808963,2025,FF
808963,2026,FF
808967,2024,FF
808967,2025,FF
808967,2026,FF
813349,2025,FF
813349,2026,FF
814005,2024,FF
815083,2025,FF
815083,2026,FF
820862,2025,FF
820862,2026,SI
829272,2025,FF
837227,2026,FF
