player_name,pitch_type,grp,n,act_miss,base,aug,gain,path_ratio,axis_diff,eff_diff_k
"Peterson, David",CU,breaking,25,2.17,3.15,4.76,1.61,0.46,176.8,0.01
"Glasnow, Tyler",KC,breaking,26,1.91,1.59,2.84,1.247,0.72,171.6,0
"Holmes, Grant",CU,breaking,27,1.74,1.91,2.89,0.978,0.54,173.5,0.03
"Taylor, Grant",CU,breaking,39,2.72,2.79,3.55,0.759,0.58,176.5,0.01
"Taylor, Grant",SL,breaking,32,0.98,2.73,3.47,0.734,0.37,145.7,0.03
"Pérez, Cionel",SV,breaking,38,1.6,1.59,2.28,0.689,0.52,171.7,0.02
"Sasaki, Roki",FO,offspeed,34,0.6,1.79,2.48,0.687,0.5,81.2,0.03
"Cavalli, Cade",KC,breaking,95,1.63,0.86,1.5,0.645,0.44,175.5,0.01
"Bello, Brayan",ST,breaking,39,0.42,1.17,1.72,0.556,0.41,167.1,0.02
"Prielipp, Connor",CU,breaking,42,1.38,1.54,2.05,0.508,0.44,175.7,0.02
"Miller, Mason",SL,breaking,75,5.12,2.66,3.16,0.499,0.39,165.8,0.02
"Lugo, Seth",CU,breaking,59,0.47,0.68,1.17,0.487,1.12,171.6,0.01
"Phillips, Tyler",CU,breaking,39,2.5,1.49,1.97,0.485,0.59,175.5,0.02
"Ohtani, Shohei",ST,breaking,57,1.86,1.62,2.1,0.484,0.62,152.9,0.01
"Alvarez, Andrew",SL,breaking,27,1.26,2.57,3.04,0.471,0.35,167.9,0.03
"Domínguez, Seranthony",ST,breaking,26,0.5,1.34,1.81,0.469,0.56,143.7,0.02
"Soriano, José",KC,breaking,82,3.15,2.76,3.2,0.449,0.52,158.9,0.01
"Nunez, Anthony",ST,breaking,43,2.43,1.67,2.12,0.446,0.37,159.9,0.01
"Jump, Gage",CU,breaking,38,0.79,1.19,1.61,0.422,0.61,170,0.02
"Williams, Gavin",ST,breaking,113,1.89,1.62,2.04,0.415,0.34,168.6,0.03
"Hudson, Bryan",ST,breaking,27,0.18,1.47,1.87,0.408,0.6,176.6,0.01
"McClanahan, Shane",SL,breaking,43,0.51,1.04,1.43,0.395,0.4,100.4,0.05
"Corbin, Patrick",CH,offspeed,26,1.24,0.96,1.35,0.389,0.46,21,0.01
"Meyer, Max",SL,breaking,60,1.03,1.74,2.13,0.387,0.19,139.8,0.05
"Morejon, Adrian",SL,breaking,25,0.91,1.18,1.56,0.373,0.32,133.9,0.04
"Leahy, Kyle",CU,breaking,51,1.5,1.37,1.73,0.365,0.45,161.7,0.01
"Roupp, Landen",CU,breaking,88,0.99,0.53,0.89,0.359,0.93,176.9,0.01
"Misiorowski, Jacob",SL,breaking,33,1.23,1.78,2.13,0.358,0.36,89.9,0.04
"Drohan, Shane",CU,breaking,26,0.92,1.12,1.48,0.355,0.79,175,0.02
"Schultz, Noah",ST,breaking,29,1.27,1.14,1.49,0.345,0.46,162.2,0.01
"Cameron, Noah",CU,breaking,76,1.11,2.03,2.36,0.333,0.5,169.6,0.02
"Ramírez, Yohan",ST,breaking,71,1.77,1.52,1.85,0.324,0.61,166.6,0.01
"Doval, Camilo",SL,breaking,40,1.7,1.48,1.79,0.315,0.43,166.3,0.01
"Lorenzen, Michael",CU,breaking,29,0.98,1.53,1.84,0.312,0.34,160.5,0.02
"Lawrence, Justin",ST,breaking,50,2.63,1.13,1.44,0.311,0.72,171.7,0.01
"Gordon, Tanner",SL,breaking,33,0.38,0.55,0.86,0.31,0.36,24,0.05
"Sproat, Brandon",CU,breaking,41,0.83,0.5,0.81,0.308,0.55,174.1,0.01
"Senga, Kodai",FO,offspeed,39,2.57,1.63,1.92,0.296,0.51,39.1,0.02
"Kay, Anthony",ST,breaking,37,1.31,0.86,1.15,0.292,0.54,163.8,0.01
"Gore, MacKenzie",SL,breaking,34,0.86,1.25,1.54,0.292,0.31,137.8,0.04
"May, Dustin",ST,breaking,88,1.41,2.12,2.41,0.292,0.46,169.2,0.02
"Liberatore, Matthew",SL,breaking,103,1.38,0.97,1.26,0.287,0.37,104.1,0.05
"Fermin, José",SL,breaking,69,1.22,1.05,1.34,0.287,0.32,56.1,0.06
"Anderson, Drew",CU,breaking,26,0.74,0.61,0.89,0.284,0.62,175.6,0
"Pérez, Eury",SL,breaking,31,1.01,1.68,1.95,0.277,0.36,53.7,0.05
"Beeter, Clayton",SL,breaking,52,2.36,1.69,1.97,0.272,0.43,172.5,0.04
"Weathers, Ryan",ST,breaking,38,1.62,1.36,1.63,0.271,0.82,161.7,0.03
"Cabrera, Edward",CH,offspeed,62,0.69,0.41,0.68,0.269,0.14,14.8,0.02
"Hart, Kyle",ST,breaking,31,1.61,0.83,1.1,0.267,0.54,156.3,0.01
"Burke, Sean",KC,breaking,82,1.64,0.9,1.17,0.266,0.66,174.9,0.01
"Klein, Will",ST,breaking,34,1.6,2.86,3.13,0.266,0.39,170.6,0.02
"Romano, Jordan",SL,breaking,32,2.11,1.22,1.49,0.265,0.41,141.1,0.04
"Leiter, Jack",SL,breaking,40,1.45,1.36,1.63,0.263,0.4,130.9,0.05
"Gore, MacKenzie",CU,breaking,89,1.25,1.45,1.71,0.262,0.48,175.6,0.02
"Ginn, J.T.",SL,breaking,58,1.17,1.72,1.98,0.258,0.26,172.6,0.02
"Kirby, George",ST,breaking,115,1.27,1.96,2.22,0.255,0.36,175.6,0.02
"Hoppe, Alex",SL,breaking,35,1.71,1.15,1.4,0.253,0.3,136,0.03
"Gilbert, Logan",FS,offspeed,106,1.35,2.06,2.3,0.244,0.49,72.3,0.04
"Mize, Casey",SL,breaking,26,0.83,0.67,0.92,0.243,0.27,45.5,0.05
"Imai, Tatsuya",SL,breaking,108,1.03,0.98,1.23,0.242,0.3,34.8,0.05
"Alvarado, Elvis",SL,breaking,31,0.78,1.73,1.97,0.241,0.36,66.3,0.06
"Yesavage, Trey",FS,offspeed,90,1.89,1.16,1.4,0.241,0.51,23.5,0.01
"Pérez, Eury",ST,breaking,49,1.19,1.8,2.04,0.24,0.6,111.8,0.03
"Cano, Yennier",FS,offspeed,34,0.5,0.33,0.57,0.235,0.24,11.6,0.02
"Wrobleski, Justin",SL,breaking,80,0.46,0.46,0.69,0.229,0.38,140.9,0.04
"Watson, Ryan",CU,breaking,27,1.17,0.81,1.04,0.228,0.52,170.3,0
"Cavalli, Cade",ST,breaking,54,1.22,0.93,1.16,0.225,0.48,175.5,0.01
"Elder, Bryce",SL,breaking,79,1.2,1.27,1.5,0.223,0.35,166.3,0.04
"Painter, Andrew",CU,breaking,28,0.52,0.88,1.09,0.21,0.56,145.8,0.02
"Junis, Jakob",ST,breaking,46,0.67,0.63,0.84,0.207,0.61,158.2,0.01
"Yesavage, Trey",SL,breaking,51,0.81,0.86,1.07,0.206,0.27,15.5,0.05
"Leiter Jr., Mark",FS,offspeed,56,1.68,1.22,1.42,0.202,0.39,29.9,0.03
"Herrin, Tim",CU,breaking,32,1.72,1.34,1.54,0.201,0.84,172.7,0
"Cabrera, Edward",SL,breaking,27,0.43,0.88,1.08,0.2,0.28,31,0.06
"Griffin, Foster",FS,offspeed,59,1.39,0.77,0.97,0.199,0.37,80.8,0.04
"Mejia, Juan",ST,breaking,56,0.77,1.06,1.25,0.197,0.61,149,0.01
"Misiorowski, Jacob",CU,breaking,53,1.49,2.01,2.21,0.196,0.32,173.3,0.02
"De Los Santos, Enyel",SL,breaking,27,1.14,0.89,1.08,0.194,0.29,17,0.04
"Manaea, Sean",ST,breaking,103,1.72,1.18,1.37,0.192,0.74,168,0.03
"Miles, Spencer",CU,breaking,48,0.54,0.96,1.15,0.192,0.74,175.7,0.01
"Phillips, Connor",ST,breaking,36,1.96,1.17,1.36,0.189,0.63,158.3,0.01
"Montero, Keider",SL,breaking,52,1.09,0.99,1.18,0.186,0.36,131.9,0.04
"Ureña, Walbert",ST,breaking,41,1.16,1.21,1.4,0.184,0.4,169.8,0.03
"Junk, Janson",ST,breaking,30,0.37,0.73,0.92,0.183,0.97,144.6,0.02
"Cruz, Fernando",FS,offspeed,97,3.35,2.73,2.91,0.182,0.69,34.3,0.02
"Flaherty, Jack",KC,breaking,65,1.25,1.05,1.23,0.181,0.78,157.5,0.01
"Kelly, Merrill",CH,offspeed,86,0.42,0.58,0.76,0.179,0.15,15.6,0.01
"Barlow, Scott",CU,breaking,38,2.03,0.94,1.12,0.179,0.98,155.2,0.01
"Poulin, PJ",ST,breaking,37,0.67,0.67,0.85,0.179,0.49,142.9,0.03
"Kelly, Merrill",CU,breaking,25,0.22,0.73,0.9,0.177,0.4,172.5,0.02
"Funderburk, Kody",ST,breaking,31,0.68,1.06,1.24,0.176,0.55,166.9,0.01
"Kay, Anthony",SL,breaking,34,1.9,0.95,1.13,0.175,0.26,162.1,0.03
"O'Brien, Riley",ST,breaking,37,2.07,1.35,1.52,0.172,0.61,171,0.01
"Beeks, Jalen",CH,offspeed,30,1.16,0.58,0.75,0.17,0.3,22.7,0.01
"Martinez, Nick",CH,offspeed,94,1.69,0.66,0.83,0.169,0.51,44.8,0.01
"Peterson, David",SL,breaking,74,0.48,0.7,0.87,0.164,0.28,72.5,0.03
"Miles, Spencer",SL,breaking,34,0.44,1.41,1.58,0.164,0.33,146.8,0.04
"Springs, Jeffrey",CH,offspeed,70,1.45,1.06,1.22,0.162,0.49,19.6,0.01
"Matthews, Zebby",SL,breaking,59,1.39,0.83,1,0.162,0.36,79.1,0.05
"Cantillo, Joey",CH,offspeed,90,1.57,1.45,1.61,0.16,0.54,20.6,0.01
"Avila, Luinder",SL,breaking,35,2.23,1.52,1.68,0.159,0.38,115,0.02
"Palmquist, Carson",ST,breaking,38,1.18,1.19,1.35,0.159,1.02,157.4,0.02
"Cameron, Noah",SL,breaking,43,1.17,0.97,1.13,0.159,0.29,63.4,0.05
"Yamamoto, Yoshinobu",CU,breaking,33,0.5,1.14,1.29,0.155,1.2,176.5,0.01
"Phillips, Tyler",ST,breaking,34,1.58,1.21,1.36,0.154,0.51,156.7,0.02
"Brown, Hunter",KC,breaking,28,0.81,1.1,1.25,0.154,0.55,170.7,0.01
"Keller, Mitch",CU,breaking,26,1.41,0.77,0.93,0.153,0.69,176.5,0
"Sale, Chris",SL,breaking,181,2.17,2.43,2.59,0.152,0.71,164.8,0.02
"Hancock, Emerson",ST,breaking,61,1.75,1.22,1.36,0.149,0.74,170.8,0.01
"Cole, Gerrit",CH,offspeed,27,0.93,1.24,1.39,0.147,0.45,23,0
"Strahm, Matt",SL,breaking,28,0.78,0.97,1.12,0.144,0.53,141.6,0.04
"Lugo, Seth",ST,breaking,28,0.62,0.58,0.72,0.143,0.82,158.1,0.02
"Martin, Davis",CH,offspeed,53,0.23,0.61,0.76,0.143,0.17,24.2,0.01
"Ober, Bailey",ST,breaking,29,1.28,0.93,1.07,0.138,0.97,150.5,0.02
"Rangel, Alan",CH,offspeed,38,1.12,1.2,1.33,0.138,0.53,21.8,0.01
"Feltner, Ryan",CH,offspeed,43,1.51,0.87,1.01,0.138,0.41,5.3,0.01
"Kilian, Caleb",KC,breaking,30,1.85,0.61,0.75,0.136,0.59,167.1,0
"Santana, Dennis",SL,breaking,55,0.76,1.23,1.37,0.135,0.37,77.6,0.05
"Young, Brandon",SL,breaking,51,2.34,0.82,0.95,0.135,0.35,46.9,0.05
"Murphy, Chris",CU,breaking,26,0.57,0.7,0.83,0.133,0.91,163.6,0.01
"Junk, Janson",SL,breaking,34,0.26,0.83,0.97,0.132,0.31,74.8,0.05
"Gordon, Tanner",CH,offspeed,36,0.45,0.59,0.72,0.132,0.34,18.2,0.01
"Rogers, Tyler",SL,breaking,39,0.22,0.86,0.99,0.131,0.66,154.2,0.01
"Meyer, Max",ST,breaking,120,1.42,2.75,2.88,0.13,0.26,160.1,0.02
"Weiss, Ryan",ST,breaking,30,1.63,1.12,1.25,0.129,0.46,159.8,0.01
"McLean, Nolan",ST,breaking,25,1.01,1.2,1.32,0.128,0.57,173.4,0.02
"Gray, Sonny",ST,breaking,109,1.75,2.41,2.54,0.127,0.27,159.3,0.01
"Bruihl, Justin",ST,breaking,64,0.5,1.71,1.84,0.127,0.69,173.3,0.01
"Roberts, Ethan",ST,breaking,25,0.93,0.93,1.05,0.125,0.38,149,0.01
"Martin, Davis",SL,breaking,55,1.17,0.78,0.91,0.124,0.3,111.9,0.03
"Williams, Gavin",CU,breaking,94,0.6,1.28,1.4,0.124,0.58,173.4,0.01
"Eisert, Brandon",SL,breaking,29,1.07,0.75,0.87,0.124,0.26,98,0.04
"Ritchie, JR",CU,breaking,44,1.17,0.85,0.97,0.123,0.46,177.5,0
"Soroka, Michael",SV,breaking,96,1.42,1.33,1.45,0.121,0.54,170.9,0.01
"Loáisiga, Jonathan",CH,offspeed,47,1.01,0.72,0.84,0.119,0.27,20.8,0.02
"Miller, Bryce",FS,offspeed,62,0.89,1.42,1.54,0.119,0.41,21.2,0.02
"Lee, Dylan",SL,breaking,68,0.95,1.16,1.27,0.115,0.38,52.9,0.06
"Williams, Devin",CH,offspeed,73,0.85,1.15,1.26,0.113,0.37,48,0.01
"Teng, Kai-Wei",ST,breaking,64,1.67,1.2,1.32,0.113,0.48,171.9,0.01
"Bello, Brayan",CH,offspeed,40,0.98,0.61,0.72,0.112,0.28,20.9,0.02
"Wheeler, Zack",CU,breaking,32,1.79,1.47,1.58,0.111,0.45,175.6,0.01
"Fedde, Erick",CH,offspeed,31,0.36,0.43,0.54,0.111,0.16,21.6,0.01
"Jump, Gage",SL,breaking,29,0.41,1.02,1.14,0.111,0.33,95,0.04
"Gallen, Zac",CH,offspeed,38,0.56,0.68,0.79,0.11,0.28,16.3,0.01
"Collyer, Gavin",ST,breaking,25,0.36,1.04,1.15,0.109,0.39,166.7,0.02
"Canning, Griffin",CH,offspeed,39,0.24,0.67,0.78,0.107,0.2,29.7,0.02
"Lorenzen, Michael",SL,breaking,31,1,1.05,1.15,0.106,0.26,119.4,0.05
"Keller, Mitch",CH,offspeed,25,0.62,0.62,0.72,0.106,0.14,20.5,0.01
"Lynch IV, Daniel",SL,breaking,32,1.55,0.92,1.03,0.106,0.32,71.3,0.05
"Bibee, Tanner",CU,breaking,36,0.89,1.01,1.12,0.106,0.59,166.5,0.01
"Wheeler, Zack",ST,breaking,28,2.29,1.29,1.4,0.105,0.56,174.2,0.01
"Bender, Anthony",ST,breaking,61,1.41,0.95,1.05,0.105,0.83,169.4,0.01
"Rocker, Kumar",SL,breaking,149,1.92,1.64,1.75,0.105,0.41,164.6,0.04
"Burrows, Mike",SL,breaking,36,0.39,0.54,0.64,0.103,0.21,34.7,0.04
"Ober, Bailey",CH,offspeed,72,0.7,0.6,0.7,0.101,0.32,35.7,0.01
"Buehler, Walker",KC,breaking,42,0.74,0.67,0.77,0.1,0.58,167.9,0.01
"Woods Richardson, Simeon",SL,breaking,28,0.41,0.67,0.77,0.099,0.28,34.4,0.05
"Lodolo, Nick",CU,breaking,57,1.97,1.64,1.74,0.097,0.51,170,0.04
"Watson, Ryan",ST,breaking,43,1.3,0.78,0.88,0.097,0.42,120.4,0.02
"Gray, Peyton",CH,offspeed,59,1.2,0.99,1.09,0.097,0.44,24.9,0.01
"Nola, Aaron",CH,offspeed,32,0.91,0.74,0.84,0.096,0.27,23.9,0.01
"Valdez, Framber",CU,breaking,99,1.32,0.99,1.08,0.096,0.81,176.9,0.01
"Winn, Cole",SL,breaking,35,1.53,1.74,1.84,0.096,0.28,143.2,0.04
"Ashcraft, Braxton",CU,breaking,128,1.3,0.85,0.95,0.096,0.54,175.9,0.02
"Eovaldi, Nathan",CU,breaking,76,1.51,1.07,1.17,0.095,0.83,173.6,0.02
"Mlodzinski, Carmen",CU,breaking,30,0.69,1.64,1.73,0.095,0.4,174.6,0.02
"Seymour, Ian",ST,breaking,55,0.43,0.78,0.88,0.095,0.54,102.8,0.02
"Chandler, Bubba",SL,breaking,57,0.66,1.44,1.53,0.095,0.3,68.8,0.05
"Luzardo, Jesús",ST,breaking,141,2.07,2.33,2.43,0.094,0.45,155.9,0.03
"McLean, Nolan",CU,breaking,103,1,1.75,1.85,0.094,0.64,174.5,0.01
"Dreyer, Jack",SL,breaking,43,0.77,0.94,1.03,0.092,0.26,22.6,0.05
"Taillon, Jameson",ST,breaking,57,1.4,1.07,1.16,0.091,0.48,147.4,0.02
"Suarez, Ranger",CU,breaking,38,2.04,0.73,0.83,0.091,0.62,176.8,0.01
"Holmes, Grant",SL,breaking,123,1.57,1.71,1.8,0.091,0.3,167.2,0.04
"Yamamoto, Yoshinobu",FS,offspeed,106,0.72,0.81,0.9,0.091,0.17,23.9,0.02
"Castillo, Luis",CH,offspeed,37,0.15,0.61,0.7,0.09,0.28,27.6,0.01
"Gómez, Yoendrys",ST,breaking,38,0.62,1.06,1.15,0.09,0.51,132.7,0.02
"Varland, Gus",SL,breaking,36,0.61,1.01,1.1,0.09,0.35,103.4,0.06
"Kolek, Stephen",SL,breaking,36,1.37,1.11,1.2,0.089,0.31,138.7,0.04
"Adam, Jason",CH,offspeed,36,0.12,0.65,0.74,0.088,0.17,20,0.01
"Montero, Keider",CH,offspeed,33,0.51,0.66,0.75,0.086,0.3,12.2,0.01
"Kelly, Merrill",SL,breaking,38,1.36,0.6,0.68,0.082,0.24,67.5,0.04
"Feltner, Ryan",ST,breaking,26,0.76,1.14,1.22,0.082,0.49,152.7,0.01
"Scott, Christian",ST,breaking,51,0.88,0.87,0.96,0.082,0.61,147.7,0.05
"Yarbrough, Ryan",ST,breaking,25,0.56,1.48,1.56,0.081,1.17,147.9,0.03
"Waldron, Matt",KN,other,30,0.36,0.91,0.99,0.081,,106.5,0.09
"Svanson, Matt",ST,breaking,41,0.87,0.96,1.05,0.081,0.36,159,0.02
"Boyd, Matthew",CH,offspeed,57,1.11,0.61,0.69,0.079,0.5,13,0.01
"Ryan, Joe",KC,breaking,75,1.2,1.31,1.39,0.079,0.75,168.5,0.02
"Leiter, Jack",CH,offspeed,60,0.65,0.89,0.97,0.079,0.27,11.9,0.01
"Rodón, Carlos",CH,offspeed,26,0.92,0.98,1.06,0.078,0.3,8.3,0.02
"Buehler, Walker",ST,breaking,34,0.37,0.93,1.01,0.078,0.48,121.4,0.02
"Junk, Janson",CH,offspeed,30,0.65,0.97,1.05,0.078,0.29,31.6,0.02
"Valdez, Framber",SL,breaking,27,1.37,0.74,0.82,0.077,0.34,125.1,0.05
"Romero, JoJo",CH,offspeed,27,0.83,0.49,0.57,0.077,0.25,15.4,0.02
"Ginn, J.T.",CH,offspeed,49,0.57,0.6,0.67,0.076,0.16,13.4,0.02
"Fluharty, Mason",FC,fastball,50,0.13,0.32,0.39,0.076,,9.1,0
"Ashcraft, Braxton",SL,breaking,80,0.44,0.83,0.91,0.075,0.25,53.7,0.05
"Ribalta, Orlando",SL,breaking,34,0.42,1,1.08,0.075,0.29,33.2,0.05
"Skubal, Tarik",CH,offspeed,72,2.41,1.16,1.24,0.074,0.3,20.9,0.01
"Fisher, Braydon",SL,breaking,60,1.13,0.56,0.64,0.074,0.21,20.9,0.05
"Jones, Jared",SL,breaking,45,1.13,1.54,1.61,0.074,0.27,111.7,0.04
"Johnson, Ryan",FS,offspeed,32,0.59,0.6,0.67,0.074,0.35,22.4,0.01
"Lowder, Rhett",CH,offspeed,31,0.73,0.76,0.83,0.073,0.29,30,0.01
"Early, Connelly",CH,offspeed,49,0.43,0.8,0.87,0.073,0.41,37.6,0.01
"Okert, Steven",SL,breaking,111,1.15,0.87,0.94,0.072,0.48,128.8,0.03
"Gore, MacKenzie",CH,offspeed,50,1.63,0.95,1.02,0.072,0.29,28.4,0.01
"Skenes, Paul",ST,breaking,38,0.91,0.85,0.92,0.072,0.61,141.1,0.03
"Brazobán, Huascar",CH,offspeed,59,0.87,0.5,0.57,0.071,0.24,9.4,0.01
"Maton, Phil",FC,fastball,34,0.16,0.25,0.32,0.071,,29.5,0.02
"Webb, Jacob",CH,offspeed,64,1.04,0.77,0.84,0.07,0.3,22.5,0.01
"Luzardo, Jesús",CH,offspeed,55,1.15,0.95,1.02,0.069,0.41,7,0.01
"Strider, Spencer",SL,breaking,31,1.18,1.29,1.35,0.069,0.5,42,0.05
"Ryan, Joe",FS,offspeed,41,0.55,0.57,0.64,0.068,0.18,15.6,0.01
"Whitlock, Garrett",CH,offspeed,32,1.02,1.03,1.09,0.068,0.37,38.6,0.02
"Sasaki, Roki",SL,breaking,36,1.33,1.47,1.54,0.068,0.45,153.2,0.05
"Garcia, Rico",CH,offspeed,38,0.91,0.78,0.84,0.066,0.39,16.7,0.01
"Griffin, Foster",ST,breaking,53,0.79,0.57,0.64,0.065,0.6,155.3,0.01
"Pallante, Andre",SL,breaking,73,0.81,0.83,0.89,0.065,0.29,82.2,0.02
"Buehler, Walker",SL,breaking,28,0.84,0.87,0.94,0.064,0.32,81,0.04
"Sheehan, Emmet",SL,breaking,91,1.35,0.99,1.05,0.064,0.25,40.3,0.05
"Sánchez, Cristopher",CH,offspeed,157,1.3,0.91,0.97,0.062,0.33,15.4,0.01
"Cameron, Noah",CH,offspeed,47,1.3,1.02,1.08,0.061,0.61,22.9,0.01
"Jax, Griffin",ST,breaking,36,1.74,1.91,1.96,0.059,0.36,164.1,0.03
"Myers, Tobias",FS,offspeed,37,0.91,1.88,1.94,0.058,0.66,4.7,0.01
"Cease, Dylan",SL,breaking,94,1.5,1.49,1.54,0.057,0.29,74.6,0.06
"Valdez, Framber",CH,offspeed,58,0.13,0.39,0.44,0.057,0.2,13.6,0.01
"Burke, Sean",SL,breaking,45,1.86,1.09,1.14,0.056,0.29,47.2,0.04
"Lambert, Peter",SL,breaking,36,1.14,0.79,0.84,0.055,0.28,113.8,0.05
"Soriano, José",FS,offspeed,70,0.69,0.8,0.86,0.055,0.17,13.7,0.01
"Sugano, Tomoyuki",FS,offspeed,48,0.76,0.48,0.53,0.052,0.24,8.1,0.01
"Singer, Brady",SL,breaking,66,1.49,1.05,1.1,0.052,0.37,124.9,0.03
"McLean, Nolan",CH,offspeed,30,0.38,1.06,1.11,0.052,0.34,28.6,0.03
"Gausman, Kevin",FS,offspeed,136,1.24,1,1.05,0.051,0.36,19.3,0.01
"McGreevy, Michael",CH,offspeed,53,0.44,0.48,0.53,0.051,0.18,8.9,0.01
"Mikolas, Miles",SL,breaking,38,0.47,0.52,0.57,0.049,0.25,43.6,0.04
"Suarez, Ranger",CH,offspeed,42,0.62,0.8,0.85,0.049,0.42,21.9,0.02
"Sproat, Brandon",ST,breaking,35,1.54,1.27,1.32,0.049,0.35,159.1,0.01
"Rogers, Tyler",SI,fastball,75,0.13,0.08,0.13,0.048,,6.4,0.01
"Ritchie, JR",CH,offspeed,26,0.39,0.8,0.85,0.048,0.17,19.8,0.01
"Ashcraft, Graham",SL,breaking,46,2.93,1.36,1.4,0.047,0.25,153.7,0.01
"Rea, Colin",SL,breaking,46,0.81,0.76,0.81,0.046,0.26,119.9,0.04
"King, Michael",ST,breaking,42,0.55,0.99,1.04,0.044,0.54,153.4,0.02
"Holmes, Clay",CH,offspeed,41,0.87,0.63,0.67,0.043,0.22,28.9,0.03
"Buehler, Walker",CH,offspeed,25,0.66,0.74,0.78,0.043,0.17,35.2,0.02
"Alvarez, Andrew",CU,breaking,74,1.2,1.94,1.98,0.043,0.54,168.8,0.01
"Mlodzinski, Carmen",ST,breaking,29,0.88,1.09,1.13,0.041,0.49,166.9,0.02
"Bibee, Tanner",CH,offspeed,44,1.13,1.15,1.2,0.041,0.53,10.5,0.01
"Ray, Robbie",SL,breaking,40,1.76,0.69,0.73,0.04,0.25,22.5,0.05
"Phillips, Tyler",FS,offspeed,65,0.72,0.98,1.02,0.039,0.31,26.9,0.02
"Festa, Matt",ST,breaking,37,0.96,1.11,1.15,0.039,0.39,135.8,0.01
"Ramírez, Yohan",CU,breaking,27,0.69,1.58,1.62,0.039,0.47,172.5,0.01
"Márquez, Germán",KC,breaking,51,0.95,1.18,1.22,0.038,0.46,117,0.06
"Burrows, Mike",CH,offspeed,66,0.64,0.77,0.8,0.037,0.28,22.4,0.02
"Johnson, Ryan",FC,fastball,46,0.43,0.2,0.23,0.036,,25.5,0.03
"Cornelio, Riley",SL,breaking,37,1.67,1.55,1.59,0.035,0.56,75.4,0.06
"Roberts, Ethan",FC,fastball,25,0.15,0.36,0.39,0.034,,12.8,0.01
"Sewald, Paul",ST,breaking,37,0.68,0.49,0.52,0.033,0.36,159.1,0.01
"Springs, Jeffrey",SL,breaking,34,0.43,0.69,0.72,0.032,0.43,77.6,0.05
"Painter, Andrew",SL,breaking,28,1.56,1.04,1.07,0.032,0.27,64.8,0.04
"Singer, Brady",ST,breaking,48,1.13,1.04,1.07,0.03,0.4,134.2,0.02
"Abbott, Andrew",CH,offspeed,38,1.43,0.66,0.69,0.029,0.26,15.8,0.01
"Lange, Alex",SL,breaking,50,0.77,1.63,1.66,0.028,0.27,146.4,0.04
"Rea, Colin",ST,breaking,42,1.11,0.81,0.83,0.027,0.39,147.9,0.01
"Jax, Griffin",CH,offspeed,63,1.15,0.82,0.85,0.027,0.18,16.7,0.01
"Flaherty, Jack",SL,breaking,42,1.03,0.85,0.88,0.027,0.34,91.6,0.04
"Holton, Tyler",ST,breaking,28,0.78,0.89,0.92,0.027,0.7,151.4,0.01
"Hurt, Kyle",CH,offspeed,32,1.06,0.91,0.93,0.026,0.3,42.2,0.02
"Farris, Mitch",CH,offspeed,36,1.99,0.59,0.62,0.026,0.43,50.3,0
"Johnson, Pierce",CU,breaking,53,1.28,1.15,1.17,0.025,0.38,170.1,0.04
"Weathers, Ryan",CH,offspeed,88,1.19,0.88,0.9,0.025,0.35,20.9,0.02
"Sterner, Justin",ST,breaking,34,2.32,1.21,1.23,0.025,0.36,150.3,0.03
"Lord, Brad",SI,fastball,27,0.05,0.11,0.13,0.025,,4.8,0
"Cole, Gerrit",SL,breaking,28,0.71,0.85,0.88,0.024,0.27,67.6,0.05
"McClanahan, Shane",CH,offspeed,103,1.47,0.96,0.98,0.024,0.29,32.8,0.02
"Weathers, Ryan",SL,breaking,58,0.96,0.98,1,0.024,0.33,123.7,0.05
"Lord, Brad",FF,fastball,80,0.21,0.14,0.17,0.024,,3.6,0
"Rodriguez, Bradgley",CH,offspeed,68,0.65,1.04,1.06,0.024,0.29,23.4,0.02
"Perkins, Jack",CH,offspeed,50,1.1,0.83,0.85,0.023,0.18,29.3,0.03
"Corbin, Patrick",FF,fastball,25,0.08,0.16,0.18,0.022,,2.8,0
"Littell, Zack",FS,offspeed,78,0.5,0.84,0.86,0.021,0.4,35.6,0.02
"Clarke, Taylor",CH,offspeed,30,0.21,0.48,0.5,0.021,0.19,26.3,0.01
"Jansen, Kenley",FC,fastball,50,0.26,0.27,0.29,0.02,,5.3,0
"Matz, Steven",CH,offspeed,69,0.71,0.77,0.79,0.02,0.37,28.4,0.02
"Alvarado, José",FC,fastball,65,1.18,1.04,1.05,0.02,,19.3,0.06
"Imanaga, Shota",ST,breaking,48,1.55,0.91,0.93,0.02,0.48,155.8,0.02
"Corbin, Patrick",SI,fastball,34,0.05,0.17,0.18,0.019,,3.4,0.01
"Fedde, Erick",ST,breaking,88,0.56,0.9,0.92,0.018,0.48,143.1,0.01
"Griffin, Foster",FF,fastball,51,0.21,0.17,0.19,0.018,,3.2,0
"Ashby, Aaron",SL,breaking,38,3.87,3.14,3.16,0.018,0.52,170.3,0.03
"Freeland, Kyle",CH,offspeed,29,0.26,0.46,0.48,0.016,0.22,16.6,0.02
"Drohan, Shane",SL,breaking,57,1.19,1.23,1.25,0.016,0.39,147.5,0.05
"Burke, Sean",FF,fastball,173,0.23,0.24,0.26,0.016,,4.6,0
"Vesia, Alex",FF,fastball,65,0.23,0.22,0.24,0.016,,2.9,0
"Burns, Chase",FF,fastball,123,0.07,0.26,0.28,0.016,,3.2,0
"McClanahan, Shane",FF,fastball,56,0.16,0.2,0.22,0.015,,2.7,0.01
"Festa, Matt",FF,fastball,40,0.28,0.24,0.26,0.015,,6.9,0.01
"King, Bryan",FF,fastball,89,0.2,0.18,0.2,0.015,,3.3,0.01
"Ryan, Joe",ST,breaking,46,1.04,1.37,1.38,0.014,0.75,161,0.03
"Henriquez, Edgardo",FF,fastball,40,0.55,0.23,0.25,0.014,,4.1,0.05
"Bernardino, Brennan",CU,breaking,40,1.11,1.51,1.52,0.013,0.62,174.8,0.02
"Márquez, Germán",FF,fastball,39,0.05,0.13,0.15,0.012,,3.5,0
"Iglesias, Raisel",CH,offspeed,52,0.89,0.64,0.66,0.012,0.25,16.8,0.01
"Gage, Matt",FF,fastball,25,0.13,0.17,0.18,0.012,,3.3,0.01
"Marinaccio, Ron",CH,offspeed,40,0.14,0.87,0.88,0.012,0.36,41.8,0.01
"Quintana, Jose",FF,fastball,27,0.22,0.17,0.18,0.011,,4.4,0.01
"Pomeranz, Drew",FF,fastball,32,0.12,0.23,0.24,0.011,,7.1,0.01
"Taillon, Jameson",CH,offspeed,34,0.8,0.77,0.78,0.011,0.32,25.4,0.01
"Suter, Brent",FF,fastball,51,0.22,0.19,0.2,0.011,,5.5,0
"Fisher, Braydon",FF,fastball,29,0.3,0.15,0.16,0.011,,3.6,0
"Pérez, Eury",FF,fastball,116,0.25,0.25,0.26,0.011,,3.4,0
"Thielbar, Caleb",FF,fastball,52,0.18,0.18,0.19,0.01,,3.7,0
"Weaver, Luke",CH,offspeed,53,1,0.86,0.87,0.01,0.29,13.7,0.01
"Ginkel, Kevin",SL,breaking,51,2.63,1.75,1.76,0.01,0.3,166.7,0.04
"Wells, Tyler",CH,offspeed,38,0.68,0.56,0.57,0.01,0.23,15.7,0.01
"Liberatore, Matthew",FF,fastball,63,0.18,0.18,0.19,0.01,,2.3,0
"Alvarez, Andrew",FF,fastball,30,0.26,0.18,0.19,0.01,,6,0.01
"Avila, Luinder",FF,fastball,27,0.11,0.25,0.26,0.01,,3.4,0.01
"Dion, Will",FF,fastball,25,0.41,0.19,0.2,0.01,,4.4,0.01
"Banks, Tanner",FF,fastball,34,0.72,0.14,0.15,0.009,,4.2,0.01
"Alexander, Tyler",FF,fastball,32,0.15,0.18,0.19,0.009,,3.1,0
"Megill, Trevor",FF,fastball,57,0.37,0.21,0.22,0.009,,2.6,0
"Morán, Jovani",FF,fastball,28,0.19,0.19,0.2,0.009,,5.5,0.01
"Pallante, Andre",SI,fastball,59,0.05,0.16,0.17,0.009,,6.4,0.03
"Dobbins, Hunter",ST,breaking,30,0.88,0.87,0.88,0.009,0.54,132.6,0.01
"Springs, Jeffrey",FF,fastball,115,0.18,0.18,0.19,0.008,,3.7,0
"Bubic, Kris",FF,fastball,46,0.49,0.21,0.22,0.008,,4.6,0
"Mize, Casey",FS,offspeed,69,1.31,0.69,0.7,0.008,0.23,20.7,0.01
"Schreiber, John",FF,fastball,42,0.4,0.19,0.2,0.008,,7.5,0.01
"Pérez, Eury",SI,fastball,29,0.17,0.23,0.24,0.008,,4,0
"McGreevy, Michael",SI,fastball,34,0.12,0.19,0.2,0.008,,8.4,0.01
"Peterson, David",FF,fastball,40,0.18,0.19,0.2,0.007,,4,0.01
"Rasmussen, Drew",FF,fastball,90,0.25,0.23,0.24,0.007,,2.9,0.01
"Rolison, Ryan",FF,fastball,27,0.21,0.19,0.2,0.007,,6.1,0
"Dreyer, Jack",FF,fastball,50,0.28,0.22,0.23,0.007,,2.7,0
"Wrobleski, Justin",FF,fastball,144,0.25,0.19,0.2,0.007,,3.6,0
"Smith, Dylan",FF,fastball,26,0.41,0.22,0.22,0.007,,3.3,0.01
"Aldegheri, Sam",FF,fastball,26,0.05,0.16,0.16,0.007,,2.5,0
"Elder, Bryce",FF,fastball,42,0.48,0.16,0.17,0.007,,3.2,0
"Fried, Max",FF,fastball,28,0.35,0.19,0.2,0.006,,2.6,0
"Ohtani, Shohei",FF,fastball,86,0.28,0.25,0.26,0.006,,3.2,0.01
"Alvarado, Elvis",FF,fastball,54,0.2,0.2,0.21,0.006,,3.1,0
"Myers, Tobias",FF,fastball,51,0.33,0.18,0.19,0.006,,3,0
"Abbott, Andrew",FF,fastball,119,0.06,0.18,0.19,0.006,,3.3,0
"Mejia, Juan",FF,fastball,73,0.22,0.22,0.23,0.006,,3.6,0.01
"Parker, Mitchell",FF,fastball,30,0.32,0.19,0.19,0.006,,2.7,0
"Murray, Jayden",FF,fastball,26,0.23,0.2,0.21,0.006,,3.4,0
"Lopez, Jacob",FF,fastball,56,0.22,0.19,0.2,0.006,,4,0
"Young, Brandon",FS,offspeed,48,0.68,1.03,1.04,0.006,0.36,24.7,0.02
"Misiorowski, Jacob",FF,fastball,186,0.54,0.29,0.29,0.006,,3.1,0
"Freeland, Kyle",FF,fastball,59,0.09,0.19,0.2,0.005,,5.8,0
"Quantrill, Cal",SI,fastball,28,0.07,0.15,0.15,0.005,,7.5,0.01
"Pagán, Emilio",FF,fastball,38,0.3,0.25,0.25,0.005,,3.7,0.01
"Phillips, Tyler",SI,fastball,30,0.02,0.16,0.17,0.005,,6.4,0.01
"Fairbanks, Pete",FF,fastball,51,0.13,0.21,0.22,0.005,,3.6,0
"Kremer, Dean",FS,offspeed,35,1.99,0.97,0.97,0.005,0.38,9.3,0.01
"Medina, Luis",FF,fastball,37,0.27,0.2,0.2,0.005,,3.8,0
"Lee, Dylan",FF,fastball,45,0.07,0.19,0.19,0.005,,2.5,0
"Detmers, Reid",FF,fastball,138,0.17,0.18,0.19,0.005,,4.6,0
"Meyer, Max",FF,fastball,41,0.05,0.24,0.25,0.005,,2.7,0
"Vásquez, Randy",CU,breaking,39,0.5,1.06,1.07,0.005,0.38,137.1,0.03
"Vásquez, Randy",FF,fastball,92,0.14,0.18,0.19,0.005,,2.8,0
"Miller, Bryce",FF,fastball,69,0.22,0.25,0.25,0.005,,3.6,0
"Ribalta, Orlando",FF,fastball,28,0.16,0.23,0.23,0.005,,3.1,0
"Seymour, Ian",FF,fastball,69,0.17,0.19,0.19,0.005,,5.2,0
"Armstrong, Shawn",FF,fastball,43,0.15,0.17,0.17,0.004,,3,0.01
"Lorenzen, Michael",CH,offspeed,66,1.03,0.8,0.81,0.004,0.36,16.3,0.01
"Rodriguez, Eduardo",FF,fastball,125,0.33,0.18,0.19,0.004,,3.7,0
"Woodruff, Brandon",FF,fastball,51,0.4,0.18,0.18,0.004,,3.8,0
"Waguespack, Jacob",FF,fastball,29,0.15,0.19,0.19,0.004,,2.2,0
"Sulser, Cole",FF,fastball,46,0.09,0.18,0.19,0.004,,2,0
"Santana, Dennis",FF,fastball,36,0.09,0.19,0.2,0.004,,3,0
"Jax, Griffin",FF,fastball,37,0.41,0.24,0.24,0.004,,2.8,0
"Feltner, Ryan",FF,fastball,42,0.2,0.21,0.21,0.004,,4.1,0.01
"Assad, Javier",FF,fastball,30,0.04,0.17,0.17,0.004,,2.7,0
"Assad, Javier",SI,fastball,36,0.14,0.15,0.16,0.004,,5.2,0.01
"Morillo, Juan",FF,fastball,62,0.4,0.2,0.2,0.004,,4.9,0.01
"Morejon, Adrian",FF,fastball,43,0.25,0.23,0.23,0.004,,3.9,0.01
"Cecconi, Slade",FF,fastball,74,0.34,0.18,0.18,0.004,,2.6,0
"Rocker, Kumar",SI,fastball,30,0.05,0.16,0.16,0.004,,5.3,0.01
"Weiss, Ryan",FF,fastball,39,0.2,0.21,0.22,0.004,,3.5,0.01
"Montgomery, Mason",FF,fastball,67,0.52,0.22,0.22,0.004,,3,0
"Sterner, Justin",FF,fastball,46,0.14,0.2,0.2,0.004,,2.5,0.03
"Young, Brandon",FF,fastball,90,0.16,0.18,0.18,0.004,,3.5,0
"Kelly, Kevin",CH,offspeed,44,0.53,0.59,0.6,0.004,0.26,17.1,0.01
"Gusto, Ryan",FF,fastball,30,0.5,0.2,0.21,0.004,,3.1,0.01
"Gasser, Robert",ST,breaking,58,0.81,1.14,1.14,0.004,0.61,140.3,0.01
"Schlittler, Cam",FF,fastball,179,0.41,0.24,0.24,0.004,,4.1,0
"McGreevy, Michael",FF,fastball,60,0.1,0.17,0.18,0.004,,3.3,0.01
"Scherzer, Max",FF,fastball,29,0.11,0.18,0.18,0.003,,3.3,0
"Taillon, Jameson",FF,fastball,25,0.44,0.18,0.19,0.003,,4,0
"Okert, Steven",FF,fastball,43,0.07,0.18,0.19,0.003,,2.7,0
"Houser, Adrian",FF,fastball,59,0.24,0.18,0.19,0.003,,4.4,0
"Romano, Jordan",FF,fastball,28,0.32,0.2,0.2,0.003,,5.4,0
"Martinez, Nick",FF,fastball,36,0.1,0.16,0.16,0.003,,3.9,0
"Lugo, Seth",FC,fastball,48,0.26,0.2,0.2,0.003,,10.8,0.02
"Buehler, Walker",FF,fastball,32,0.04,0.18,0.19,0.003,,2.6,0.01
"Soroka, Michael",FF,fastball,72,0.17,0.22,0.23,0.003,,3.2,0.01
"Beeks, Jalen",FF,fastball,26,0.28,0.18,0.19,0.003,,2.6,0.01
"Hoffman, Jeff",FF,fastball,51,0.21,0.22,0.23,0.003,,3.9,0
"Bazardo, Eduard",SI,fastball,67,0.14,0.17,0.17,0.003,,3.8,0.05
"Duran, Jhoan",FF,fastball,31,0.45,0.18,0.18,0.003,,2.7,0
"Martin, Davis",FF,fastball,77,0.24,0.19,0.2,0.003,,5.3,0.01
"Gallen, Zac",FF,fastball,58,0.04,0.17,0.18,0.003,,4.9,0.01
"Miller, Erik",SI,fastball,25,0.21,0.21,0.22,0.003,,3.2,0.01
"Ginn, J.T.",SI,fastball,44,0.51,0.2,0.2,0.003,,3.4,0.02
"Skubal, Tarik",FF,fastball,100,0.26,0.21,0.21,0.003,,3.8,0
"Teng, Kai-Wei",FF,fastball,57,0.15,0.2,0.21,0.003,,4.5,0.01
"Burrows, Mike",FF,fastball,48,0.06,0.17,0.17,0.003,,4.1,0
"Uribe, Abner",SI,fastball,41,0.39,0.19,0.19,0.003,,5.5,0.01
"Barnett, Mason",FF,fastball,28,0.32,0.18,0.19,0.003,,3,0.01
"Miller, Mason",FF,fastball,50,0.32,0.26,0.26,0.003,,3.6,0.01
"Farris, Mitch",FF,fastball,44,0.18,0.18,0.19,0.003,,2.6,0
"Fedde, Erick",SI,fastball,40,0.16,0.17,0.17,0.002,,5.7,0.01
"López, Reynaldo",FF,fastball,83,0.13,0.18,0.18,0.002,,3.3,0
"Manaea, Sean",FF,fastball,123,0.13,0.19,0.19,0.002,,3.9,0
"Cease, Dylan",FF,fastball,97,0.28,0.24,0.24,0.002,,3.7,0
"Keller, Mitch",FF,fastball,71,0.13,0.19,0.19,0.002,,2.8,0
"Webb, Jacob",FF,fastball,71,0.25,0.2,0.21,0.002,,3.1,0
"Webb, Logan",CH,offspeed,108,0.71,0.74,0.74,0.002,0.18,35.6,0.02
"Paddack, Chris",FF,fastball,44,0.02,0.17,0.17,0.002,,2.3,0
"Pallante, Andre",FF,fastball,50,0.14,0.19,0.19,0.002,,4.6,0.01
"Bednar, David",FS,offspeed,72,1.1,0.78,0.79,0.002,0.17,6.6,0.02
"Montero, Keider",FF,fastball,76,0.1,0.17,0.17,0.002,,2.9,0
"Junk, Janson",FF,fastball,70,0.12,0.2,0.2,0.002,,5.9,0
"Ashby, Aaron",SI,fastball,40,0.06,0.18,0.18,0.002,,4.9,0.01
"Sabrowski, Erik",FF,fastball,47,0.73,0.23,0.24,0.002,,3.3,0
"Slaten, Justin",FF,fastball,33,0.08,0.24,0.24,0.002,,3.1,0
"Gasser, Robert",FF,fastball,62,0.2,0.2,0.2,0.002,,3.7,0
"Agnos, Zach",FF,fastball,33,0.2,0.18,0.18,0.002,,4,0.01
"Taylor, Grant",FF,fastball,92,0.43,0.24,0.24,0.002,,3.9,0
"Chandler, Bubba",FF,fastball,124,0.23,0.22,0.22,0.002,,4.7,0
"Rodriguez, Bradgley",FF,fastball,29,0.2,0.22,0.22,0.002,,5,0.01
"Messick, Parker",FF,fastball,109,0.45,0.2,0.2,0.002,,2.9,0
"Suárez, Albert",FF,fastball,37,0.18,0.17,0.17,0.001,,5.7,0
"Lorenzen, Michael",FF,fastball,73,0.07,0.18,0.18,0.001,,5.1,0.01
"Ray, Robbie",FF,fastball,113,0.13,0.18,0.18,0.001,,3.1,0
"Rea, Colin",FF,fastball,92,0.17,0.18,0.19,0.001,,3.4,0.01
"King, Michael",FF,fastball,53,0.25,0.17,0.17,0.001,,5,0.01
"Ginkel, Kevin",FF,fastball,39,0.2,0.2,0.2,0.001,,2.8,0
"Seabold, Connor",FF,fastball,41,0.08,0.18,0.18,0.001,,2.9,0
"Suarez, Robert",FF,fastball,33,0.24,0.21,0.21,0.001,,3.6,0
"Harris, Hogan",FF,fastball,80,0.19,0.2,0.2,0.001,,3.1,0
"Javier, Cristian",FF,fastball,28,0.11,0.18,0.18,0.001,,2.5,0.01
"Zeferjahn, Ryan",FF,fastball,33,0.46,0.22,0.22,0.001,,4.5,0
"Zeferjahn, Ryan",ST,breaking,38,1.5,1.37,1.37,0.001,0.46,130.9,0.01
"Nelson, Ryne",FF,fastball,133,0.09,0.2,0.2,0.001,,3.3,0.01
"Bradley, Taj",FF,fastball,107,0.14,0.2,0.2,0.001,,3.1,0
"Bibee, Tanner",FF,fastball,54,0.22,0.17,0.17,0.001,,4.7,0.01
"Woods Richardson, Simeon",FF,fastball,38,0.11,0.17,0.17,0.001,,3.8,0
"Painter, Andrew",FF,fastball,31,0.09,0.19,0.19,0.001,,3.7,0
"Pfaadt, Brandon",FF,fastball,35,0.28,0.21,0.22,0.001,,4.4,0.01
"Lowder, Rhett",FF,fastball,43,0.13,0.16,0.17,0.001,,3,0.01
"Morris, Andrew",FF,fastball,65,0.16,0.18,0.18,0.001,,2.5,0
"Matthews, Zebby",FF,fastball,40,0.15,0.18,0.18,0.001,,4,0
"Johnson, Pierce",FF,fastball,34,0.29,0.16,0.16,0,,3.3,0
"Sugano, Tomoyuki",FF,fastball,50,0.11,0.19,0.19,0,,3.9,0.01
"Senzatela, Antonio",FF,fastball,65,0.37,0.19,0.19,0,,4.2,0.01
"Kinley, Tyler",SL,breaking,53,0.94,0.76,0.76,0,0.32,73,0.04
"Lauer, Eric",FF,fastball,107,0.14,0.18,0.18,0,,2.9,0
"Mahle, Tyler",FF,fastball,67,0.17,0.19,0.19,0,,3.7,0
"Mayza, Tim",SI,fastball,40,0.05,0.19,0.19,0,,3,0.01
"Canning, Griffin",FF,fastball,35,0.23,0.18,0.18,0,,3.1,0.01
"Kolek, Stephen",FF,fastball,30,0.11,0.18,0.18,0,,3.6,0
"Erceg, Lucas",FF,fastball,30,0.26,0.18,0.18,0,,3,0
"Wells, Tyler",FF,fastball,39,0.27,0.19,0.19,0,,3.4,0
"Bednar, David",FF,fastball,46,0.04,0.19,0.19,0,,3.4,0
"Richards, Trevor",FF,fastball,45,0.09,0.16,0.16,0,,2.9,0
"Macko, Adam",FF,fastball,25,0.12,0.19,0.19,0,,3.2,0
"Montero, Keider",KC,breaking,45,0.4,1.28,1.28,0,0.79,169.3,0.02
"Cruz, Steven",FF,fastball,51,0.33,0.2,0.2,0,,4.3,0
"Cantillo, Joey",FF,fastball,68,0.24,0.2,0.2,0,,3.4,0
"Whitlock, Garrett",SI,fastball,40,0.06,0.18,0.18,0,,3.7,0.01
"Poulin, PJ",FF,fastball,28,0.09,0.17,0.17,0,,3.3,0.01
"Jones, Jared",FF,fastball,36,0.38,0.26,0.26,0,,4.1,0
"Miles, Spencer",FF,fastball,39,0.18,0.19,0.19,0,,3.3,0
"Palencia, Daniel",FF,fastball,30,0.3,0.23,0.23,0,,3.2,0
"Bachman, Sam",SI,fastball,27,0.04,0.21,0.21,0,,2.4,0
"Natera Jr., Samy",FF,fastball,30,0.39,0.2,0.2,0,,3.4,0
"Gray, Sonny",SI,fastball,35,0.09,0.21,0.21,-0.001,,11.3,0.01
"Lorenzen, Michael",SI,fastball,27,0.06,0.16,0.16,-0.001,,5,0.01
"Rogers, Taylor",SI,fastball,30,0.11,0.18,0.18,-0.001,,1.8,0.01
"deGrom, Jacob",FF,fastball,96,0.34,0.23,0.23,-0.001,,3,0
"Lugo, Seth",FF,fastball,34,0.07,0.18,0.18,-0.001,,4.6,0
"Castillo, Luis",FF,fastball,131,0.14,0.16,0.16,-0.001,,3.3,0
"Domínguez, Seranthony",FF,fastball,49,0.2,0.21,0.21,-0.001,,4.8,0.01
"Littell, Zack",FF,fastball,60,0.33,0.17,0.17,-0.001,,3.4,0
"Ober, Bailey",FF,fastball,46,0.17,0.18,0.18,-0.001,,3.1,0.01
"Peralta, Freddy",FF,fastball,114,0.26,0.21,0.21,-0.001,,5,0
"Holmes, Grant",FF,fastball,48,0.06,0.17,0.17,-0.001,,3.1,0
"Waldron, Matt",FF,fastball,26,0.18,0.19,0.19,-0.001,,4.7,0.01
"Kilian, Caleb",FF,fastball,47,0.18,0.21,0.21,-0.001,,3.8,0.01
"Bachar, Lake",FF,fastball,32,0.15,0.25,0.25,-0.001,,2.7,0
"Baz, Shane",FF,fastball,89,0.14,0.21,0.21,-0.001,,2.3,0
"Mlodzinski, Carmen",FF,fastball,58,0.17,0.18,0.18,-0.001,,3.3,0.01
"Kirby, George",FF,fastball,88,0.14,0.19,0.19,-0.001,,2.4,0.01
"Watson, Ryan",FF,fastball,31,0.15,0.2,0.2,-0.001,,3.5,0.01
"Leasure, Jordan",FF,fastball,28,0.13,0.2,0.19,-0.001,,3.2,0
"Walker, Ryan",SI,fastball,33,0.07,0.2,0.2,-0.001,,4.7,0.09
"Sears, JP",FF,fastball,35,0.18,0.2,0.2,-0.001,,2.7,0.01
"Vest, Will",FF,fastball,36,0.09,0.19,0.19,-0.001,,3.2,0
"Mattson, Isaac",FF,fastball,96,0.1,0.18,0.18,-0.001,,3.2,0
"Marinaccio, Ron",FF,fastball,50,0.32,0.18,0.18,-0.001,,3.6,0.01
"Cavalli, Cade",FF,fastball,116,0.23,0.19,0.19,-0.001,,5.4,0
"Gaddis, Hunter",FF,fastball,34,0.29,0.18,0.18,-0.001,,3.6,0
"Gordon, Tanner",FF,fastball,71,0.14,0.15,0.15,-0.001,,2.6,0.01
"Kochanowicz, Jack",FF,fastball,44,0.14,0.18,0.18,-0.001,,4.3,0.01
"Varland, Louis",FF,fastball,71,0.4,0.21,0.21,-0.001,,3.6,0
"Sproat, Brandon",FF,fastball,74,0.29,0.19,0.19,-0.001,,3,0.01
"Klein, Will",FF,fastball,39,0.08,0.2,0.2,-0.001,,3,0
"Dotel, Wilber",FF,fastball,31,0.12,0.2,0.2,-0.001,,3.1,0
"Fermin, José",SI,fastball,25,0.08,0.17,0.17,-0.001,,3.8,0
"Alvarado, José",SI,fastball,29,0.15,0.21,0.21,-0.002,,3.4,0.01
"Severino, Luis",FF,fastball,47,0.25,0.19,0.19,-0.002,,2.8,0
"Finnegan, Kyle",FF,fastball,27,0.09,0.19,0.18,-0.002,,2.7,0
"Abreu, Bryan",FF,fastball,33,0.4,0.2,0.19,-0.002,,3,0
"Keller, Mitch",ST,breaking,69,1.13,1,1,-0.002,0.48,158.6,0.01
"De Los Santos, Enyel",FF,fastball,72,0.21,0.18,0.18,-0.002,,2.9,0.01
"Mize, Casey",FF,fastball,53,0.22,0.18,0.18,-0.002,,2.7,0
"Lambert, Peter",FF,fastball,79,0.19,0.16,0.16,-0.002,,2.5,0
"Singer, Brady",SI,fastball,89,0.12,0.19,0.19,-0.002,,8.2,0.01
"Winn, Cole",FF,fastball,30,0.22,0.22,0.21,-0.002,,3.5,0
"Gore, MacKenzie",FF,fastball,119,0.21,0.2,0.2,-0.002,,3.1,0
"Ginn, J.T.",FF,fastball,30,0.13,0.19,0.19,-0.002,,4.6,0.01
"Morejon, Adrian",SI,fastball,32,0.13,0.23,0.22,-0.002,,6.7,0.01
"Montero, Keider",SI,fastball,32,0.05,0.16,0.16,-0.002,,2.5,0.01
"Gómez, Yoendrys",FF,fastball,48,0.27,0.24,0.24,-0.002,,3.8,0
"Melton, Troy",FF,fastball,43,0.15,0.2,0.2,-0.002,,4.4,0.01
"Strider, Spencer",FF,fastball,45,0.1,0.18,0.18,-0.002,,2.4,0.01
"Hancock, Emerson",FF,fastball,121,0.21,0.2,0.2,-0.002,,4.9,0.01
"Brown, Ben",FF,fastball,59,0.14,0.18,0.18,-0.002,,4.3,0.01
"Ashcraft, Braxton",FF,fastball,79,0.19,0.2,0.2,-0.002,,3.4,0
"Hill, Jaden",FF,fastball,30,0.29,0.2,0.2,-0.002,,3.1,0.01
"Rocker, Kumar",FF,fastball,26,0.08,0.18,0.17,-0.002,,3.1,0.01
"Perkins, Jack",FF,fastball,62,0.22,0.19,0.19,-0.002,,3.6,0
"Avila, Luinder",SI,fastball,36,0.23,0.21,0.21,-0.002,,6.4,0.01
"Varland, Gus",FF,fastball,56,0.18,0.2,0.19,-0.002,,3.3,0
"Leahy, Kyle",FF,fastball,32,0.32,0.2,0.2,-0.002,,3.7,0
"Cornelio, Riley",FF,fastball,25,0.06,0.19,0.18,-0.002,,3.3,0
"Hughes, Gabriel",FF,fastball,43,0.25,0.2,0.2,-0.002,,4.8,0.01
"Headrick, Brent",FF,fastball,60,0.15,0.2,0.2,-0.002,,2.8,0
"Schultz, Paxton",FF,fastball,33,0.13,0.16,0.16,-0.002,,2.5,0
"Dodd, Dylan",SI,fastball,56,0.15,0.19,0.19,-0.002,,2.6,0
"Lowder, Rhett",SI,fastball,33,0.07,0.17,0.17,-0.002,,9.3,0.01
"Henderson, Logan",FF,fastball,68,0.2,0.19,0.19,-0.002,,3,0
"Cameron, Noah",FF,fastball,50,0.13,0.19,0.19,-0.002,,5.3,0
"Yamamoto, Yoshinobu",FF,fastball,66,0.27,0.19,0.19,-0.002,,3.4,0
"Yamamoto, Yoshinobu",SI,fastball,26,0.07,0.18,0.18,-0.002,,2.9,0
"Eovaldi, Nathan",FF,fastball,30,0.23,0.18,0.18,-0.003,,2.9,0
"Gausman, Kevin",FF,fastball,157,0.1,0.17,0.17,-0.003,,3.3,0
"Peralta, Wandy",SI,fastball,31,0.13,0.18,0.17,-0.003,,3.3,0.01
"Guerrero, Tyron",SI,fastball,56,0.25,0.21,0.2,-0.003,,2.5,0.01
"Houser, Adrian",SI,fastball,33,0.03,0.17,0.17,-0.003,,5.3,0.01
"Wacha, Michael",FF,fastball,89,0.16,0.16,0.16,-0.003,,3.5,0
"Anderson, Drew",FF,fastball,58,0.15,0.2,0.19,-0.003,,4.2,0
"De Jesus, Enmanuel",FF,fastball,28,0.16,0.19,0.19,-0.003,,3.4,0.01
"Civale, Aaron",FF,fastball,29,0.07,0.18,0.18,-0.003,,3,0
"Burke, Brock",FF,fastball,48,0.21,0.21,0.21,-0.003,,3.4,0
"Flaherty, Jack",FF,fastball,128,0.17,0.19,0.19,-0.003,,3.6,0
"Latz, Jacob",FF,fastball,63,0.12,0.2,0.2,-0.003,,2.3,0
"Brubaker, JT",SI,fastball,26,0.04,0.14,0.14,-0.003,,3.1,0.01
"Hurt, Kyle",FF,fastball,37,0.35,0.19,0.19,-0.003,,3.4,0
"Weissert, Greg",FF,fastball,45,0.23,0.18,0.17,-0.003,,6.3,0.01
"O'Brien, Riley",SI,fastball,39,0.21,0.2,0.2,-0.003,,3.5,0.01
"Cecconi, Slade",SI,fastball,34,0.33,0.17,0.17,-0.003,,7.5,0
"Bello, Brayan",SI,fastball,45,0.15,0.17,0.17,-0.003,,5.1,0.02
"Eisert, Brandon",FF,fastball,26,0.43,0.2,0.2,-0.003,,4.2,0
"Sheehan, Emmet",FF,fastball,97,0.28,0.22,0.22,-0.003,,3.2,0
"Brown, Hunter",FF,fastball,26,0.41,0.19,0.19,-0.003,,3.8,0
"Patrick, Chad",FF,fastball,54,0.22,0.2,0.2,-0.003,,3.6,0.01
"Rojas, Kendry",FF,fastball,25,0.47,0.22,0.21,-0.003,,4.4,0
"Blubaugh, AJ",FF,fastball,82,0.22,0.18,0.17,-0.003,,3,0
"Kelly, Merrill",FF,fastball,44,0.05,0.19,0.19,-0.004,,2.9,0.01
"Cole, Gerrit",FF,fastball,80,0.24,0.19,0.18,-0.004,,3.6,0
"Iglesias, Raisel",FF,fastball,56,0.23,0.19,0.18,-0.004,,8.1,0
"Littell, Zack",SI,fastball,26,0.03,0.16,0.16,-0.004,,7.5,0.01
"Alcantara, Sandy",FF,fastball,71,0.18,0.18,0.18,-0.004,,2.5,0
"Alcantara, Sandy",SI,fastball,87,0.18,0.18,0.17,-0.004,,2.3,0.01
"Rasmussen, Drew",CH,offspeed,56,1.08,0.84,0.84,-0.004,0.16,38.9,0.03
"Muñoz, Andrés",FF,fastball,26,0.24,0.23,0.22,-0.004,,4.4,0
"Valdez, Framber",SI,fastball,52,0.11,0.17,0.17,-0.004,,5,0.01
"Soriano, George",FF,fastball,31,0.03,0.19,0.19,-0.004,,4,0.01
"Nelson, Ryne",SL,breaking,44,1,1,1,-0.004,0.27,66.1,0.05
"Anderson, Grant",FF,fastball,38,0.26,0.22,0.21,-0.004,,4,0.03
"Leiter, Jack",FF,fastball,80,0.2,0.23,0.22,-0.004,,3.1,0
"Kerkering, Orion",FF,fastball,31,0.28,0.19,0.19,-0.004,,2.6,0
"Yesavage, Trey",FF,fastball,88,0.31,0.17,0.17,-0.004,,2.8,0
"Fuentes, Didier",FF,fastball,87,0.25,0.2,0.2,-0.004,,3.9,0
"Sasaki, Roki",FF,fastball,86,0.18,0.2,0.2,-0.004,,3.1,0
"Yates, Kirby",FF,fastball,52,0.19,0.18,0.18,-0.005,,4.2,0
"Kimbrel, Craig",FF,fastball,42,0.21,0.2,0.19,-0.005,,3,0.01
"Boyd, Matthew",FF,fastball,66,0.19,0.2,0.19,-0.005,,3.3,0.01
"Martinez, Nick",SI,fastball,71,0.06,0.15,0.15,-0.005,,2.9,0.01
"Hader, Josh",SI,fastball,41,0.38,0.2,0.2,-0.005,,2.6,0
"Kay, Anthony",SI,fastball,27,0.57,0.25,0.24,-0.005,,4.8,0.01
"Yarbrough, Ryan",CH,offspeed,33,1.08,0.6,0.6,-0.005,0.35,31.4,0
"Rasmussen, Drew",SI,fastball,44,0.12,0.2,0.2,-0.005,,11.5,0.01
"Scott, Tanner",FF,fastball,57,0.33,0.24,0.24,-0.005,,2.5,0
"Suarez, José",FF,fastball,48,0.15,0.19,0.19,-0.005,,3.5,0
"Hudson, Bryan",FF,fastball,95,0.21,0.21,0.21,-0.005,,5.1,0
"Cleavinger, Garrett",FF,fastball,26,0.16,0.22,0.22,-0.005,,2.9,0
"May, Dustin",FF,fastball,59,0.18,0.21,0.21,-0.005,,3.4,0
"Kirby, George",SI,fastball,34,0.12,0.19,0.18,-0.005,,2,0.01
"Smith, Cade",FF,fastball,86,0.33,0.22,0.21,-0.005,,2.8,0
"Gray, Peyton",FF,fastball,45,0.15,0.19,0.19,-0.005,,2.8,0
"Aldegheri, Sam",CH,offspeed,31,0.86,0.78,0.77,-0.005,0.42,54.1,0.01
"Woo, Bryan",FF,fastball,125,0.24,0.19,0.19,-0.005,,3.6,0
"Svanson, Matt",SI,fastball,39,0.12,0.2,0.19,-0.005,,2.9,0.01
"Dollander, Chase",FF,fastball,53,0.34,0.21,0.21,-0.005,,3.1,0.01
"Rodón, Carlos",FF,fastball,31,0.16,0.19,0.18,-0.006,,3.2,0.01
"Soriano, José",FF,fastball,76,0.13,0.19,0.19,-0.006,,4.8,0
"Gilbert, Logan",FF,fastball,80,0.13,0.21,0.2,-0.006,,3.9,0
"Nardi, Andrew",FF,fastball,29,0.39,0.21,0.2,-0.006,,3.4,0
"Rodriguez, Grayson",FF,fastball,61,0.09,0.21,0.2,-0.006,,4.3,0
"Bowlan, Jonathan",FF,fastball,45,0.39,0.21,0.21,-0.006,,2.8,0
"Arrighetti, Spencer",FF,fastball,53,0.21,0.21,0.2,-0.006,,3.4,0.01
"Sheehan, Emmet",CH,offspeed,66,0.53,1.01,1.01,-0.006,0.33,55.2,0.02
"Davis, Tyler",FF,fastball,36,0.28,0.21,0.21,-0.006,,2.6,0
"Mikolas, Miles",FF,fastball,77,0.07,0.16,0.15,-0.007,,3.6,0
"Weaver, Luke",FF,fastball,43,0.1,0.22,0.22,-0.007,,2.7,0
"Bassitt, Chris",SI,fastball,27,0.06,0.18,0.17,-0.007,,5.7,0.01
"Speier, Gabe",FF,fastball,41,0.26,0.2,0.19,-0.007,,3.7,0
"Williams, Gavin",FF,fastball,89,0.42,0.2,0.19,-0.007,,3.2,0.01
"Kuhnel, Joel",SI,fastball,25,0.14,0.18,0.17,-0.007,,2.8,0
"Bibee, Tanner",SI,fastball,38,0.08,0.17,0.16,-0.007,,13.5,0.01
"Bradish, Kyle",SI,fastball,72,0.1,0.18,0.17,-0.007,,8.6,0.02
"Aleman, Franco",FF,fastball,28,0.25,0.25,0.25,-0.007,,2.9,0
"Prielipp, Connor",FF,fastball,43,0.05,0.2,0.19,-0.007,,2.8,0
"McLean, Nolan",FF,fastball,42,0.45,0.2,0.2,-0.007,,4.6,0
"Patrick, Chad",SI,fastball,32,0.09,0.2,0.19,-0.007,,5.4,0.01
"Skenes, Paul",SL,breaking,30,1.2,1.27,1.26,-0.007,0.35,125.4,0.05
"Wheeler, Zack",FF,fastball,77,0.23,0.23,0.22,-0.008,,3.1,0
"Mikolas, Miles",SI,fastball,33,0,0.15,0.14,-0.008,,5.9,0.01
"Nola, Aaron",FF,fastball,49,0.06,0.2,0.19,-0.008,,2.5,0
"Manaea, Sean",SI,fastball,26,0.18,0.19,0.18,-0.008,,4.6,0.01
"Soto, Gregory",FF,fastball,28,0.3,0.22,0.21,-0.008,,3.6,0.01
"Petersen, Michael",FF,fastball,92,0.21,0.19,0.19,-0.008,,2.7,0
"Lambert, Peter",CH,offspeed,75,1.05,0.61,0.6,-0.008,0.24,19.9,0.01
"Santillan, Tony",FF,fastball,37,0.23,0.19,0.18,-0.008,,4.1,0
"Wells, Tyler",SL,breaking,27,1.47,0.68,0.67,-0.008,0.28,45.9,0.04
"Silseth, Chase",FF,fastball,46,0.15,0.19,0.19,-0.008,,4.5,0
"Gaddis, Hunter",SL,breaking,41,0.92,0.67,0.67,-0.008,0.24,57.8,0.04
"Pomeranz, Drew",KC,breaking,32,0.57,1.88,1.87,-0.009,0.37,170.8,0.02
"Nola, Aaron",SI,fastball,40,0.05,0.19,0.18,-0.009,,2.5,0.01
"King, Michael",SI,fastball,41,0.37,0.3,0.29,-0.009,,14.3,0.01
"Megill, Trevor",KC,breaking,44,2.33,2.74,2.73,-0.009,0.28,152.8,0.05
"Holderman, Colin",SI,fastball,25,0.13,0.2,0.19,-0.009,,3.3,0.01
"Bennett, Jake",FF,fastball,41,0.25,0.2,0.19,-0.009,,3.9,0.01
"Pfaadt, Brandon",ST,breaking,29,0.93,1.17,1.16,-0.009,0.41,141.1,0.01
"Skenes, Paul",FF,fastball,142,0.32,0.2,0.19,-0.009,,2.5,0
"Tolle, Payton",FF,fastball,146,0.29,0.23,0.22,-0.009,,3.6,0
"Imai, Tatsuya",FF,fastball,43,0.29,0.19,0.18,-0.009,,3.4,0
"Corbin, Patrick",SL,breaking,60,2.03,1,0.99,-0.01,0.52,151.9,0.04
"Matz, Steven",SI,fastball,46,0.02,0.2,0.19,-0.01,,2.3,0
"Stanek, Ryne",FF,fastball,49,0.16,0.21,0.2,-0.01,,4,0
"Peralta, Wandy",FF,fastball,25,0.04,0.19,0.18,-0.01,,2.7,0.01
"Suarez, Ranger",SI,fastball,27,0.05,0.19,0.19,-0.01,,8.2,0.01
"Baker, Bryan",FF,fastball,57,0.16,0.2,0.19,-0.01,,6.9,0.04
"Civale, Aaron",SI,fastball,31,0.13,0.15,0.14,-0.01,,6.7,0.01
"Morán, Jovani",CH,offspeed,39,2.31,1.03,1.02,-0.01,0.42,29.1,0.01
"Irvin, Jake",FF,fastball,47,0.29,0.21,0.2,-0.01,,3.1,0.01
"Ragans, Cole",FF,fastball,41,0.41,0.24,0.23,-0.01,,2.7,0
"Legumina, Casey",FF,fastball,66,0.16,0.22,0.21,-0.01,,5.9,0
"Skubal, Tarik",SI,fastball,37,0.32,0.21,0.2,-0.01,,4.8,0.01
"Liberatore, Matthew",CU,breaking,55,0.87,1.51,1.5,-0.01,0.63,175.6,0.01
"Ramírez, Yohan",FF,fastball,32,0.56,0.21,0.2,-0.01,,3.1,0
"Elder, Bryce",SI,fastball,34,0.2,0.17,0.16,-0.01,,9.1,0.01
"Jump, Gage",FF,fastball,85,0.17,0.23,0.22,-0.01,,2.4,0
"Henderson, Logan",CH,offspeed,49,1.22,1.01,1,-0.01,0.39,38.7,0.01
"Kikuchi, Yusei",FF,fastball,42,0.37,0.21,0.2,-0.011,,5.3,0.01
"Sewald, Paul",FF,fastball,68,0.13,0.25,0.24,-0.011,,2.8,0.01
"Kay, Anthony",FF,fastball,72,0.08,0.2,0.19,-0.011,,3.4,0.01
"Williams, Devin",FF,fastball,54,0.19,0.21,0.2,-0.011,,5.1,0
"Ryan, Joe",FF,fastball,111,0.21,0.2,0.19,-0.011,,3.3,0
"Crochet, Garrett",FF,fastball,30,0.16,0.22,0.21,-0.011,,4.9,0.01
"Ureña, Walbert",FF,fastball,65,0.31,0.19,0.18,-0.011,,3.8,0.01
"Adams, Travis",CH,offspeed,27,1.37,0.83,0.81,-0.011,0.29,21.6,0.01
"Warren, Will",SI,fastball,40,0.12,0.25,0.24,-0.011,,7.8,0.01
"Early, Connelly",FF,fastball,86,0.16,0.21,0.2,-0.011,,4.1,0
"Webb, Logan",FF,fastball,50,0.08,0.2,0.19,-0.012,,3.7,0.01
"Rogers, Trevor",SI,fastball,26,0.03,0.21,0.2,-0.012,,2.7,0.01
"McLean, Nolan",SI,fastball,61,0.22,0.22,0.21,-0.012,,4.6,0.01
"Wacha, Michael",SI,fastball,36,0.11,0.17,0.15,-0.013,,6.1,0.01
"Newcomb, Sean",FF,fastball,56,0.51,0.18,0.17,-0.013,,4.2,0
"Akin, Keegan",FF,fastball,33,0.05,0.18,0.17,-0.013,,2.9,0.01
"Harrison, Kyle",FF,fastball,155,0.23,0.21,0.2,-0.013,,3.4,0
"Sánchez, Cristopher",SI,fastball,75,0.13,0.21,0.19,-0.014,,2.6,0
"Rodriguez, Grayson",CH,offspeed,27,0.71,1.17,1.16,-0.014,0.37,31.7,0.02
"Weathers, Ryan",FF,fastball,55,0.14,0.21,0.19,-0.015,,3.1,0
"Kochanowicz, Jack",SI,fastball,35,0.18,0.22,0.2,-0.015,,6.7,0.01
"Varland, Louis",KC,breaking,46,1.28,2.26,2.24,-0.015,0.42,168.4,0.03
"Bubic, Kris",CH,offspeed,29,0.5,0.83,0.81,-0.016,0.21,40.5,0.01
"Luzardo, Jesús",FF,fastball,91,0.14,0.2,0.18,-0.016,,3.2,0
"Schlittler, Cam",SI,fastball,62,0.3,0.2,0.19,-0.016,,4.3,0.01
"Miles, Spencer",SI,fastball,35,0.05,0.2,0.18,-0.016,,4.8,0
"Schultz, Noah",FF,fastball,52,0.35,0.23,0.21,-0.016,,3.8,0.01
"Webb, Logan",SI,fastball,34,0.08,0.23,0.21,-0.017,,5.5,0.02
"Gilbert, Logan",CU,breaking,35,1.94,1.88,1.86,-0.018,0.68,167.1,0.02
"Imanaga, Shota",FF,fastball,111,0.14,0.23,0.21,-0.018,,3,0
"Blubaugh, AJ",CH,offspeed,42,1.27,1.02,1,-0.018,0.31,33.9,0.02
"Freeland, Kyle",KC,breaking,73,1.23,1.98,1.96,-0.019,0.29,170.6,0.03
"McDonald, Trevor",SI,fastball,56,0.04,0.2,0.18,-0.019,,3.9,0.01
"Mahle, Tyler",FS,offspeed,85,0.88,0.76,0.74,-0.02,0.25,15.5,0.01
"Pallante, Andre",KC,breaking,52,2.6,1.7,1.68,-0.02,0.72,169.9,0.01
"Rogers, Trevor",FF,fastball,124,0.12,0.23,0.2,-0.021,,3.2,0
"Drohan, Shane",FF,fastball,63,0.2,0.23,0.21,-0.021,,4.1,0
"Hart, Kyle",FS,offspeed,29,0.66,0.73,0.71,-0.022,0.27,59.9,0.02
"Bennett, Jake",CH,offspeed,46,1.03,0.9,0.88,-0.022,0.31,16.4,0.01
"Bassitt, Chris",FC,fastball,28,0.24,0.23,0.21,-0.023,,12,0.04
"Quantrill, Cal",FS,offspeed,35,0.18,0.77,0.75,-0.023,0.27,22.6,0.02
"Gibson, Cade",ST,breaking,34,1.22,1.71,1.68,-0.023,0.55,161.8,0.01
"Ray, Robbie",CH,offspeed,58,0.71,0.64,0.61,-0.024,0.24,7.1,0.01
"Peralta, Freddy",CH,offspeed,55,0.66,0.81,0.78,-0.024,0.32,38.3,0.01
"Rogers, Trevor",CH,offspeed,67,0.17,0.75,0.72,-0.024,0.25,13,0.01
"Warren, Will",CH,offspeed,29,0.88,0.71,0.69,-0.024,0.26,24.5,0.02
"Houser, Adrian",CH,offspeed,44,0.76,1.09,1.06,-0.025,0.35,13.5,0.01
"Strahm, Matt",FF,fastball,45,0.17,0.24,0.22,-0.025,,4.9,0
"Abreu, Bryan",SL,breaking,49,1.8,2,1.98,-0.025,0.35,161.5,0.04
"Brown, Ben",KC,breaking,69,2.63,1.08,1.06,-0.025,0.32,149.2,0.05
"Freeland, Kyle",ST,breaking,47,1.09,1.45,1.43,-0.026,0.4,169,0.02
"Wacha, Michael",CH,offspeed,92,0.7,1.05,1.02,-0.026,0.57,39.3,0.01
"Anderson, Drew",CH,offspeed,64,0.64,1.01,0.98,-0.026,0.19,39.2,0.01
"Herget, Jimmy",ST,breaking,43,0.89,1.29,1.26,-0.026,0.57,169.8,0.02
"Brubaker, JT",SL,breaking,34,0.93,1.3,1.27,-0.026,0.2,78.5,0.06
"Chapman, Aroldis",SI,fastball,48,0.31,0.3,0.27,-0.027,,5.1,0.01
"Scott, Christian",FF,fastball,99,0.37,0.22,0.2,-0.027,,3.7,0
"Lodolo, Nick",FF,fastball,45,0.23,0.2,0.17,-0.028,,2.6,0
"Bradley, Taj",FS,offspeed,57,0.83,0.76,0.73,-0.029,0.19,14.7,0.02
"Woodruff, Brandon",CH,offspeed,27,2.24,0.85,0.82,-0.03,0.26,23.1,0.01
"Suter, Brent",SI,fastball,44,0.03,0.25,0.22,-0.03,,14.4,0.01
"Thompson, Ryan",SL,breaking,53,1.84,1.15,1.12,-0.03,0.68,163.3,0.02
"Paddack, Chris",CH,offspeed,46,1.08,0.9,0.87,-0.03,0.27,35.1,0.01
"Clarke, Taylor",SL,breaking,26,0.28,0.64,0.61,-0.03,0.27,54.2,0.04
"Matsui, Yuki",FS,offspeed,46,1.75,0.82,0.79,-0.03,0.34,36.2,0.01
"Arrighetti, Spencer",CU,breaking,74,1.34,1.43,1.4,-0.03,0.73,168.8,0.01
"King, Michael",CH,offspeed,83,0.93,0.73,0.7,-0.031,0.29,28.2,0.01
"Maton, Phil",CU,breaking,42,1.22,0.99,0.96,-0.031,0.68,158.6,0
"Warren, Will",FF,fastball,87,0.24,0.27,0.24,-0.031,,4.3,0
"López, Reynaldo",SL,breaking,57,2.21,0.8,0.77,-0.032,0.35,89.2,0.05
"May, Dustin",SI,fastball,41,0.16,0.34,0.31,-0.032,,10.6,0.01
"Woo, Bryan",SI,fastball,33,0.14,0.26,0.22,-0.033,,3.6,0.01
"Ureña, Walbert",SI,fastball,41,0.3,0.21,0.18,-0.033,,3.8,0.01
"Adam, Jason",SL,breaking,29,0.31,1.48,1.44,-0.034,0.32,121.8,0.05
"Lange, Alex",CH,offspeed,37,0.76,0.71,0.68,-0.034,0.22,22,0.01
"Holderman, Colin",ST,breaking,42,1.94,1.13,1.09,-0.034,0.41,152.3,0.04
"Ferrer, José A.",SI,fastball,49,0.14,0.22,0.18,-0.035,,3,0
"Uribe, Abner",SL,breaking,44,2.97,1.53,1.5,-0.035,0.42,136.2,0.02
"Sproat, Brandon",SI,fastball,46,0.26,0.24,0.2,-0.035,,4.3,0.01
"Seymour, Ian",CH,offspeed,82,0.93,0.87,0.84,-0.035,0.29,23.7,0.01
"Soriano, José",SI,fastball,46,0.38,0.3,0.27,-0.036,,5.2,0.01
"Pérez, Martín",SI,fastball,37,0.03,0.22,0.19,-0.037,,3.8,0.01
"Milner, Hoby",FF,fastball,28,0.09,0.17,0.13,-0.037,,3.1,0.01
"Leahy, Kyle",ST,breaking,49,0.62,1.32,1.29,-0.037,0.47,141.1,0.01
"Franco, Jose",SL,breaking,26,0.97,0.98,0.94,-0.037,0.34,103.9,0.05
"Englert, Mason",CH,offspeed,45,0.88,0.77,0.73,-0.038,0.21,23.5,0.01
"Imanaga, Shota",FS,offspeed,132,1.37,0.99,0.95,-0.038,0.29,18.7,0.02
"Kelly, Kevin",SI,fastball,33,0.2,0.26,0.22,-0.038,,3.1,0.01
"Roupp, Landen",SI,fastball,35,0.23,0.21,0.18,-0.038,,5.5,0.01
"Harrison, Kyle",CH,offspeed,26,0.48,0.81,0.77,-0.04,0.33,41.1,0.01
"Peralta, Wandy",CH,offspeed,51,0.85,0.76,0.72,-0.041,0.24,8.4,0.01
"Hoffman, Jeff",FS,offspeed,34,1.08,0.98,0.94,-0.041,0.19,22,0.01
"Sale, Chris",FF,fastball,121,0.3,0.23,0.19,-0.042,,3.6,0
"deGrom, Jacob",SL,breaking,128,1.09,1.12,1.08,-0.042,0.23,73.7,0.04
"Woods Richardson, Simeon",FS,offspeed,33,0.35,0.69,0.64,-0.042,0.24,27.9,0.02
"King, Bryan",ST,breaking,25,0.16,0.9,0.86,-0.042,0.45,147.8,0.01
"Finnegan, Kyle",FS,offspeed,44,1.4,1.13,1.09,-0.043,0.27,27,0.02
"Mlodzinski, Carmen",FS,offspeed,86,0.63,0.93,0.89,-0.043,0.33,24.7,0.02
"Bradish, Kyle",SL,breaking,75,1.46,1.32,1.28,-0.043,0.29,131.4,0.01
"Schlittler, Cam",CU,breaking,28,2.61,1.56,1.51,-0.044,0.31,167.1,0.02
"Lord, Brad",ST,breaking,33,0.27,0.97,0.93,-0.044,0.68,168.2,0.03
"Melton, Troy",SL,breaking,41,1.92,1.03,0.98,-0.045,0.28,113.5,0.03
"Woo, Bryan",CH,offspeed,25,0.96,0.77,0.73,-0.045,0.23,10.7,0
"Rea, Colin",CH,offspeed,47,0.23,0.77,0.72,-0.047,0.2,32.5,0.01
"Lowder, Rhett",SL,breaking,57,1.25,1.96,1.92,-0.047,0.35,165.5,0.05
"Wacha, Michael",SL,breaking,28,1.64,0.9,0.85,-0.048,0.34,59.3,0.05
"Soto, Gregory",ST,breaking,33,1.27,1.6,1.55,-0.049,0.63,154.8,0.02
"Thompson, Ryan",SI,fastball,34,0.24,0.31,0.26,-0.049,,4.8,0.01
"Cruz, Steven",SL,breaking,29,0.2,0.92,0.87,-0.049,0.29,77.5,0.05
"Painter, Andrew",FS,offspeed,38,0.77,0.93,0.88,-0.05,0.32,14.9,0.01
"Pérez, Martín",CH,offspeed,81,0.92,0.77,0.72,-0.052,0.32,11.5,0.01
"Shugart, Chase",ST,breaking,26,1.1,0.76,0.71,-0.052,0.5,156.5,0.02
"Bachman, Sam",SL,breaking,53,2.13,1.64,1.59,-0.053,0.34,161.6,0.05
"Gusto, Ryan",CH,offspeed,27,0.49,0.8,0.74,-0.055,0.25,40.2,0.02
"Fuentes, Didier",SL,breaking,29,1.74,1.4,1.34,-0.055,0.44,101.4,0.05
"Woo, Bryan",SL,breaking,40,0.78,0.97,0.91,-0.056,0.23,92.6,0.05
"Kochanowicz, Jack",CH,offspeed,41,0.73,0.71,0.65,-0.057,0.2,8.5,0.02
"Orze, Eric",FS,offspeed,64,0.99,1.15,1.09,-0.058,0.31,28.4,0.01
"Varland, Louis",CH,offspeed,27,1.53,1.03,0.97,-0.058,0.24,16,0.01
"Schlittler, Cam",FC,fastball,81,0.18,0.4,0.35,-0.058,,35.1,0.02
"Roupp, Landen",CH,offspeed,81,0.61,0.67,0.61,-0.058,0.21,27.4,0.01
"Suter, Brent",CH,offspeed,59,0.74,1.43,1.37,-0.059,0.63,21.4,0.01
"Sánchez, Cristopher",SL,breaking,60,1.25,0.99,0.94,-0.06,0.44,166.7,0.05
"Boyd, Matthew",SL,breaking,30,2.13,1.34,1.27,-0.061,0.37,136.5,0.05
"Criswell, Cooper",CH,offspeed,29,0.28,0.45,0.39,-0.063,0.19,13.4,0.01
"Suarez, José",CH,offspeed,55,0.97,0.84,0.78,-0.066,0.32,16.3,0.01
"Wells, Tyler",FC,fastball,38,0.34,0.29,0.23,-0.067,,18.2,0.02
"Alcantara, Sandy",CH,offspeed,88,0.5,0.73,0.66,-0.068,0.2,10.3,0.01
"Leahy, Kyle",CH,offspeed,41,0.65,0.79,0.72,-0.068,0.2,22.2,0.01
"Senzatela, Antonio",FC,fastball,36,0.34,0.48,0.41,-0.069,,30.9,0.03
"Bird, Jake",ST,breaking,27,0.71,0.79,0.72,-0.069,0.41,142.3,0.01
"Gallen, Zac",SL,breaking,40,0.6,0.71,0.64,-0.07,0.19,68.6,0.04
"Alcantara, Sandy",ST,breaking,33,0.42,0.76,0.69,-0.071,0.46,163.8,0.03
"Griffin, Foster",FC,fastball,72,0.1,0.25,0.18,-0.071,,33.3,0.03
"Nunez, Anthony",CH,offspeed,31,1.22,0.99,0.92,-0.071,0.25,65.4,0.02
"Schultz, Noah",CH,offspeed,28,0.43,0.7,0.62,-0.071,0.22,12.7,0.02
"Muñoz, Andrés",SL,breaking,73,2.37,1.52,1.44,-0.072,0.48,133,0.03
"Castillo, Luis",SL,breaking,83,0.87,1.01,0.94,-0.074,0.32,113,0.05
"Kay, Anthony",CH,offspeed,47,0.71,0.9,0.83,-0.074,0.27,20.9,0.01
"Hill, Tim",SI,fastball,64,0.12,0.18,0.11,-0.075,,3.7,0.01
"Baker, Bryan",CH,offspeed,71,0.57,1.42,1.34,-0.076,0.43,21.1,0.01
"Littell, Zack",ST,breaking,32,0.53,0.44,0.36,-0.076,0.69,164.9,0.02
"Martinez, Nick",FC,fastball,31,0.05,0.28,0.21,-0.077,,7.1,0.03
"Lauer, Eric",CH,offspeed,30,0.07,0.66,0.58,-0.077,0.23,18.8,0.02
"Soriano, George",CH,offspeed,52,0.75,0.92,0.85,-0.077,0.2,30.5,0.02
"Kittredge, Andrew",SL,breaking,59,1.34,0.83,0.75,-0.078,0.21,78.1,0.05
"Sulser, Cole",CH,offspeed,50,1.1,0.91,0.83,-0.078,0.24,23,0.01
"Strahm, Matt",CH,offspeed,26,0.14,0.82,0.74,-0.079,0.3,37.9,0.01
"Eovaldi, Nathan",FS,offspeed,115,0.78,0.73,0.65,-0.081,0.21,11.4,0.01
"Severino, Luis",ST,breaking,52,1.2,1,0.92,-0.081,0.52,139.8,0.01
"Newcomb, Sean",SV,breaking,47,0.42,0.6,0.52,-0.081,0.51,176.3,0.01
"Messick, Parker",CH,offspeed,101,0.85,0.94,0.86,-0.081,0.33,29.4,0.01
"Ureña, Walbert",CH,offspeed,70,0.76,0.77,0.68,-0.083,0.24,11.4,0.03
"deGrom, Jacob",CH,offspeed,37,1.58,1.04,0.96,-0.084,0.23,16.5,0.01
"Crochet, Garrett",ST,breaking,27,1.18,1.43,1.35,-0.084,0.44,163.1,0.02
"Lauer, Eric",FC,fastball,38,0.1,0.29,0.2,-0.087,,29.6,0.04
"Eovaldi, Nathan",FC,fastball,38,0.26,0.37,0.28,-0.088,,27.7,0.03
"Abbott, Andrew",ST,breaking,97,1.75,1.26,1.18,-0.09,0.52,151.6,0.02
"Winn, Keaton",FS,offspeed,48,0.59,0.78,0.69,-0.09,0.22,18.9,0.01
"Quantrill, Cal",FC,fastball,32,0.26,0.54,0.45,-0.094,,34.5,0.05
"Alcantara, Sandy",FC,fastball,40,0.55,0.7,0.61,-0.094,,32,0.05
"Fried, Max",CH,offspeed,36,1.02,1.13,1.03,-0.095,0.26,23.5,0.01
"Ferrer, José A.",CH,offspeed,30,1.28,1.22,1.12,-0.096,0.47,24.6,0.01
"Lord, Brad",SL,breaking,37,0.1,0.74,0.64,-0.096,0.42,166.2,0.05
"Kay, Anthony",FC,fastball,28,0.07,0.41,0.32,-0.097,,27.3,0.04
"Holmes, Clay",ST,breaking,27,1.58,1.67,1.57,-0.1,0.65,166.8,0.02
"Ohtani, Shohei",FS,offspeed,27,1.2,1.12,1.02,-0.1,0.25,18,0.02
"Chandler, Bubba",CH,offspeed,60,0.77,0.96,0.86,-0.102,0.24,23.5,0.01
"Suarez, José",SL,breaking,28,0.76,0.97,0.87,-0.103,0.45,147.1,0.04
"Scott, Christian",CU,breaking,29,0.87,1.58,1.48,-0.103,0.44,151.8,0.03
"Morillo, Juan",CH,offspeed,28,0.84,0.78,0.68,-0.105,0.19,31.9,0
"Stanek, Ryne",SL,breaking,26,1.74,1.42,1.32,-0.106,0.33,148,0.05
"Agnos, Zach",FS,offspeed,28,1.4,0.82,0.71,-0.106,0.21,27,0.01
"Civale, Aaron",FC,fastball,51,0.45,0.42,0.31,-0.108,,35.6,0.03
"Lodolo, Nick",CH,offspeed,33,0.05,0.54,0.44,-0.108,0.19,8.4,0.01
"Parker, Mitchell",SL,breaking,56,1.37,1.75,1.64,-0.108,0.66,151.8,0.04
"Agnos, Zach",SL,breaking,34,1.17,0.95,0.85,-0.108,0.33,160.6,0.03
"Nola, Aaron",KC,breaking,136,1.32,1.2,1.09,-0.109,0.69,173.2,0.01
"Warren, Will",ST,breaking,35,1.54,2.16,2.05,-0.109,0.41,166.6,0.01
"Skenes, Paul",CH,offspeed,75,0.8,0.89,0.77,-0.113,0.2,25.7,0.01
"Griffin, Foster",CU,breaking,44,1.28,0.6,0.49,-0.114,0.55,176.5,0.01
"Tolle, Payton",CU,breaking,37,2.21,1.53,1.42,-0.114,0.56,156.5,0.03
"Gallen, Zac",KC,breaking,62,0.21,1.27,1.15,-0.116,0.47,164.7,0.02
"Patrick, Chad",FC,fastball,46,0.25,0.59,0.47,-0.118,,83.5,0.02
"Wheeler, Zack",FS,offspeed,58,1.75,1.02,0.9,-0.119,0.19,15.2,0.01
"Harris, Hogan",CU,breaking,33,1.09,1.43,1.32,-0.119,1.29,172,0.01
"Rogers, Trevor",ST,breaking,68,0.93,0.96,0.84,-0.119,0.75,138.8,0.02
"Bradley, Taj",FC,fastball,80,0.86,0.8,0.68,-0.119,,54.2,0.05
"Bradish, Kyle",CU,breaking,63,2.69,1.38,1.27,-0.119,0.3,155.5,0.01
"Cease, Dylan",CH,offspeed,30,2.48,1.76,1.64,-0.121,0.54,5.1,0.01
"Blackburn, Paul",CU,breaking,25,2.17,0.83,0.7,-0.122,0.38,173.4,0.01
"Rodriguez, Eduardo",CH,offspeed,66,0.27,0.75,0.62,-0.123,0.21,21.6,0.01
"Scott, Tanner",SL,breaking,65,1.15,1.13,1.01,-0.126,0.23,93.6,0.04
"Silseth, Chase",FS,offspeed,39,1.57,0.83,0.71,-0.126,0.23,37.3,0.02
"Fluharty, Mason",ST,breaking,43,0.96,1.63,1.5,-0.128,0.41,136.7,0.01
"Holton, Tyler",FC,fastball,30,0.23,0.42,0.29,-0.13,,48.2,0.04
"Cecconi, Slade",FC,fastball,53,0.51,0.56,0.43,-0.13,,39.6,0.05
"Cecconi, Slade",CU,breaking,47,2.35,0.98,0.85,-0.132,0.84,174.8,0.01
"Miller, Erik",SL,breaking,36,2.77,3.05,2.91,-0.136,0.48,153.5,0.05
"Irvin, Jake",CU,breaking,37,1.16,0.94,0.8,-0.138,0.73,160.4,0.01
"Rogers, Taylor",ST,breaking,59,0.17,1.09,0.95,-0.14,0.72,161.2,0.03
"Moll, Sam",ST,breaking,49,1.95,2.15,2.01,-0.142,0.57,161,0.01
"Rodón, Carlos",SL,breaking,52,1.47,1.3,1.16,-0.142,0.38,139.7,0.06
"Martin, Davis",CU,breaking,35,3.1,1.11,0.97,-0.143,0.47,167.2,0.01
"Detmers, Reid",SL,breaking,125,1.78,1.29,1.15,-0.145,0.27,161,0.05
"Burns, Chase",SL,breaking,125,2.26,1.31,1.17,-0.145,0.21,78.4,0.05
"Morejon, Adrian",CH,offspeed,47,1.09,1.08,0.94,-0.147,0.2,37.2,0.04
"Patrick, Chad",SV,breaking,32,0.59,0.78,0.63,-0.148,0.23,136.3,0.04
"Peralta, Freddy",CU,breaking,48,1.82,1.4,1.25,-0.15,0.48,146.4,0.03
"Alcantara, Sandy",SL,breaking,30,0.32,0.92,0.77,-0.15,0.53,161,0.05
"McDonald, Trevor",CH,offspeed,31,0.95,1.09,0.94,-0.15,0.3,4.1,0.01
"Suarez, Robert",CH,offspeed,42,0.71,0.97,0.82,-0.151,0.19,27.6,0.01
"Lopez, Jacob",SL,breaking,77,0.78,1.59,1.44,-0.151,0.64,153.8,0.03
"Baz, Shane",FC,fastball,29,0.18,0.69,0.53,-0.153,,30,0.04
"Alexander, Tyler",CH,offspeed,37,0.64,0.75,0.6,-0.154,0.22,16.6,0.01
"Medina, Luis",CH,offspeed,30,2.31,0.92,0.76,-0.154,0.22,14.2,0.01
"Woo, Bryan",ST,breaking,62,1.92,1.24,1.09,-0.154,0.45,159,0.03
"Burrows, Mike",CU,breaking,42,1.39,1.12,0.96,-0.156,0.73,172,0.02
"Pérez, Eury",CH,offspeed,27,1.56,0.99,0.83,-0.161,0.22,17.7,0.02
"Treinen, Blake",ST,breaking,30,1.37,1.14,0.98,-0.163,0.42,174.3,0.03
"Civale, Aaron",CU,breaking,58,0.77,0.76,0.6,-0.163,0.74,166.3,0.01
"Hader, Josh",SL,breaking,26,2.93,2.78,2.61,-0.164,0.3,114.8,0.06
"Kerkering, Orion",ST,breaking,53,1.12,1.25,1.08,-0.164,0.49,169.5,0.03
"Stanek, Ryne",FS,offspeed,33,1.6,1.14,0.97,-0.166,0.28,22.6,0.02
"Gore, MacKenzie",FC,fastball,26,0.13,0.54,0.37,-0.168,,15.7,0.04
"Headrick, Brent",SL,breaking,54,2.51,1.21,1.04,-0.172,0.42,36.3,0.05
"Lambert, Peter",ST,breaking,32,0.74,0.93,0.75,-0.182,0.45,161,0.02
"Fisher, Braydon",CU,breaking,33,0.93,0.77,0.59,-0.184,0.49,174.7,0.02
"Lovelady, Richard",ST,breaking,40,1.25,1.98,1.8,-0.188,0.38,157.6,0.01
"Blubaugh, AJ",ST,breaking,28,2.08,0.91,0.72,-0.19,0.47,147.2,0.04
"Garcia, Brandyn",ST,breaking,31,2.7,1.88,1.69,-0.196,0.32,164.5,0.02
"Fairbanks, Pete",FC,fastball,31,1.29,0.95,0.75,-0.199,,107.4,0.04
"Cabrera, Edward",CU,breaking,28,1.76,1.68,1.48,-0.2,0.42,168.6,0.03
"Early, Connelly",ST,breaking,39,2.39,2.06,1.85,-0.203,0.53,171.3,0.02
"Bibee, Tanner",FC,fastball,53,0.6,0.9,0.69,-0.209,,108.3,0.04
"Sasaki, Roki",FS,offspeed,95,0.62,1.3,1.09,-0.213,0.26,30.3,0.02
"Vest, Will",SL,breaking,30,0.45,2.05,1.83,-0.214,0.28,160.3,0.05
"Harrison, Kyle",SV,breaking,78,1.3,1.89,1.68,-0.214,0.5,169.8,0.02
"Soto, Gregory",SL,breaking,36,1.99,1.64,1.43,-0.215,0.58,141,0.04
"Rasmussen, Drew",FC,fastball,69,0.9,1,0.79,-0.217,,78.3,0.04
"Antone, Tejay",ST,breaking,53,1.01,1.56,1.34,-0.221,0.36,164,0.01
"Raley, Brooks",ST,breaking,42,1.03,1.08,0.85,-0.225,0.42,155.5,0.01
"Thielbar, Caleb",CU,breaking,29,1.14,0.72,0.49,-0.231,0.78,164.7,0.02
"Webb, Logan",ST,breaking,25,0.43,1.33,1.1,-0.232,0.35,175.8,0.01
"Perkins, Jack",ST,breaking,51,0.63,1.68,1.45,-0.232,0.38,169.3,0.03
"Bassitt, Chris",CU,breaking,37,0.82,1.06,0.83,-0.236,1.18,176,0.01
"Tolle, Payton",FC,fastball,46,0.31,0.95,0.71,-0.239,,41.4,0.04
"Nance, Tommy",CU,breaking,56,0.74,1.2,0.95,-0.245,0.48,158.6,0.01
"Cantillo, Joey",CU,breaking,108,1.27,0.83,0.59,-0.248,0.7,176.7,0.01
"Petersen, Michael",SL,breaking,27,1.25,1.54,1.29,-0.249,0.38,134.1,0.06
"Prielipp, Connor",SL,breaking,56,1.07,1.64,1.38,-0.26,0.28,159.3,0.05
"Bazardo, Eduard",ST,breaking,38,0.52,0.72,0.46,-0.262,0.7,172.7,0.03
"Banda, Anthony",SL,breaking,53,1.67,1.52,1.25,-0.265,0.39,169.1,0.03
"Gilbert, Logan",SL,breaking,71,1.36,1.48,1.21,-0.274,0.3,156.2,0.05
"Romero, JoJo",ST,breaking,43,2.37,2.14,1.86,-0.282,0.68,172.8,0.02
"Ray, Robbie",KC,breaking,28,0.84,0.69,0.4,-0.283,0.52,173.4,0.03
"Ashby, Aaron",CU,breaking,31,2.88,2.62,2.34,-0.284,0.63,172.7,0.01
"Gibson, Trey",SL,breaking,34,1.13,1.84,1.55,-0.296,0.25,173.2,0.04
"Early, Connelly",CU,breaking,33,1.23,2.06,1.76,-0.3,0.48,170,0.02
"Garcia, Julian",ST,breaking,32,1,2.11,1.8,-0.305,0.53,142.3,0.01
"Richards, Trevor",CH,offspeed,43,3.03,1.12,0.81,-0.313,0.66,60.9,0.04
"Detmers, Reid",CU,breaking,31,1.38,0.9,0.59,-0.314,1.56,175.4,0.02
"Mayza, Tim",SL,breaking,37,0.98,1.26,0.95,-0.318,0.28,167.6,0.05
"Warren, Austin",ST,breaking,27,1.02,1.44,1.11,-0.332,0.46,175.6,0.02
"Davila, Nick",SL,breaking,43,0.21,0.98,0.64,-0.344,0.32,150.1,0.04
"McDonald, Trevor",SL,breaking,50,1.99,3.3,2.95,-0.35,0.35,149.2,0.03
"Smith, Cade",FS,offspeed,44,1.41,1.97,1.61,-0.355,0.29,103.6,0.07
"Erceg, Lucas",SL,breaking,40,0.69,1.97,1.58,-0.39,0.51,156.7,0.05
"Canning, Griffin",SL,breaking,36,1.24,1.67,1.27,-0.396,0.27,167.6,0.05
"Whitlock, Garrett",SL,breaking,38,2.31,1.93,1.53,-0.402,0.29,154,0.05
"Brash, Matt",SL,breaking,25,1.61,2.23,1.82,-0.416,0.38,171.2,0.03
"Hoffman, Jeff",SL,breaking,56,2.51,2.57,2.13,-0.438,0.34,149.4,0.05
"Faucher, Calvin",ST,breaking,31,0.97,1.52,1.02,-0.502,0.27,168.9,0.02
"Anderson, Grant",ST,breaking,40,1.46,1.05,0.55,-0.502,0.51,153.9,0.05
"Henriquez, Edgardo",SL,breaking,26,2.17,1.9,1.35,-0.55,0.41,134.5,0.05
"Baz, Shane",KC,breaking,132,1.11,2.74,2.11,-0.622,0.35,175.3,0.02
"Bradley, Taj",CU,breaking,40,1.62,1.53,0.75,-0.78,0.52,174.9,0.02
"Montgomery, Mason",CU,breaking,26,0.74,3.4,2.33,-1.072,0.5,164.7,0.04
