player_name,pitch_type,n,whiff,exp_whiff,wresid,axis,as_gap,ivb_gap,spin_sim
"Medina, Luis",CH,58,0.586,0.321,0.265,13.4,-0.175,-11.8,0.042
"Farris, Mitch",CH,81,0.457,0.232,0.224,50.7,0.007,-15.8,0.283
"Vesia, Alex",CH,46,0.543,0.322,0.221,31.8,0.009,-5.6,0.602
"Ashby, Aaron",CH,61,0.508,0.291,0.217,19.2,-0.056,-4.3,0.619
"Matsui, Yuki",FS,94,0.479,0.297,0.182,37.4,-0.237,-15.3,0.002
"Morán, Jovani",CH,114,0.509,0.334,0.175,29.4,0.023,-5.7,0.617
"Garcia, Rico",CH,101,0.465,0.294,0.172,16.8,-0.011,-4.1,0.855
"Wheeler, Zack",FS,142,0.472,0.301,0.171,14.4,0.056,-9.4,0.656
"Cease, Dylan",CH,81,0.519,0.348,0.17,4.7,0.004,-2.1,0.983
"Richards, Trevor",CH,94,0.479,0.312,0.167,61,-0.406,-20.6,0
"Chivilli, Angel",CH,57,0.351,0.187,0.163,,-0.072,-3.9,
"Lee, Dylan",CH,51,0.471,0.312,0.159,16.6,-0.002,-6.9,0.869
"Whisenhunt, Carson",CH,57,0.474,0.317,0.157,30.1,0.026,-9.4,0.597
"McCullers Jr., Lance",CH,46,0.37,0.22,0.149,28.4,0.092,-6,0.287
"Feltner, Ryan",CH,93,0.462,0.314,0.148,5.8,-0.123,-5.3,0.214
"Cano, Yennier",FS,74,0.324,0.186,0.138,11.8,0.067,-3.4,0.589
"Webb, Jacob",CH,177,0.412,0.298,0.115,22.1,0.108,-7.3,0.244
"Skubal, Tarik",CH,217,0.512,0.399,0.112,21,-0.196,-10.9,0.017
"Wells, Tyler",CH,111,0.324,0.217,0.107,15.5,0.026,-1.1,0.827
"Leiter Jr., Mark",FS,101,0.436,0.33,0.106,29.4,-0.148,-9.4,0.073
"Lambert, Peter",CH,208,0.351,0.245,0.106,18.9,0.023,-7.3,0.792
"Perkins, Jack",CH,111,0.441,0.335,0.106,29.1,-0.005,-12.7,0.655
"Iglesias, Raisel",CH,130,0.377,0.272,0.105,16.5,-0.008,-8.2,0.861
"Abbott, Andrew",CH,169,0.361,0.258,0.103,15.5,-0.047,-7.3,0.708
"Hill, Jaden",CH,45,0.444,0.343,0.102,29.7,0.103,-9.9,0.224
"Suarez, José",CH,138,0.384,0.283,0.101,17.6,-0.08,-12.3,0.448
"Beeks, Jalen",CH,74,0.351,0.251,0.1,21.8,-0.017,-5,0.765
"Cruz, Fernando",FS,208,0.524,0.425,0.099,34.8,-0.442,-15.2,0
"Williamson, Brandon",CH,59,0.39,0.296,0.094,27.5,0.003,-5.6,0.686
"Kelly, Kevin",CH,95,0.263,0.174,0.09,16.6,-0.064,-4.9,0.575
"Johnson, Ryan",FS,103,0.34,0.25,0.09,21.7,-0.097,-5.6,0.307
"Dobnak, Randy",CH,55,0.273,0.185,0.088,29.1,-0.223,-5.3,0.005
"Yates, Kirby",FS,77,0.351,0.265,0.086,28.9,-0.002,-14.8,0.659
"Duran, Jhoan",FS,145,0.29,0.207,0.083,5.5,-0.092,-9.6,0.421
"Holmes, Clay",CH,72,0.306,0.223,0.082,27.5,-0.04,-3.7,0.581
"Woodruff, Brandon",CH,68,0.382,0.301,0.082,22.9,-0.019,-8,0.743
"Adams, Travis",CH,78,0.385,0.302,0.082,19.4,0.041,-7.4,0.694
"deGrom, Jacob",CH,109,0.431,0.352,0.079,16,-0.061,-13.8,0.604
"Silseth, Chase",FS,94,0.372,0.293,0.079,36.7,-0.159,-12.1,0.042
"King, John",CH,62,0.306,0.23,0.077,11.4,0.114,-2.7,0.251
"Pérez, Eury",CH,67,0.388,0.313,0.075,17.1,0.018,-6.6,0.834
"Gausman, Kevin",FS,386,0.386,0.312,0.074,18.3,-0.177,-12.5,0.037
"De Los Santos, Enyel",CH,106,0.377,0.306,0.072,6.7,0.054,-5.8,0.726
"Imanaga, Shota",FS,362,0.39,0.318,0.072,17.6,-0.056,-10.5,0.618
"Weaver, Luke",CH,135,0.385,0.314,0.071,14.8,-0.159,-11.9,0.071
"Cabrera, Edward",CH,210,0.29,0.22,0.071,15.1,-0.011,-6.8,0.878
"Ginn, J.T.",CH,180,0.322,0.252,0.071,12.8,-0.101,-3.8,0.328
"Sugano, Tomoyuki",FS,152,0.283,0.213,0.07,7.9,-0.074,-5.7,0.556
"Brazobán, Huascar",CH,159,0.302,0.232,0.07,9,-0.074,-5.4,0.55
"Latz, Jacob",CH,68,0.412,0.345,0.066,23.9,-0.007,-7.3,0.748
"Bednar, David",FS,174,0.351,0.285,0.066,6.5,-0.282,-14.8,0
"Sulser, Cole",CH,144,0.354,0.29,0.064,22.4,-0.184,-14.7,0.026
"Kremer, Dean",FS,93,0.409,0.344,0.064,9.3,-0.066,-2.6,0.614
"Agnos, Zach",FS,63,0.349,0.285,0.064,27.6,-0.097,-9.9,0.267
"Jax, Griffin",CH,175,0.411,0.348,0.063,16.3,-0.066,-10,0.564
"Martinez, Nick",CH,220,0.327,0.266,0.061,43.1,-0.084,-9.4,0.2
"Soriano, José",FS,179,0.369,0.308,0.061,11.3,-0.003,-7.2,0.916
"Mize, Casey",FS,173,0.335,0.278,0.057,20.9,-0.05,-11.4,0.623
"Bennett, Jake",CH,131,0.351,0.295,0.057,15.6,-0.036,-2.9,0.773
"Fedde, Erick",CH,71,0.254,0.199,0.055,21.8,-0.135,-3.6,0.126
"Seymour, Ian",CH,194,0.361,0.306,0.055,22.6,0.015,-7.6,0.755
"Kelly, Merrill",CH,259,0.305,0.251,0.054,15.7,-0.058,-12.1,0.63
"Blackburn, Paul",CH,78,0.295,0.241,0.054,8.9,-0.02,-2.9,0.915
"Sale, Chris",CH,111,0.315,0.262,0.053,16.2,0.053,-8.9,0.661
"Yarbrough, Ryan",CH,90,0.311,0.261,0.051,31,-0.053,-8.8,0.47
"Jones, Jared",CH,43,0.349,0.299,0.05,16.1,0.01,-12,0.866
"Quintana, Jose",CH,63,0.286,0.236,0.049,28.1,0.109,-8.9,0.206
"Sánchez, Cristopher",CH,438,0.434,0.385,0.049,14.8,-0.068,-4.8,0.561
"Bradley, Taj",FS,184,0.348,0.299,0.049,14.7,-0.162,-7.1,0.065
"Ureña, Walbert",CH,249,0.361,0.312,0.049,12.2,0.037,-4.2,0.805
"Rodón, Carlos",CH,66,0.409,0.361,0.048,7.6,-0.21,-10.7,0.012
"Rasmussen, Drew",CH,105,0.371,0.325,0.047,39.7,-0.188,-7.9,0.014
"Javier, Cristian",CH,40,0.3,0.254,0.046,44.4,-0.076,-7.8,0.216
"Romero, JoJo",CH,56,0.304,0.258,0.045,14.6,0.091,-3,0.39
"Avila, Luinder",CH,51,0.353,0.308,0.045,34.4,0.113,-6.5,0.156
"McDonald, Trevor",CH,86,0.314,0.269,0.045,4.5,0.007,-0.1,0.979
"Henderson, Logan",CH,117,0.342,0.297,0.045,37.8,-0.052,-8.7,0.379
"Messick, Parker",CH,243,0.346,0.301,0.045,29.2,-0.159,-12.6,0.053
"Griffin, Foster",CH,87,0.345,0.301,0.044,17.6,-0.019,-1.9,0.823
"Sproat, Brandon",CH,61,0.311,0.267,0.044,25.2,0.073,-6,0.425
"Aldegheri, Sam",CH,105,0.333,0.289,0.044,53.6,-0.011,-4.9,0.245
"Pérez, Martín",CH,225,0.307,0.264,0.043,11.4,0.028,-0.6,0.863
"Hart, Kyle",FS,67,0.328,0.285,0.043,58.8,-0.307,-11.1,0
"Varland, Louis",CH,77,0.351,0.307,0.043,17.1,-0.163,-14.6,0.06
"Soriano, George",CH,114,0.368,0.326,0.042,30.5,-0.101,-12.6,0.228
"Holton, Tyler",CH,64,0.297,0.257,0.04,42.5,0.145,-5,0.051
"Kochanowicz, Jack",CH,135,0.311,0.271,0.04,9.4,-0.197,-7.1,0.02
"Bachar, Lake",FS,43,0.372,0.337,0.035,27.4,0.047,-11.6,0.552
"Eovaldi, Nathan",FS,384,0.32,0.287,0.033,11.2,-0.107,-10.5,0.298
"Skenes, Paul",CH,148,0.351,0.32,0.031,25.5,0.002,-5.5,0.723
"Weathers, Ryan",CH,244,0.344,0.315,0.029,19.9,-0.307,-11.6,0
"Winn, Keaton",FS,123,0.333,0.305,0.028,18.9,-0.052,-9.9,0.633
"Painter, Andrew",FS,84,0.369,0.341,0.028,14.7,-0.15,-7.1,0.093
"Morejon, Adrian",CH,113,0.496,0.47,0.026,37.6,0.025,-11.5,0.47
"Meyer, Max",CH,79,0.329,0.304,0.025,12.4,0.022,-9.6,0.874
"Criswell, Cooper",CH,64,0.219,0.194,0.025,12.7,0.148,-8.1,0.103
"Luzardo, Jesús",CH,221,0.376,0.351,0.024,7,-0.041,-8.8,0.82
"Gore, MacKenzie",CH,99,0.364,0.341,0.023,28,0.028,-5,0.627
"Senga, Kodai",FO,83,0.41,0.389,0.021,38.7,,-11.5,
"Whitlock, Garrett",CH,58,0.345,0.325,0.02,37.3,-0.127,-14.7,0.101
"Leahy, Kyle",CH,108,0.324,0.304,0.02,22.8,-0.141,-11.5,0.106
"Gaddis, Hunter",CH,42,0.357,0.337,0.02,43.4,0.041,-8.1,0.335
"Nunez, Anthony",CH,76,0.368,0.348,0.02,65.3,-0.17,-14.9,0.008
"Moll, Sam",CH,41,0.268,0.249,0.019,27.7,0.16,-8.2,0.053
"Lange, Alex",CH,80,0.312,0.294,0.019,22.4,0.023,-6.9,0.736
"Nola, Aaron",CH,134,0.261,0.243,0.018,23,0.046,-8.3,0.62
"Elder, Bryce",CH,71,0.268,0.25,0.018,28.5,-0.12,-6.8,0.159
"Buehler, Walker",CH,76,0.303,0.286,0.017,34.2,0.015,-8.9,0.551
"Williams, Devin",CH,179,0.369,0.352,0.016,47.5,-0.019,-16.8,0.324
"Santana, Dennis",CH,54,0.278,0.261,0.016,12.7,-0.074,-8.2,0.53
"Roupp, Landen",CH,215,0.274,0.258,0.016,26.9,0.018,-7,0.674
"Englert, Mason",CH,89,0.292,0.277,0.015,23.8,-0.29,-11.5,0
"Cantillo, Joey",CH,242,0.405,0.39,0.015,20.2,0.01,-1.9,0.805
"Suarez, Ranger",CH,104,0.288,0.275,0.014,20.5,-0.094,-5.5,0.334
"Finnegan, Kyle",FS,115,0.339,0.326,0.013,26.8,-0.059,-11.7,0.492
"Loáisiga, Jonathan",CH,102,0.304,0.291,0.013,20.1,0.074,-4.1,0.471
"Montero, Keider",CH,106,0.283,0.27,0.013,12.9,0.033,-5.3,0.822
"Adam, Jason",CH,86,0.279,0.267,0.012,20.6,-0.056,-13.7,0.587
"Griffin, Foster",FS,65,0.292,0.285,0.008,77.6,-0.773,-8.2,0
"Mantiply, Joe",CH,42,0.238,0.231,0.007,34.9,0.067,-4.2,0.362
"Rangel, Alan",CH,91,0.363,0.355,0.007,21.5,-0.053,-6.9,0.598
"Lorenzen, Michael",CH,170,0.3,0.295,0.005,16.1,0.037,-1.8,0.763
"Taillon, Jameson",CH,110,0.291,0.285,0.005,24.3,-0.05,-7.3,0.579
"Ragans, Cole",CH,52,0.404,0.4,0.004,14.8,-0.002,-4.6,0.891
"Burrows, Mike",CH,220,0.3,0.296,0.004,22.7,0.018,-9.3,0.747
"Webb, Logan",CH,235,0.281,0.278,0.003,35.6,0.05,-9.5,0.418
"Smith, Cade",FS,98,0.408,0.405,0.003,99.2,-0.093,-22.1,0.008
"McGreevy, Michael",CH,172,0.227,0.223,0.003,11.7,-0.132,-6.2,0.161
"Bubic, Kris",CH,84,0.286,0.286,-0.001,39.2,-0.109,-14.9,0.152
"Blubaugh, AJ",CH,114,0.325,0.325,-0.001,33,-0.22,-12.9,0.005
"Bowlan, Jonathan",CH,47,0.298,0.302,-0.004,4.8,-0.253,-11.4,0.002
"Vásquez, Randy",CH,40,0.3,0.304,-0.004,28.9,0.045,-8.4,0.54
"Bello, Brayan",CH,118,0.254,0.259,-0.005,20.4,0.153,0,0.078
"Boyd, Matthew",CH,162,0.265,0.271,-0.006,12,-0.019,-8.2,0.894
"Morillo, Juan",CH,74,0.311,0.316,-0.006,31.7,0.066,-7.9,0.394
"Estrada, Jeremiah",FS,43,0.488,0.494,-0.006,37.8,0.009,-12.1,0.494
"Yesavage, Trey",FS,193,0.383,0.391,-0.007,22.9,-0.111,-12.8,0.224
"Alcantara, Sandy",CH,263,0.274,0.281,-0.008,10.3,-0.065,-6.8,0.62
"Suarez, Robert",CH,88,0.364,0.371,-0.008,27.3,0.028,-8.8,0.638
"McClanahan, Shane",CH,225,0.378,0.386,-0.008,32.6,0.015,-11.6,0.583
"Mahle, Tyler",FS,212,0.264,0.273,-0.009,15.7,-0.092,-10.9,0.377
"Ryan, Joe",FS,118,0.22,0.23,-0.009,15.8,-0.092,-9.7,0.377
"Carrasco, Carlos",CH,41,0.195,0.205,-0.01,11.1,-0.1,-6.3,0.341
"Mlodzinski, Carmen",FS,203,0.296,0.307,-0.011,26.3,-0.308,-11,0
"Sears, JP",CH,48,0.188,0.198,-0.011,28.6,0.006,-10.5,0.665
"Freeland, Kyle",CH,121,0.198,0.21,-0.012,16.2,0.087,-5.6,0.402
"Hurt, Kyle",CH,103,0.33,0.343,-0.013,42.3,-0.02,-13.5,0.402
"Anderson, Drew",CH,168,0.357,0.371,-0.014,39.8,-0.175,-18.4,0.022
"Ober, Bailey",CH,234,0.231,0.247,-0.016,35,0.13,-9.7,0.101
"Teng, Kai-Wei",CH,54,0.241,0.258,-0.017,11.5,0.04,-6.3,0.794
"Rodriguez, Grayson",CH,83,0.325,0.342,-0.017,32.4,-0.128,-10.7,0.116
"Walker, Taijuan",FS,57,0.175,0.193,-0.018,9.7,-0.143,-8.9,0.123
"King, Michael",CH,311,0.27,0.288,-0.018,28.3,0.147,-4.9,0.077
"Springs, Jeffrey",CH,221,0.367,0.386,-0.019,20,-0.04,-9.5,0.697
"Kirby, George",CH,58,0.293,0.312,-0.019,24,0.074,-6.5,0.434
"Houser, Adrian",CH,126,0.302,0.322,-0.02,14.6,-0.091,-5,0.392
"Hoffman, Jeff",FS,103,0.33,0.35,-0.02,21.7,-0.064,-14.4,0.528
"Keller, Mitch",CH,76,0.237,0.257,-0.02,19.5,-0.011,-10.3,0.815
"Petty, Chase",CH,41,0.317,0.337,-0.02,23.4,-0.091,-10.5,0.331
"Yamamoto, Yoshinobu",FS,267,0.315,0.336,-0.021,22.3,-0.124,-11.1,0.167
"De Jesus, Enmanuel",CH,48,0.292,0.314,-0.023,13,-0.077,-4.8,0.503
"Bibee, Tanner",CH,125,0.312,0.335,-0.023,8.8,0.029,4.5,0.872
"Gray, Peyton",CH,150,0.273,0.299,-0.025,24.4,-0.043,-12.5,0.617
"Gordon, Tanner",CH,111,0.216,0.245,-0.029,17.8,-0.008,-6.1,0.846
"Brubaker, JT",CH,47,0.149,0.179,-0.03,11.5,-0.044,-4.2,0.769
"Lodolo, Nick",CH,132,0.205,0.235,-0.03,7.8,-0.017,-5.8,0.937
"Lowder, Rhett",CH,119,0.261,0.29,-0.03,29.9,0.015,-9.3,0.628
"Leiter, Jack",CH,122,0.303,0.335,-0.032,11.1,-0.193,-11.4,0.022
"Ray, Robbie",CH,185,0.232,0.265,-0.033,7.2,-0.021,-5.4,0.92
"Stanek, Ryne",FS,57,0.351,0.385,-0.034,23.9,-0.061,-11.7,0.517
"Schultz, Noah",CH,58,0.241,0.277,-0.036,11.9,0.005,-6,0.923
"Bachman, Sam",CH,45,0.311,0.348,-0.037,25.7,-0.107,-11,0.229
"Rodriguez, Bradgley",CH,176,0.364,0.4,-0.037,22.5,0.065,-6,0.508
"Warren, Will",CH,82,0.256,0.293,-0.037,23.3,0.071,-11.2,0.46
"Suter, Brent",CH,154,0.318,0.356,-0.038,21.3,0.13,-3.8,0.146
"Paddack, Chris",CH,147,0.265,0.303,-0.038,35.1,-0.017,-9.8,0.53
"Lopez, Jacob",CH,54,0.222,0.261,-0.039,21.7,0.017,-6.3,0.767
"Yoho, Craig",CH,76,0.329,0.369,-0.04,52.6,-0.121,-12.8,0.062
"Ohtani, Shohei",FS,56,0.321,0.362,-0.041,18.7,-0.032,-11.8,0.752
"Matz, Steven",CH,148,0.23,0.273,-0.043,27.5,-0.159,-11.2,0.055
"Valdez, Framber",CH,177,0.215,0.257,-0.043,12.7,-0.032,-4.1,0.821
"Rea, Colin",CH,158,0.247,0.291,-0.044,33,-0.019,-13.7,0.564
"Phillips, Tyler",FS,164,0.287,0.331,-0.044,27,0.02,-8.1,0.668
"Pfaadt, Brandon",CH,77,0.221,0.264,-0.044,16.8,0.112,-6,0.247
"Burns, Chase",CH,41,0.317,0.361,-0.044,26.2,0.064,-8.5,0.472
"Gallen, Zac",CH,127,0.244,0.289,-0.045,18.3,0.014,-11.7,0.823
"Cameron, Noah",CH,193,0.326,0.374,-0.047,20.2,0.072,-3.4,0.483
"Alexander, Tyler",CH,98,0.224,0.273,-0.048,17.9,-0.082,-9.4,0.438
"Peterson, David",CH,89,0.225,0.273,-0.048,24.7,0.2,-6.5,0.013
"Alexander, Jason",CH,49,0.265,0.313,-0.048,25.4,0.036,-5,0.636
"Peralta, Wandy",CH,160,0.262,0.311,-0.049,7.7,-0.111,-6.4,0.281
"Rogers, Trevor",CH,225,0.231,0.281,-0.05,13.9,-0.014,-10.5,0.884
"Liberatore, Matthew",CH,123,0.22,0.27,-0.05,20.2,-0.007,-6.2,0.811
"Detmers, Reid",CH,93,0.312,0.363,-0.051,14,-0.027,-6.2,0.838
"Eisert, Brandon",CH,52,0.288,0.34,-0.051,16,-0.048,-10.4,0.691
"Rodriguez, Eduardo",CH,259,0.22,0.272,-0.052,21.8,0.033,-7.8,0.706
"Sasaki, Roki",FO,66,0.318,0.37,-0.052,80,,-19,
"Weissert, Greg",CH,41,0.341,0.395,-0.054,41.3,0.197,-11.6,0.009
"Wacha, Michael",CH,239,0.251,0.307,-0.056,39.7,-0.2,-7.4,0.008
"Orze, Eric",FS,163,0.27,0.326,-0.056,28.5,-0.242,-16.7,0.002
"Peralta, Freddy",CH,209,0.263,0.323,-0.06,38.7,0.052,-14,0.365
"Morgan, Eli",CH,57,0.175,0.237,-0.061,48.8,-0.126,-14.4,0.064
"Sasaki, Roki",FS,238,0.332,0.392,-0.061,28,-0.132,-14.8,0.118
"Winn, Cole",FS,45,0.289,0.352,-0.063,29.1,-0.043,-10.2,0.547
"Brogdon, Connor",CH,51,0.235,0.299,-0.064,33.5,-0.006,-7.5,0.572
"Clarke, Taylor",CH,97,0.196,0.26,-0.064,26.2,0.019,-10.2,0.686
"Fried, Max",CH,65,0.292,0.357,-0.065,24,-0.079,-3.7,0.401
"Skenes, Paul",FS,125,0.176,0.241,-0.065,12.7,-0.069,-10.4,0.572
"Bieber, Shane",CH,45,0.222,0.291,-0.069,26.1,-0.097,-13.5,0.276
"Gilbert, Logan",FS,134,0.366,0.436,-0.07,73.3,-0.357,-19,0
"Miller, Bryce",FS,137,0.292,0.363,-0.071,19.1,-0.192,-12.8,0.021
"Kikuchi, Yusei",FS,53,0.264,0.336,-0.072,5.3,-0.022,-6.9,0.926
"Vodnik, Victor",CH,45,0.244,0.316,-0.072,31.7,0.048,-8.6,0.482
"Junk, Janson",CH,95,0.274,0.347,-0.073,30.3,-0.067,-16.3,0.405
"Milner, Hoby",CH,40,0.1,0.175,-0.075,14.2,-0.002,-5.8,0.892
"Strahm, Matt",CH,40,0.175,0.25,-0.075,37.8,-0.164,-17.1,0.039
"Paredes, Mike",CH,69,0.174,0.249,-0.075,31.5,-0.017,-11,0.594
"Young, Brandon",FS,147,0.231,0.309,-0.078,24.8,-0.287,-13.7,0
"Gusto, Ryan",CH,53,0.226,0.304,-0.078,40.2,0.009,-9.5,0.45
"Myers, Tobias",FS,81,0.296,0.376,-0.08,4.9,-0.24,-9.6,0.003
"Canning, Griffin",CH,136,0.228,0.309,-0.081,29.7,-0.037,-11.5,0.564
"Quantrill, Cal",FS,96,0.198,0.28,-0.082,22.1,-0.052,-7.8,0.594
"Baker, Bryan",CH,157,0.318,0.401,-0.082,20.9,-0.065,-11,0.526
"Akin, Keegan",CH,55,0.2,0.282,-0.082,22.7,0.036,-8.4,0.679
"Suárez, Albert",CH,60,0.217,0.299,-0.083,24.4,0.062,-6,0.506
"Corbin, Patrick",CH,103,0.262,0.345,-0.083,18.5,0.111,-2,0.245
"Junis, Jakob",CH,61,0.164,0.248,-0.084,9.2,0.023,-7.1,0.901
"Kay, Anthony",CH,122,0.238,0.322,-0.084,21,-0.032,-9.3,0.722
"Giolito, Lucas",CH,85,0.247,0.332,-0.085,19.2,0.001,-3.9,0.83
"Scherzer, Max",CH,45,0.178,0.265,-0.087,25.7,0.075,-11.9,0.411
"Melton, Troy",FS,44,0.25,0.339,-0.089,25.6,-0.133,-10.4,0.122
"Soroka, Michael",CH,77,0.195,0.285,-0.09,18.4,0.054,-7.7,0.628
"Lynch IV, Daniel",CH,89,0.247,0.339,-0.091,24.3,-0.016,-9.1,0.736
"Ritchie, JR",CH,83,0.217,0.308,-0.091,19.3,-0.007,-9.1,0.821
"Marinaccio, Ron",CH,115,0.235,0.327,-0.093,40.5,-0.029,-10.3,0.413
"Early, Connelly",CH,149,0.221,0.316,-0.094,36.7,-0.102,-15.7,0.182
"Castillo, Luis",CH,116,0.181,0.279,-0.097,26.9,0.062,-10.9,0.475
"Kolek, Stephen",CH,50,0.16,0.257,-0.097,15.6,-0.177,-6.3,0.038
"Burke, Brock",CH,69,0.275,0.375,-0.099,13,-0.121,-6.8,0.212
"McLean, Nolan",CH,71,0.254,0.352,-0.099,29.6,-0.098,-11,0.256
"Gilbert, Logan",CH,51,0.294,0.395,-0.101,37.6,-0.064,-13.6,0.345
"Littell, Zack",FS,174,0.178,0.282,-0.104,35.6,-0.18,-13.7,0.021
"Kahnle, Tommy",CH,58,0.19,0.298,-0.108,42.1,0.101,-14.4,0.151
"Erceg, Lucas",CH,48,0.188,0.295,-0.108,14.6,-0.035,-6.5,0.791
"Woods Richardson, Simeon",FS,102,0.176,0.284,-0.108,24.9,-0.048,-11.3,0.576
"Martin, Davis",CH,137,0.124,0.233,-0.109,25.4,-0.131,-9.5,0.133
"Ferrer, José A.",CH,55,0.345,0.459,-0.113,22.8,-0.026,-1.2,0.726
"Harrison, Kyle",CH,62,0.21,0.323,-0.113,43.3,-0.103,-19.2,0.14
"Sheehan, Emmet",CH,135,0.207,0.322,-0.115,55.1,0.009,-18.5,0.229
"Lugo, Seth",CH,79,0.152,0.272,-0.12,26.1,0.021,-8.6,0.675
"May, Dustin",CH,52,0.212,0.342,-0.131,29.5,0.002,-6.9,0.647
"Woo, Bryan",CH,61,0.164,0.295,-0.131,10.2,-0.061,-9.4,0.65
"Chandler, Bubba",CH,137,0.241,0.372,-0.131,23.9,-0.004,-9.8,0.749
"Cole, Gerrit",CH,76,0.211,0.343,-0.133,21.9,0.028,-7.7,0.727
"Lauer, Eric",CH,100,0.11,0.245,-0.135,17.6,0.017,-6.2,0.819
"Baz, Shane",CH,71,0.155,0.294,-0.139,18.4,0.021,-3.4,0.805
"Cavalli, Cade",CH,68,0.191,0.331,-0.14,26.1,0.125,-7.7,0.149
"Matthews, Zebby",CH,63,0.159,0.309,-0.15,31.4,0.029,-10.5,0.563
"Ashcraft, Braxton",FS,40,0.1,0.252,-0.152,5.3,-0.011,-6.5,0.971
"Prielipp, Connor",CH,71,0.169,0.327,-0.158,10,-0.09,-9.8,0.42
"Mikolas, Miles",CH,54,0.093,0.264,-0.171,25.2,-0.051,-11,0.561
"Seabold, Connor",CH,41,0.146,0.322,-0.175,50.2,-0.122,-14.1,0.066
