pitcher,season,n_ch,est_ch,true_ch,n_ff,est_ff,true_ff,player_name,name,pass,truly,nsw,axis_gap,arm,velo_sep,resid,gap_band
579328,2024,325,0.900755668142605,0.889,1374,0.945237985865594,0.902,"Kikuchi, Yusei",Yusei Kikuchi,TRUE,TRUE,134,3.83857866373073,44.3932835820896,8.983230137522,-0.798537952554971,0-10
640455,2025,61,0.917034783970169,0.917,663,0.936817302940461,0.969,"Manaea, Sean",Sean Manaea,TRUE,TRUE,29,4.07840222059057,16.1689655172414,7.2681853643314,3.83432488192008,0-10
677960,2023,65,0.921796958230679,0.944,189,0.973479208074663,0.967,"Weathers, Ryan",Ryan Weathers,TRUE,TRUE,135,4.45353918897135,39.4096296296296,8.48896990740741,0.121285153309862,0-10
656302,2026,226,0.99412461582273,0.915,698,0.910284202306894,0.911,"Cease, Dylan",Dylan Cease,TRUE,TRUE,84,4.76045044767499,59.6619047619048,15.0252857142857,11.0246397974864,0-10
519293,2024,98,0.95438690239269,0.921,194,0.929691847441877,0.901,"Smith, Will",Will Smith,TRUE,TRUE,47,5.30221743302148,46.7340425531915,5.6384506273868,0.328554079954286,0-10
592662,2025,399,0.948057065792512,0.943,1593,0.955743357651112,0.958,"Ray, Robbie",Robbie Ray,TRUE,TRUE,176,6.10173867191278,43.5721590909091,8.63937325229699,6.061735979629,0-10
570632,2025,230,0.964548736031125,0.989,94,0.976190580245684,0.988,"Ureña, José",José Ureña,TRUE,TRUE,117,6.42743264167207,29.9350427350427,7.59839061647572,-4.98050734337383,0-10
570632,2024,320,0.964531306130987,0.957,93,0.970259763950864,0.954,"Ureña, José",José Ureña,TRUE,TRUE,159,6.43438979133409,33.0081761006289,7.70265773990667,-1.26360801053176,0-10
579328,2025,376,0.93257030857836,0.915,1081,0.944589752075072,0.912,"Kikuchi, Yusei",Yusei Kikuchi,TRUE,TRUE,183,6.6968935712714,39.1486338797814,9.00067282368583,0.110142365637285,0-10
640455,2026,61,0.929002971175516,0.91,589,0.915827443697819,0.961,"Manaea, Sean",Sean Manaea,TRUE,TRUE,31,6.80153134651957,14.6387096774194,7.20135823429541,-4.24389524214427,0-10
676467,2025,114,0.901372919367359,0.912,595,0.987347036507063,0.986,"Gordon, Colton",Colton Gordon,TRUE,TRUE,61,6.89791343407152,32.4131147540984,7.32989392478302,4.41330807302181,0-10
666200,2026,412,0.905643333814322,0.884,526,0.952863679739486,0.925,"Luzardo, Jesús",Jesús Luzardo,TRUE,TRUE,224,6.97783859177646,31.2017857142857,10.8297664312873,6.14723181591833,0-10
640455,2024,337,0.933365714879509,0.931,921,0.944143868077125,0.977,"Manaea, Sean",Sean Manaea,TRUE,TRUE,176,7.58792890250926,23.5840909090909,6.92792907523512,2.12793752670346,0-10
672282,2024,220,0.980937173056136,0.927,659,1.0200533903072,0.99,"Detmers, Reid",Reid Detmers,TRUE,TRUE,116,7.65783404908727,45.9068965517241,9.11730407523511,-0.253152934299301,0-10
664028,2023,68,0.935742465292548,0.909,87,0.943752449741129,0.978,"Kennedy, Brett",Brett Kennedy,TRUE,TRUE,48,7.67788928645537,38.0270833333333,9.49030388471177,-5.32354837648818,0-10
645261,2023,279,0.934628600922337,0.903,205,0.967938846597682,0.936,"Alcantara, Sandy",Sandy Alcantara,TRUE,TRUE,429,7.69251179894135,34.4955710955711,6.78105279600125,-4.9859385769998,0-10
645261,2025,672,0.939605788680272,0.94,495,0.986404886104379,0.97,"Alcantara, Sandy",Sandy Alcantara,TRUE,TRUE,369,7.80111382168245,32.4409214092141,7.3730179847253,-5.92868119682212,0-10
666157,2026,259,0.938924567775776,0.968,291,0.941853383568293,0.985,"Lodolo, Nick",Nick Lodolo,TRUE,TRUE,134,7.81946212625915,14.5783582089552,5.8514516458802,-5.75212779860894,0-10
676962,2025,80,0.918827905337629,0.92,978,0.96477634309436,0.955,"Brown, Ben",Ben Brown,TRUE,TRUE,31,8.02713624713895,42.1645161290323,5.44786265584801,6.41414556211088,0-10
571510,2025,650,0.945875393793052,0.904,1294,0.913804577813584,0.946,"Boyd, Matthew",Matthew Boyd,TRUE,TRUE,362,8.08478957292861,29.3566298342541,14.5485679762952,1.83181261653653,0-10
677944,2024,157,0.919425835168103,0.941,708,0.978391817515942,0.992,"Cecconi, Slade",Slade Cecconi,TRUE,TRUE,78,8.30528221946056,32.075641025641,12.6072685788787,-1.99469789160899,0-10
543351,2024,58,0.928958522830398,0.811,116,0.940806655358058,0.95,"Jackson, Jay",Jay Jackson,TRUE,FALSE,22,8.72149353525943,32.1181818181818,6.03503134796239,-1.33774271853497,0-10
666157,2025,538,0.938982013151597,0.96,689,0.948049045359443,0.982,"Lodolo, Nick",Nick Lodolo,TRUE,TRUE,302,8.78866062116157,15.4913907284768,6.03166312632763,1.80726345967815,0-10
676440,2026,283,0.987807965196006,0.929,439,0.907129358958239,0.9,"Bibee, Tanner",Tanner Bibee,TRUE,TRUE,129,8.85342542019532,59.4937984496124,12.7667002171955,-1.72769204034533,0-10
660906,2023,58,0.951265931601233,0.944,82,0.948623529131521,0.983,"Pérez, Francisco",Francisco Pérez,TRUE,TRUE,31,9.41578853767108,40.5903225806452,6.08324154209284,-5.33592867877791,0-10
674370,2024,160,0.989306431276783,0.941,422,0.9318464940946,0.904,"Bido, Osvaldo",Osvaldo Bido,TRUE,TRUE,70,9.42021363319544,32.9985714285714,6.06811780636425,7.60850760301776,0-10
625643,2024,82,0.912481015631569,0.971,1164,0.974408825184164,0.981,"López, Reynaldo",Reynaldo López,TRUE,TRUE,43,9.47607414923207,42.0116279069767,9.7469351874051,-1.42414197403661,0-10
660853,2024,86,0.984570628722645,0.981,556,0.921962766561932,0.927,"De Los Santos, Enyel",Enyel De Los Santos,TRUE,TRUE,39,9.61160998471385,27.8307692307692,7.9015034126545,0.467408744325517,0-10
671096,2023,202,0.926189022199318,0.929,605,0.924378010346965,0.944,"Abbott, Andrew",Andrew Abbott,TRUE,TRUE,137,9.78870981999901,44.9642335766423,6.23514077163712,10.7354452162086,0-10
691587,2023,53,0.94625909543645,0.951,305,0.927918613354148,0.948,"Pérez, Eury",Eury Pérez,TRUE,TRUE,52,9.90639002192917,29.0769230769231,7.56345326122945,4.13152537599502,0-10
543037,2024,62,0.969311186958903,0.977,697,0.934675910248081,0.914,"Cole, Gerrit",Gerrit Cole,TRUE,TRUE,25,10.0933916367057,43.884,7.51779053084649,1.86722747505041,10-20
645261,2026,468,0.912586654924727,0.886,439,0.972794467535416,0.951,"Alcantara, Sandy",Sandy Alcantara,TRUE,TRUE,272,10.2966514139706,33.2125,6.41384580597615,-3.91671198222772,10-20
623211,2025,385,0.901725149155978,0.831,121,0.956001084973595,0.933,"Brazobán, Huascar",Huascar Brazobán,TRUE,FALSE,202,10.3709284901611,36.9509900990099,5.7903690369037,-1.23759241437631,10-20
666745,2024,216,0.974150629379774,0.98,157,0.955157118587827,0.948,"Brito, Jhony",Jhony Brito,TRUE,TRUE,120,10.4515191059148,55.7558333333333,6.55526539278132,2.91827314097189,10-20
666157,2024,306,0.936834962172666,0.947,516,0.96286418537934,0.984,"Lodolo, Nick",Nick Lodolo,TRUE,TRUE,170,10.4808262341348,18.8935294117647,6.01274965800274,-3.64063748518724,10-20
660896,2024,91,0.924967789647869,0.953,407,0.958284040887279,0.961,"Alcala, Jorge",Jorge Alcala,TRUE,TRUE,36,10.5232467870093,44.8416666666667,6.85792483660131,-14.678536054372,10-20
694363,2024,379,0.934065175646834,0.99,483,0.92950699889327,0.95,"Shuster, Jared",Jared Shuster,TRUE,TRUE,170,10.595719752854,42.2029411764706,8.52398733406407,-3.32430759171616,10-20
665795,2023,192,1.05,0.957,174,0.947982923529722,0.922,"Cabrera, Edward",Edward Cabrera,TRUE,TRUE,300,10.8410424915847,46.087,3.18135496957404,1.24309045333831,10-20
665795,2024,566,1.024112102347,0.94,480,0.938494016816205,0.932,"Cabrera, Edward",Edward Cabrera,TRUE,TRUE,291,11.0539839080618,43.3,2.95302405498283,2.63700100864454,10-20
527048,2026,431,0.994904142212308,0.995,75,0.958256819121391,0.967,"Pérez, Martín",Martín Pérez,TRUE,TRUE,231,11.4215857425854,42.9701298701299,7.8827012987013,6.13937033097497,10-20
668984,2026,77,0.936087888964499,0.88,287,0.951219871562856,0.953,"Legumina, Casey",Casey Legumina,TRUE,TRUE,37,11.4242828698989,13.2567567567568,6.14502307185234,-10.7674892720174,10-20
672282,2023,106,0.908875286778157,0.932,416,0.9942560467496,0.993,"Detmers, Reid",Reid Detmers,TRUE,TRUE,69,11.6872996451162,39.7130434782609,9.50498462889767,-4.32123358125879,10-20
693433,2025,191,0.929793618451092,0.877,1263,0.913742655828109,0.906,"Woo, Bryan",Bryan Woo,TRUE,TRUE,88,11.9097019513105,24.0227272727273,6.08463254035684,-1.08946381598717,10-20
700249,2024,151,0.941617187643415,0.942,566,0.928558520271698,0.92,"Povich, Cade",Cade Povich,TRUE,TRUE,81,11.9660135561902,37.4271604938272,6.51883479474764,4.09872214175361,10-20
571510,2026,289,0.952287051780244,0.915,478,0.907758999870946,0.934,"Boyd, Matthew",Matthew Boyd,TRUE,TRUE,166,11.9842993184076,25.0144578313253,13.9209195864879,-5.39969432220052,10-20
605488,2024,178,0.958484509760582,0.896,240,0.964219701666057,0.965,"Springs, Jeffrey",Jeffrey Springs,TRUE,TRUE,103,11.9890013467,45.2504854368932,10.337645631068,7.5581388625057,10-20
606160,2024,159,0.940634650769952,0.938,310,0.920878471266073,0.908,"Montero, Rafael",Rafael Montero,TRUE,TRUE,72,11.9941981157076,30.6791666666667,4.41403225806452,-12.6947409654059,10-20
688138,2025,163,0.939894464757277,0.916,147,0.930086073204296,0.943,"Evans, Logan",Logan Evans,TRUE,TRUE,72,12.2129522700392,26.9625,5.52752267573697,-2.84117225575282,10-20
666745,2023,153,0.943291973569769,0.985,89,0.916512041924258,0.918,"Brito, Jhony",Jhony Brito,TRUE,TRUE,252,12.220666895904,51.4361111111111,6.94998837749884,-2.33506432678298,10-20
665795,2025,580,1.0323367725058,0.929,292,0.926840512943982,0.919,"Cabrera, Edward",Edward Cabrera,TRUE,TRUE,293,12.3703819261506,36.8235494880546,2.51489433821123,-3.11613740626165,10-20
527048,2024,501,0.966996452773819,0.993,102,0.959912283758215,0.969,"Pérez, Martín",Martín Pérez,TRUE,TRUE,270,12.3852107460566,46.3833333333333,8.13326797385621,2.90574792958734,10-20
518617,2023,58,0.929827233114312,0.984,139,1.00907305060059,0.984,"Diekman, Jake",Jake Diekman,TRUE,TRUE,70,12.4241762705094,18.4385714285714,7.63229299363058,-9.03252734420386,10-20
606160,2023,125,0.919241210098882,0.922,289,0.901218420007501,0.888,"Montero, Rafael",Rafael Montero,TRUE,TRUE,135,12.6155617743683,31.6103703703704,4.58431457431457,3.85377152557741,10-20
672456,2026,214,0.925315241916555,0.919,490,0.907360251920203,0.886,"Montero, Keider",Keider Montero,TRUE,TRUE,108,12.9016065502799,41.862962962963,7.24937768725956,6.93445831551247,10-20
678606,2023,109,0.954633236116317,0.975,130,0.974751185343283,0.993,"Ferrer, José A.",José A. Ferrer,TRUE,TRUE,63,12.9212002307719,32.9063492063492,10.2487394957983,4.83239572876774,10-20
671096,2025,526,0.960395941747233,0.95,1260,0.925383089806006,0.95,"Abbott, Andrew",Andrew Abbott,TRUE,TRUE,286,13.0068955839227,46.0727272727273,7.95959669783897,-3.020520325756,10-20
646241,2026,106,0.951190840400936,0.88,219,0.963462608431134,0.957,"De Jesus, Enmanuel",Enmanuel De Jesus,TRUE,TRUE,49,13.0678739568543,42.4897959183674,6.44364924051812,-2.55567709881782,10-20
671109,2025,53,0.922073159213075,0.863,135,0.926892583137323,0.935,"Eder, Jake",Jake Eder,TRUE,TRUE,21,13.3507249386978,37.2380952380952,8.42783068783069,3.40422723111923,10-20
685299,2024,116,0.947082446973544,0.971,302,0.970608782972533,0.992,"Gordon, Tanner",Tanner Gordon,TRUE,TRUE,77,13.4302171168096,48.2714285714286,8.11863335340156,-5.21294844186098,10-20
571760,2024,462,0.93638772197507,0.994,1393,0.958841262671189,0.995,"Heaney, Andrew",Andrew Heaney,TRUE,TRUE,272,13.5452586420996,30.5,7.87408286178793,-1.20259711359989,10-20
668674,2025,161,0.969473882126468,0.956,289,0.960434680226202,0.978,"Erceg, Lucas",Lucas Erceg,TRUE,TRUE,77,13.5813135460511,39.8935064935065,7.5582932638296,-6.91333547955227,10-20
682847,2025,194,0.92515452090803,0.962,441,0.902239974876964,0.896,"Ortiz, Luis",Luis Ortiz,TRUE,TRUE,99,13.6547264325954,27.7848484848485,6.9560915275201,4.1643281643196,10-20
518617,2024,57,0.948732799643503,0.994,282,1.01284442594821,0.993,"Diekman, Jake",Jake Diekman,TRUE,TRUE,26,13.7009019790532,18.1846153846154,7.48628762541806,5.98389133163832,10-20
666200,2023,260,0.91791606331616,0.982,504,1.01435388384485,0.983,"Luzardo, Jesús",Jesús Luzardo,TRUE,TRUE,318,13.7387544814591,34.048427672956,8.31941868459247,1.06412947614298,10-20
685126,2025,356,0.915373031415631,0.881,385,0.93958158248425,0.956,"Eisert, Brandon",Brandon Eisert,TRUE,TRUE,174,13.7546995797383,30,6.16830721003135,8.17721125253288,10-20
668984,2025,82,0.917296485667033,0.895,397,0.941341277355727,0.97,"Legumina, Casey",Casey Legumina,TRUE,TRUE,37,13.8631240411868,12.9945945945946,6.65864354920959,-4.35535582261511,10-20
672282,2026,203,0.97081297502951,0.957,926,1.00414378455042,0.984,"Detmers, Reid",Reid Detmers,TRUE,TRUE,96,13.9225350164186,44.0333333333333,10.528430975522,1.576826907337,10-20
605488,2025,720,0.987124571645769,0.958,1211,0.976486626540323,0.991,"Springs, Jeffrey",Jeffrey Springs,TRUE,TRUE,424,14.289346309927,45.3327830188679,11.5308979792157,5.60016665761366,10-20
693433,2024,161,0.947993933765876,0.86,837,0.919294076468874,0.909,"Woo, Bryan",Bryan Woo,TRUE,TRUE,82,14.2989843340033,26.509756097561,5.18923711280123,0.0623078750005985,10-20
571760,2025,361,0.91966852780529,0.996,909,0.936961246388053,0.994,"Heaney, Andrew",Andrew Heaney,TRUE,TRUE,181,14.3210657312038,27.385635359116,8.09159297145184,-3.65105470662051,10-20
660761,2025,84,0.94331435540633,0.861,123,0.923396824070423,0.931,"Suarez, José",José Suarez,TRUE,TRUE,44,14.4625773187917,41.5386363636364,10.0493902439024,5.71602856378636,10-20
668674,2026,102,0.968922886965903,0.953,216,0.973644856416634,0.988,"Erceg, Lucas",Lucas Erceg,TRUE,TRUE,49,14.5964576707739,40.8612244897959,7.54715608465608,-9.49463368973018,10-20
608344,2024,227,0.953391641053968,0.992,377,1.01874382608308,0.977,"Irvin, Cole",Cole Irvin,TRUE,TRUE,133,14.6090703956865,39.0699248120301,6.72190476190477,1.42784761320385,10-20
650893,2024,79,0.997764716484515,0.99,199,1.0058496705466,0.972,"Cabrera, Génesis",Génesis Cabrera,TRUE,TRUE,27,14.6205756154735,42.0111111111111,7.68200260562069,17.9557601158697,10-20
547179,2025,401,0.940421517871505,0.973,511,0.925832493392902,0.954,"Lorenzen, Michael",Michael Lorenzen,TRUE,TRUE,210,14.7167888474733,42.0638095238095,10.0975016307893,11.4567326138571,10-20
571760,2023,161,0.946806334684936,0.993,603,0.968292277253867,0.994,"Heaney, Andrew",Andrew Heaney,TRUE,TRUE,254,14.7558930555028,30.4377952755906,8.45935385983728,-1.68823699998842,10-20
666200,2024,252,0.960099515188802,0.994,386,1.0182951901671,0.975,"Luzardo, Jesús",Jesús Luzardo,TRUE,TRUE,142,14.7570878430262,38.8556338028169,8.86709844559586,1.1543731404523,10-20
666142,2026,105,0.990164842881932,0.99,358,0.979658936978834,0.992,"Ragans, Cole",Cole Ragans,TRUE,TRUE,52,14.7669037812836,41.2019230769231,10.9810270734852,0.888307519953951,10-20
670046,2023,204,0.941735493726652,0.99,234,0.984276918306127,0.996,"Rosenberg, Kenny",Kenny Rosenberg,TRUE,TRUE,120,14.819405958346,46.5975,10.0032051282051,-1.24319438883216,10-20
668674,2024,188,1.00001026845028,0.945,293,0.98123080511763,0.977,"Erceg, Lucas",Lucas Erceg,TRUE,TRUE,96,14.854902789775,40.4427083333333,7.58317335039817,5.57566618277308,10-20
671096,2024,381,0.97445316974534,0.981,1249,0.930632819261884,0.957,"Abbott, Andrew",Andrew Abbott,TRUE,TRUE,176,14.8803947851646,43.5573863636364,8.06585450178325,-2.96189811845757,10-20
665795,2026,367,1.00142869291356,0.95,203,0.942208121640034,0.961,"Cabrera, Edward",Edward Cabrera,TRUE,TRUE,217,15.092404501534,32.7092165898618,3.30567296996663,2.46671916882393,10-20
608344,2023,127,0.920318490940835,0.993,125,0.988968746181426,0.985,"Irvin, Cole",Cole Irvin,TRUE,TRUE,131,15.1215091728344,40.3809160305344,7.96188093464904,-10.0971731577475,10-20
666200,2025,520,0.951220014665156,0.995,1002,0.961717794137514,0.95,"Luzardo, Jesús",Jesús Luzardo,TRUE,TRUE,290,15.2672656299486,32.1437931034483,8.61229472090302,2.4423836533634,10-20
670241,2024,80,1.01155681427292,0.989,97,0.969821084620898,0.956,"Vines, Darius",Darius Vines,TRUE,TRUE,44,15.4514272134473,43.2022727272727,9.55981724461106,-5.84300828977058,10-20
666142,2025,207,1.00354989071634,0.995,534,0.971747553722409,0.987,"Ragans, Cole",Cole Ragans,TRUE,TRUE,113,15.5440534785314,37.5371681415929,10.8697623545789,12.8786089425754,10-20
571948,2023,97,0.944989415291215,0.991,92,0.909016745100674,0.982,"Milner, Hoby",Hoby Milner,TRUE,TRUE,90,15.7119132573481,-5.53111111111111,7.89657940663177,-0.659258665296277,10-20
660761,2024,243,0.918337503220978,0.864,395,0.931260087545397,0.909,"Suarez, José",José Suarez,TRUE,TRUE,123,15.8046902731663,40.4861788617886,9.95672532674694,-4.01409108334008,10-20
605288,2025,289,0.969384284944825,0.887,222,0.931408837916311,0.917,"Houser, Adrian",Adrian Houser,TRUE,TRUE,149,16.1119233277411,34.7563758389262,9.42092931858033,1.30051454917552,10-20
666142,2023,284,0.955612017403358,0.994,435,0.943526859751736,0.974,"Ragans, Cole",Cole Ragans,TRUE,TRUE,209,16.1477491454537,41.7679425837321,9.95677304324276,-4.93901207111095,10-20
608337,2025,534,1.044716322656,0.99,1145,0.970698171432741,0.995,"Giolito, Lucas",Lucas Giolito,TRUE,TRUE,296,16.183930219385,51.3631756756757,11.5740673315237,-7.04037238532771,10-20
643377,2026,310,0.913244676074923,0.803,228,0.903012553695988,0.869,"Jax, Griffin",Griffin Jax,TRUE,FALSE,183,16.2414042199353,44.9491803278689,5.09639056658039,1.85671839957923,10-20
678606,2024,91,0.935768812891153,0.973,96,0.976787484436919,0.978,"Ferrer, José A.",José A. Ferrer,TRUE,TRUE,48,16.3203007992204,32.34375,10.1510416666667,-1.12679257978137,10-20
547179,2024,394,0.952026341978269,0.973,565,0.911379195534361,0.947,"Lorenzen, Michael",Michael Lorenzen,TRUE,TRUE,204,16.4538704171079,40.9799019607843,9.18498264792643,5.88745071827204,10-20
668674,2023,131,0.972364799274114,0.942,163,0.96638247325631,0.97,"Erceg, Lucas",Lucas Erceg,TRUE,TRUE,98,16.4557913561526,44.1510204081633,7.55714285714286,4.13469356994921,10-20
656731,2023,117,0.913375139163559,0.922,555,0.908176301008553,0.893,"Megill, Tylor",Tylor Megill,TRUE,TRUE,148,16.5789344729213,38.7141891891892,7.19831679505593,-2.62681791291555,10-20
669276,2025,146,0.954971353752224,0.986,344,1.0017743920753,0.994,"Lee, Dylan",Dylan Lee,TRUE,TRUE,77,16.5818994341699,43.7831168831169,7.41958622772576,-1.62950377815755,10-20
669276,2026,127,0.971487674216363,0.992,221,1.00381190230888,0.994,"Lee, Dylan",Dylan Lee,TRUE,TRUE,53,16.591927554068,45.077358490566,7.82787501067191,17.3006138365903,10-20
669276,2024,104,0.972155666911325,0.986,283,1.01099298069207,0.991,"Lee, Dylan",Dylan Lee,TRUE,TRUE,61,16.6470463356617,43.427868852459,6.79717155391365,14.1553745625851,10-20
666142,2024,740,0.991528840352132,0.989,1299,0.964841265944113,0.993,"Ragans, Cole",Cole Ragans,TRUE,TRUE,425,16.6750562618428,44.1021176470588,10.589549608296,5.59290641741272,10-20
695611,2026,78,0.937612630686834,0.935,523,0.928996757401534,0.96,"Jump, Gage",Gage Jump,TRUE,TRUE,24,16.6940419410084,39.7875,8.66032504780115,-5.42592026733244,10-20
670329,2026,191,0.953393797341091,0.977,226,0.976261918800967,0.988,"Garcia, Rico",Rico Garcia,TRUE,TRUE,104,16.7594570383687,46.0480769230769,8.80267188563648,15.6011674970389,10-20
695418,2025,278,0.979338420534404,0.987,1032,0.935179361586202,0.981,"Lord, Brad",Brad Lord,TRUE,TRUE,137,16.8513134151876,17.7583941605839,8.83903199796299,-3.05284019810354,10-20
669358,2025,309,0.9617891854628,0.957,1189,0.931674131685334,0.944,"Baz, Shane",Shane Baz,TRUE,TRUE,149,16.9281960648335,35.5087248322148,7.62859375175655,-0.443277899544443,10-20
805673,2024,57,0.94850748552384,0.988,307,0.988107443843851,0.98,"Matthews, Zebby",Zebby Matthews,TRUE,TRUE,16,17.0857086776649,40.24375,9.19629478827361,3.17995153434157,10-20
691587,2026,159,1.00073648761642,0.983,692,0.941181664565003,0.965,"Pérez, Eury",Eury Pérez,TRUE,TRUE,66,17.0984835583906,32.0909090909091,8.26738483096864,1.53438749774163,10-20
592351,2024,115,0.95079868323728,0.988,720,0.934547219496962,0.953,"Gray, Jon",Jon Gray,TRUE,TRUE,63,17.1397583376941,33.5333333333333,6.09375,-4.83570984194201,10-20
682052,2025,224,0.958378102042667,0.972,587,0.925307958779528,0.94,"Lopez, Jacob",Jacob Lopez,TRUE,TRUE,103,17.1825014327526,15.7766990291262,7.96630389838077,7.24807801562183,10-20
642121,2024,75,0.971753482518543,0.893,142,0.992222349544259,0.99,"Sulser, Cole",Cole Sulser,TRUE,TRUE,35,17.2443061772849,41.9428571428572,8.59474525474526,-2.25883338793552,10-20
605200,2023,121,0.945911465563186,0.994,161,0.930933856929751,0.956,"Davies, Zach",Zach Davies,TRUE,TRUE,192,17.4573400772517,36.1328125,8.83723684210526,5.78427241979996,10-20
519242,2025,154,0.910579031231227,0.989,846,0.905001389238046,0.944,"Sale, Chris",Chris Sale,TRUE,TRUE,77,17.5408549589267,4.23376623376623,8.20476343986982,0.695144272028674,10-20
641778,2026,220,0.969427620601154,0.953,614,0.911455772898097,0.936,"Lauer, Eric",Eric Lauer,TRUE,TRUE,103,17.5931326700578,33.8038834951456,6.6767132601752,-5.95597904461282,10-20
622491,2023,220,0.953534827997242,0.917,656,0.92928242885132,0.891,"Castillo, Luis",Luis Castillo,TRUE,TRUE,270,17.6067858754247,13.8766666666667,7.92644235785081,3.22140874311339,10-20
689017,2024,167,0.966989554810023,0.983,532,0.95010076621603,0.98,"Knack, Landon",Landon Knack,TRUE,TRUE,70,17.6199062986306,52.6028571428572,9.43770676691729,0.0311273632897491,10-20
547179,2023,236,0.958256566651871,0.985,362,0.938000445495992,0.974,"Lorenzen, Michael",Michael Lorenzen,TRUE,TRUE,280,17.7222805582733,40.7117857142857,9.8229122224165,0.106290390971691,10-20
683155,2024,222,0.974619424556608,0.992,1039,0.912839024715753,0.916,"Estes, Joey",Joey Estes,TRUE,TRUE,101,17.7852445116219,40.3455445544554,7.47309961024976,1.84025845103174,10-20
605288,2024,135,0.956252526452275,0.893,186,0.937068256453868,0.935,"Houser, Adrian",Adrian Houser,TRUE,TRUE,67,17.9183115088987,38.5641791044776,9.52162608012569,1.98315722673269,10-20
605498,2023,95,1.0043582505068,0.988,240,0.918330283732831,0.969,"Suárez, Andrew",Andrew Suárez,TRUE,TRUE,42,17.9451474921186,46.1190476190476,8.79101956135151,1.85063301244814,10-20
829272,2025,150,1.01142303121459,0.96,261,0.900824577787904,0.915,"Ogasawara, Shinnosuke",Shinnosuke Ogasawara,TRUE,TRUE,79,17.9700717063109,46.8860759493671,10.0905378534362,1.7602708767076,10-20
678606,2025,265,0.900725081712317,0.935,106,0.993562009887149,0.993,"Ferrer, José A.",José A. Ferrer,TRUE,TRUE,134,18.2359256395532,30.1940298507463,9.98217403548297,3.48096583745841,10-20
669358,2026,164,0.906843272867919,0.984,678,0.92661344828407,0.963,"Baz, Shane",Shane Baz,TRUE,TRUE,71,18.3705072870378,35.9323943661972,7.86734180896589,-10.7236423232312,10-20
594902,2025,56,1.00148495307104,0.984,238,0.979717827941038,0.977,"Lively, Ben",Ben Lively,TRUE,TRUE,22,18.4959676264402,37.2136363636364,5.22459893048129,-10.9600899425425,10-20
669373,2024,760,0.926996379915452,0.822,931,0.923996893902475,0.952,"Skubal, Tarik",Tarik Skubal,TRUE,FALSE,445,18.5276238361644,46.4191011235955,10.4263446727722,4.4096266033763,10-20
622663,2026,59,0.986195500220371,0.993,230,0.940837245807092,0.928,"Severino, Luis",Luis Severino,TRUE,TRUE,20,18.6095654527411,41.895,10.1782608695652,1.553312107022,10-20
691587,2025,131,0.949528723503959,0.991,859,0.901625127960962,0.962,"Pérez, Eury",Eury Pérez,TRUE,TRUE,36,18.6556823765672,26.25,8.3379252360626,7.12057403871474,10-20
605182,2024,64,1.03722364782922,0.969,111,0.934837224748021,0.914,"Clevinger, Mike",Mike Clevinger,TRUE,TRUE,36,18.9095094031157,42.3055555555556,7.64031531531531,-6.1764636018979,10-20
675911,2026,71,0.909452917164662,0.865,329,0.962452858560494,0.988,"Strider, Spencer",Spencer Strider,TRUE,TRUE,25,18.9112326578103,41.58,9.29621884498481,20.0136616741132,10-20
665871,2024,117,0.972991554632889,0.963,410,0.928816687186686,0.908,"Assad, Javier",Javier Assad,TRUE,TRUE,48,18.9176352210334,57.5145833333333,7.72121951219512,-13.8221005529499,10-20
663567,2026,400,0.924223024168554,0.978,519,0.955107135791578,0.955,"Lambert, Peter",Peter Lambert,TRUE,TRUE,213,18.9277972515847,47.2253521126761,6.96115498385302,8.08459336348783,10-20
592351,2023,92,0.941437183268789,0.994,410,0.919079631564142,0.955,"Gray, Jon",Jon Gray,TRUE,TRUE,149,19.0375634395836,31.0328859060403,6.94106120007974,-4.17690833888334,10-20
542881,2025,795,0.974782171647104,0.945,892,0.999786280252251,0.992,"Anderson, Tyler",Tyler Anderson,TRUE,TRUE,413,19.1477674467656,59.1917675544794,10.5533977024723,1.70820087747112,10-20
608337,2026,191,1.05,0.993,229,0.960616010403712,0.992,"Giolito, Lucas",Lucas Giolito,TRUE,TRUE,86,19.2072500261688,54.5139534883721,11.765405707322,-9.70459881936545,10-20
700249,2025,296,0.989151615561447,0.746,733,0.956743910674768,0.947,"Povich, Cade",Cade Povich,TRUE,FALSE,128,19.280278380056,39.3484375,8.43693298090041,7.8792260600354,10-20
676684,2026,55,0.938434340001119,0.892,214,0.925008538773497,0.879,"Vest, Will",Will Vest,TRUE,TRUE,22,19.5078376823671,49.1727272727273,6.3499575191164,4.64710527974783,10-20
656222,2025,345,0.943972296485694,0.918,480,0.90921492753998,0.939,"Beeks, Jalen",Jalen Beeks,TRUE,TRUE,165,19.5830181122081,46.5709090909091,5.44339015151515,3.37656748149091,10-20
666214,2024,234,0.919302900603981,0.981,446,0.963813541459761,0.949,"Wentz, Joey",Joey Wentz,TRUE,TRUE,94,19.6623822518936,49.7063829787234,7.79331714979294,4.26580054566446,10-20
641302,2024,228,0.962862237965005,0.912,379,0.93659931507361,0.923,"Alexander, Tyler",Tyler Alexander,TRUE,TRUE,116,19.7023274065085,36.7465517241379,8.19830543171686,-6.69698565016628,10-20
701581,2024,308,0.911697313768679,0.871,442,0.900651008556157,0.89,"Festa, David",David Festa,TRUE,TRUE,155,19.9769907658138,52.4103225806452,6.156048752007,0.994210596482428,10-20
686613,2023,75,0.961801927110345,0.927,549,0.910607187632936,0.924,"Brown, Hunter",Hunter Brown,TRUE,TRUE,54,20.0055460653525,48.8148148148148,7.61520995517811,4.05288748787005,20-30
519242,2023,117,0.966576892885987,0.992,275,0.923629929029343,0.946,"Sale, Chris",Chris Sale,TRUE,TRUE,108,20.0122551179091,8.0962962962963,7.66346766322494,5.91744821201809,20-30
605488,2026,415,0.993417186350366,0.956,783,0.98006760648983,0.996,"Springs, Jeffrey",Jeffrey Springs,TRUE,TRUE,229,20.0167648138502,47.0960698689956,11.8749362824653,-0.48432208173856,20-30
681293,2025,58,0.934574712481253,0.955,196,0.95804921277401,0.949,"Arrighetti, Spencer",Spencer Arrighetti,TRUE,TRUE,29,20.0266219456596,19.9758620689655,7.71796270232231,0.320109335519395,20-30
668964,2024,245,0.945326854884022,0.987,872,0.987425207373458,0.996,"Myers, Tobias",Tobias Myers,TRUE,TRUE,99,20.0383260315634,58.4757575757576,12.0058300898897,6.91674125737184,20-30
669461,2025,291,0.986151921017635,0.961,684,0.945515207594791,0.968,"Liberatore, Matthew",Matthew Liberatore,TRUE,TRUE,130,20.0390928674375,41.8423076923077,5.52401259559154,-7.59208276586241,20-30
676282,2026,512,1.02751446574177,0.992,688,0.9770745768387,0.982,"Cantillo, Joey",Joey Cantillo,TRUE,TRUE,251,20.1539318277848,50.2900398406375,11.4165460252015,3.97800689424128,20-30
669461,2026,251,0.965261016192468,0.947,551,0.946930165662605,0.954,"Liberatore, Matthew",Matthew Liberatore,TRUE,TRUE,124,20.1728866268317,41.6604838709678,5.8153723435396,-4.76357033953479,20-30
675911,2023,88,0.91764463878365,0.977,765,0.956474390454525,0.965,"Strider, Spencer",Spencer Strider,TRUE,TRUE,97,20.307688199004,44.2041237113402,10.201801018507,0.360664141909088,20-30
669461,2023,54,0.945968575949608,0.988,173,0.921357769854772,0.931,"Liberatore, Matthew",Matthew Liberatore,TRUE,TRUE,36,20.3720983691193,42.275,6.93910311339617,-8.70921132815757,20-30
607644,2024,91,1.01341853040479,0.976,120,0.958293095153372,0.945,"Means, John",John Means,TRUE,TRUE,51,20.3922754453057,45.3490196078431,8.34019607843137,7.69081022007499,20-30
656186,2025,107,0.913847505850595,0.893,121,0.904206268255473,0.951,"Altavilla, Dan",Dan Altavilla,TRUE,TRUE,63,20.4067643662572,21.7603174603175,4.06864751410206,5.87933950514547,20-30
668909,2023,60,0.981617660958467,0.994,561,0.98078305897246,0.979,"Williams, Gavin",Gavin Williams,TRUE,TRUE,33,20.4583543430115,36.6060606060606,7.1338745999763,-5.93566816377424,20-30
666214,2023,131,0.982057288715047,0.987,239,0.976410799445186,0.987,"Wentz, Joey",Joey Wentz,TRUE,TRUE,154,20.6682484336921,40.3188311688312,8.34521437466643,-2.05229641685701,20-30
605540,2023,169,0.939676979234833,0.86,350,0.915153036481393,0.897,"Woodruff, Brandon",Brandon Woodruff,TRUE,TRUE,100,20.7230092486396,41.338,9.92313953488372,1.8325188348543,20-30
608032,2025,163,0.900306226091418,0.865,558,0.990963273643614,0.99,"Estévez, Carlos",Carlos Estévez,TRUE,TRUE,84,20.7526414349574,40.525,7.81239119303635,-4.90884099178076,20-30
608337,2023,485,1.00389282151628,0.98,504,0.949073321307558,0.98,"Giolito, Lucas",Lucas Giolito,TRUE,TRUE,471,20.7669686892411,50.3458598726115,12.1793997991279,-0.962802149079467,20-30
606965,2025,102,1.01556428678786,0.904,56,0.965069085651809,0.969,"Devenski, Chris",Chris Devenski,TRUE,TRUE,48,20.8382703955984,39.46875,9.17916666666666,-5.65859074974831,20-30
641329,2026,303,0.949737922342458,0.905,355,0.990677770175183,0.97,"Baker, Bryan",Bryan Baker,TRUE,TRUE,153,20.9290747323977,53.6686274509804,11.2188608776844,-7.15523751656959,20-30
681293,2024,215,0.932735633331286,0.961,1018,0.957951055310466,0.951,"Arrighetti, Spencer",Spencer Arrighetti,TRUE,TRUE,98,20.9631740509191,21.4377551020408,8.61038250270639,6.47904167036232,20-30
669060,2025,152,1.02158932607503,0.913,146,0.911905285517464,0.894,"Wilson, Bryse",Bryse Wilson,TRUE,TRUE,69,21.1122972046719,35.504347826087,6.70282176792399,-10.7021878529102,20-30
669358,2024,124,0.932644738680522,0.984,578,0.964669012228773,0.965,"Baz, Shane",Shane Baz,TRUE,TRUE,58,21.1274551949592,35.1913793103448,7.84066937119675,4.26190630589181,20-30
542881,2024,1082,0.959965685762168,0.968,1155,0.981376098901967,0.981,"Anderson, Tyler",Tyler Anderson,TRUE,TRUE,556,21.1350281984083,62.2784172661871,10.3740373415553,-1.27038565440217,20-30
542881,2023,347,0.932008743946939,0.986,392,0.927668378763559,0.971,"Anderson, Tyler",Tyler Anderson,TRUE,TRUE,409,21.1492563657819,54.620293398533,9.92220048899756,3.20553883939321,20-30
641302,2025,254,0.931955118825748,0.874,414,0.917273457086889,0.903,"Alexander, Tyler",Tyler Alexander,TRUE,TRUE,121,21.1845588722615,32.0735537190083,7.44844093104963,-2.04019456618708,20-30
622491,2024,400,0.930167508705897,0.94,1232,0.945393876623995,0.922,"Castillo, Luis",Luis Castillo,TRUE,TRUE,216,21.1993558963081,10.7972222222222,7.45876555126555,-4.33954751948269,20-30
434378,2025,222,0.918856378672928,0.941,1182,0.95692179482759,0.965,"Verlander, Justin",Justin Verlander,TRUE,TRUE,101,21.2287565822883,51.6356435643564,8.96191385636025,-1.19100193698559,20-30
606965,2024,253,0.978786770048463,0.908,150,0.975400219605846,0.963,"Devenski, Chris",Chris Devenski,TRUE,TRUE,99,21.2373338822982,44.5020202020202,10.3413737373737,-2.69344353981953,20-30
693855,2025,314,0.995622272539568,0.974,317,0.928941594027671,0.94,"Seymour, Ian",Ian Seymour,TRUE,TRUE,173,21.2600307299699,47.0375722543353,7.91823270910451,8.69207020564368,20-30
672710,2024,113,0.980054395484169,0.977,400,0.907841142369128,0.898,"Contreras, Roansy",Roansy Contreras,TRUE,TRUE,52,21.287443304788,48.0153846153846,5.86125,-2.5356965764016,20-30
805673,2025,143,0.904302801639485,0.989,557,0.950231388479756,0.957,"Matthews, Zebby",Zebby Matthews,TRUE,TRUE,57,21.3535416797046,35.0859649122807,8.68334120759709,-2.25505133143699,20-30
622491,2025,328,0.936728087338095,0.919,1356,0.932952513172028,0.913,"Castillo, Luis",Luis Castillo,TRUE,TRUE,147,21.4980918579961,10.252380952381,7.8541561526997,-8.06423019653703,20-30
682052,2026,121,0.942021019869825,0.956,465,0.930370086810761,0.939,"Lopez, Jacob",Jacob Lopez,TRUE,TRUE,55,21.563878124205,13.6581818181818,7.05180840664711,0.22032372584228,20-30
686613,2024,354,1.0037103190388,0.955,981,0.931461698012678,0.915,"Brown, Hunter",Hunter Brown,TRUE,TRUE,150,21.6069264246493,50.2853333333333,7.55736300692384,-2.03385566450274,20-30
628452,2024,285,0.912746989032857,0.87,280,0.906922293374456,0.877,"Iglesias, Raisel",Raisel Iglesias,TRUE,TRUE,181,21.6343772580336,32.414364640884,6.00426598263615,0.306968457613478,20-30
678394,2023,330,0.924056293979228,0.993,235,0.905316076715758,0.917,"Bello, Brayan",Brayan Bello,TRUE,TRUE,335,21.7472022323919,27.3071641791045,9.29710337202875,6.05739608581657,20-30
656222,2026,163,0.954774450571564,0.9,207,0.90451450776285,0.917,"Beeks, Jalen",Jalen Beeks,TRUE,TRUE,75,21.804005840514,42.556,5.42353623188406,10.8478632071663,20-30
543037,2026,158,0.925832909227656,0.995,472,0.973391178189428,0.967,"Cole, Gerrit",Gerrit Cole,TRUE,TRUE,78,21.8346548253148,34.425641025641,10.3292955465587,-6.33852399477609,20-30
668909,2024,74,0.920937253189808,0.936,704,0.962347286469665,0.969,"Williams, Gavin",Gavin Williams,TRUE,TRUE,27,21.8739917330085,31.8111111111111,7.09295559764309,-7.83806807135886,20-30
669211,2025,211,0.972193902813113,0.981,543,0.989085696484839,0.957,"Akin, Keegan",Keegan Akin,TRUE,TRUE,118,21.8775426623036,36.65,7.19413646720979,0.899565947534047,20-30
699134,2026,328,1.02592680107029,0.961,179,0.922362803347608,0.896,"Rodriguez, Bradgley",Bradgley Rodriguez,TRUE,TRUE,177,21.9717539188493,42.7960451977401,8.35516207429851,3.62272184940291,20-30
675921,2024,91,1.00334772619245,0.992,274,0.960561173903799,0.974,"Howard, Spencer",Spencer Howard,TRUE,TRUE,40,21.9882365910917,40.4075,13.6041605839416,0.793057615311596,20-30
663158,2023,151,0.993539256595911,0.967,172,0.950816305164889,0.952,"Suarez, Robert",Robert Suarez,TRUE,TRUE,63,22.0819661157286,42.9206349206349,7.81106496862311,1.30555879703496,20-30
669211,2024,134,0.945267733783463,0.981,682,0.97173414191671,0.948,"Akin, Keegan",Keegan Akin,TRUE,TRUE,62,22.0901362894516,41.6709677419355,8.17794847992574,-0.231723632672643,20-30
687362,2025,73,0.969968658721842,0.838,137,0.988899218497003,0.938,"Gillispie, Connor",Connor Gillispie,TRUE,FALSE,31,22.1140613435892,42.6258064516129,3.97713680244879,-0.0944859260278758,20-30
543037,2023,87,1.01507883824784,0.992,681,0.937667117186442,0.945,"Cole, Gerrit",Gerrit Cole,TRUE,TRUE,112,22.2185220061921,40.7946428571429,7.61284562211981,-0.682447845996437,20-30
434378,2024,160,0.937137908253398,0.948,767,0.984952534835254,0.963,"Verlander, Justin",Justin Verlander,TRUE,TRUE,83,22.280731160034,50.6530120481928,9.38769419267683,-6.20408744307117,20-30
605182,2023,179,0.994123640901334,0.986,466,0.944019591766809,0.953,"Clevinger, Mike",Mike Clevinger,TRUE,TRUE,126,22.3380296184485,47.202380952381,8.34492878722486,-0.76907028290531,20-30
594902,2024,216,0.965527019634751,0.989,719,0.928006452819682,0.974,"Lively, Ben",Ben Lively,TRUE,TRUE,108,22.3382906081902,37.1740740740741,6.01272141706925,-2.55767914450692,20-30
693855,2026,389,1.0232755739846,0.94,333,0.945775742576666,0.925,"Seymour, Ian",Ian Seymour,TRUE,TRUE,198,22.5801804592973,42.3085858585859,8.02322026232474,7.80642298457704,20-30
657097,2023,127,0.99076729811729,0.995,294,0.901321641782497,0.88,"Webb, Jacob",Jacob Webb,TRUE,TRUE,132,22.6104239286149,36.8772727272727,8.96477773327994,3.29033015426104,20-30
641329,2025,307,0.911807543194826,0.875,520,0.950687403510143,0.957,"Baker, Bryan",Bryan Baker,TRUE,TRUE,147,22.6421143454891,53.6482993197279,11.7643720565149,3.03099728281908,20-30
681347,2026,424,0.981935736847397,0.959,447,0.945439796897095,0.941,"Burrows, Mike",Mike Burrows,TRUE,TRUE,226,22.6562659614298,39.5517699115044,8.24984260854071,2.90463924973635,20-30
669211,2026,114,0.972553742796837,0.988,219,0.968934808140006,0.952,"Akin, Keegan",Keegan Akin,TRUE,TRUE,55,22.7235953891991,37.3472727272727,6.94290577002906,-5.45682610601997,20-30
669721,2024,86,0.938550051306004,0.973,244,0.958833121668007,0.96,"Daniel, Davis",Davis Daniel,TRUE,TRUE,52,22.8149456022723,47.5923076923077,7.06213745271122,-4.56661807897178,20-30
608334,2024,397,0.947000194106713,0.922,334,0.911371573728766,0.89,"Fulmer, Carson",Carson Fulmer,TRUE,TRUE,196,22.8450461796155,37.1622448979592,5.40274349260662,2.08869868013572,20-30
689017,2025,202,0.9830848550482,0.886,375,0.947128216287723,0.961,"Knack, Landon",Landon Knack,TRUE,TRUE,103,22.8765273822487,53.5252427184466,8.44474822006473,5.32896157363288,20-30
605400,2024,307,0.947477711364054,0.992,883,0.927837335539014,0.938,"Nola, Aaron",Aaron Nola,TRUE,TRUE,126,22.887084085357,16.8,6.79490463607111,-9.4538224516834,20-30
656731,2025,89,1.01578033321792,0.863,522,0.924234370001698,0.851,"Megill, Tylor",Tylor Megill,TRUE,TRUE,30,22.9541365907545,32.3066666666667,7.64019157088123,1.72373083574531,20-30
696149,2025,94,0.968235778360488,0.975,212,0.966553187210251,0.949,"Chandler, Bubba",Bubba Chandler,TRUE,TRUE,44,22.969103704018,35.0113636363636,6.8759127418766,6.40918472360134,20-30
605400,2026,301,0.904068760336484,0.994,463,0.942010782590991,0.948,"Nola, Aaron",Aaron Nola,TRUE,TRUE,138,23.0721883875179,15.8326086956522,6.76117319310107,6.00480811094211,20-30
687922,2025,92,0.993917177073506,0.963,218,0.928875044442727,0.917,"Lucas, Easton",Easton Lucas,TRUE,TRUE,40,23.1090803473423,46.11,6.46330275229358,-7.06579110442215,20-30
670329,2025,129,0.958341969188893,0.985,231,0.990632811379221,0.993,"Garcia, Rico",Rico Garcia,TRUE,TRUE,67,23.1540378523469,46.6134328358209,9.03273244168767,3.56563299220028,20-30
605483,2023,279,0.930083664476206,0.985,630,0.905859662561116,0.924,"Snell, Blake",Blake Snell,TRUE,TRUE,303,23.3047303178417,54.0237623762376,8.86835221533849,2.71833929116435,20-30
623167,2024,440,1.04584064734959,0.985,1038,0.939755112894517,0.917,"Flexen, Chris",Chris Flexen,TRUE,TRUE,211,23.3178810266286,67.4104265402844,9.95905815960332,-0.0908988538801131,20-30
686610,2023,201,0.977481886803355,0.985,658,0.913239142286291,0.92,"Waldichuk, Ken",Ken Waldichuk,TRUE,TRUE,213,23.35456317003,32.2300469483568,9.060406885759,7.58329553288019,20-30
663455,2025,108,0.925470357758599,0.885,295,0.928730284247544,0.955,"Pilkington, Konnor",Konnor Pilkington,TRUE,TRUE,46,23.604646738948,26.2630434782609,8.80642593957258,1.05245601862945,20-30
669461,2024,62,0.92204270631714,0.989,380,0.950223131141831,0.953,"Liberatore, Matthew",Matthew Liberatore,TRUE,TRUE,25,23.7351618089167,41.312,6.882,-8.07821280410068,20-30
656641,2026,135,0.96888252135092,0.983,423,1.01469191526554,0.99,"Latz, Jacob",Jacob Latz,TRUE,TRUE,71,23.8884720517881,49.7394366197183,8.64626577431493,6.28080123089611,20-30
686613,2025,356,0.984437307079729,0.965,1110,0.953650353951511,0.95,"Brown, Hunter",Hunter Brown,TRUE,TRUE,158,23.9097167329011,48.3126582278481,8.54727791082221,-5.46167751516424,20-30
696149,2026,301,0.970190190666567,0.952,858,0.967628326553967,0.956,"Chandler, Bubba",Bubba Chandler,TRUE,TRUE,139,23.926990152041,37.9870503597122,6.66309134510574,-4.24996940102514,20-30
676684,2025,79,0.939823264470917,0.903,591,0.923335312726998,0.887,"Vest, Will",Will Vest,TRUE,TRUE,38,23.9499386679393,48.9552631578947,6.17812610385023,-13.4673354161444,20-30
608331,2026,132,0.933298685390213,0.821,158,0.917859145452501,0.9,"Fried, Max",Max Fried,TRUE,FALSE,67,24.0634104019288,41.6492537313433,8.65760438314756,-3.48011362509627,20-30
642232,2023,154,0.900963815394876,0.95,288,0.928393234000174,0.973,"Yarbrough, Ryan",Ryan Yarbrough,TRUE,TRUE,140,24.1743227684314,21.4207142857143,8.63165584415585,3.20824646402504,20-30
676684,2024,114,0.928228984377208,0.943,647,0.957374643353085,0.937,"Vest, Will",Will Vest,TRUE,TRUE,49,24.1991432407372,43.9673469387755,7.08112793504499,-8.48928652813692,20-30
592791,2025,221,0.979851282140137,0.868,753,0.946250078764782,0.939,"Taillon, Jameson",Jameson Taillon,TRUE,TRUE,123,24.2418648929207,47.1593495934959,8.34057914682733,7.72049454825106,20-30
605483,2024,311,0.941625187037315,0.982,821,0.939022731199764,0.937,"Snell, Blake",Blake Snell,TRUE,TRUE,166,24.2922065012344,53.6481927710844,10.4038338494049,-1.65574934931889,20-30
592791,2026,211,0.949530753747043,0.855,355,0.924102118328968,0.905,"Taillon, Jameson",Jameson Taillon,TRUE,TRUE,112,24.3133637254516,46.84375,7.27318158953722,-1.64787183678473,20-30
607644,2023,113,1.00221954767416,0.944,142,0.988502512485431,0.973,"Means, John",John Means,TRUE,TRUE,77,24.3350127655901,48.1142857142857,10.7610481068228,-9.19407674315373,20-30
572020,2024,112,0.909896196005416,0.882,928,0.932411024923851,0.955,"Paxton, James",James Paxton,TRUE,TRUE,46,24.3444157679614,44.1565217391304,10.6319012368816,0.873422625286263,20-30
676282,2025,500,1.01401140523405,0.981,687,1.001545471532,0.993,"Cantillo, Joey",Joey Cantillo,TRUE,TRUE,245,24.3713124837154,52.8632653061225,13.4355690223688,6.70324624983008,20-30
690986,2023,64,0.953388712419633,0.988,356,0.970050749234548,0.986,"Harrison, Kyle",Kyle Harrison,TRUE,TRUE,42,24.4566161333193,26.4738095238095,7.08218298555377,-3.86716061809613,20-30
694973,2025,326,0.95193400176624,0.979,1167,0.959510592142631,0.971,"Skenes, Paul",Paul Skenes,TRUE,TRUE,173,24.5311548947043,21.1976878612717,9.45529072618393,6.00449172629827,20-30
682608,2026,283,0.964446618094394,0.943,269,0.980202990277506,0.986,"Gray, Peyton",Peyton Gray,TRUE,TRUE,150,24.5943988069803,37.8026666666667,9.65227261462206,1.99733228042738,20-30
676664,2025,354,1.03157180942549,0.956,949,0.975196906907027,0.977,"Sears, JP",JP Sears,TRUE,TRUE,157,24.6218509981657,20.7146496815287,8.70076110958233,-2.14244159478949,20-30
656288,2023,171,0.909916272403236,0.882,318,0.935033991708702,0.952,"Canning, Griffin",Griffin Canning,TRUE,TRUE,265,24.7154930826018,41.1460377358491,4.50165276764307,1.32697626904046,20-30
686753,2026,53,0.918739136690333,0.915,51,0.957820978612632,0.972,"Jameson, Drey",Drey Jameson,TRUE,TRUE,30,24.7511378892905,35.53,6.85705882352942,5.33628072092874,20-30
605400,2023,168,0.926499342502901,0.993,410,0.944793370463825,0.955,"Nola, Aaron",Aaron Nola,TRUE,TRUE,181,24.7583721172849,19.2381215469613,6.85793762563343,5.54012456867089,20-30
669084,2026,91,0.905967877933964,0.968,67,0.900495193089549,0.889,"Hall, DL",DL Hall,TRUE,TRUE,36,24.7831140335001,43.2444444444444,9.4497512437811,9.58634425110326,20-30
656641,2024,185,0.925296743132187,0.973,402,0.952427548319156,0.96,"Latz, Jacob",Jacob Latz,TRUE,TRUE,108,24.9083449191062,48.9648148148148,8.9922056384743,-0.32085620272881,20-30
607455,2024,98,0.932840036789418,0.992,268,0.928357555887669,0.944,"Banda, Anthony",Anthony Banda,TRUE,TRUE,52,24.9322504058943,33.7615384615385,5.91481056257176,2.30190899430803,20-30
641778,2025,134,0.926416422819233,0.969,783,0.909238813309483,0.936,"Lauer, Eric",Eric Lauer,TRUE,TRUE,42,25.2962798963892,34.6309523809524,6.85903119868637,-6.07459885396938,20-30
669920,2026,105,1.01695583955195,0.982,69,0.948219227762247,0.946,"Alexander, Jason",Jason Alexander,TRUE,TRUE,51,25.3005378892021,23.9039215686275,11.4132139812447,2.12166596201463,20-30
674003,2024,321,0.998476909891762,0.997,615,0.975691577217489,0.991,"Bradford, Cody",Cody Bradford,TRUE,TRUE,157,25.4976873552884,51.8573248407643,8.92281083320388,-0.818600818929513,20-30
694973,2026,300,0.913568698498515,0.974,828,0.962537729043274,0.972,"Skenes, Paul",Paul Skenes,TRUE,TRUE,154,25.5107457665149,23.6168831168831,8.10217861848297,3.98149070082154,20-30
656641,2025,314,0.93579754985401,0.97,665,1.01316423114756,0.98,"Latz, Jacob",Jacob Latz,TRUE,TRUE,167,25.5219581594729,47.1520958083832,9.50071419205385,3.36616159149637,20-30
605400,2025,242,0.924331490541023,0.994,475,0.941942243828969,0.952,"Nola, Aaron",Aaron Nola,TRUE,TRUE,125,25.6460560597022,16.0592,6.87583157894737,4.02677387751688,20-30
663556,2023,103,0.993779374584838,0.986,127,1.03067732375144,0.993,"McClanahan, Shane",Shane McClanahan,TRUE,TRUE,245,25.6870171100879,41.8387755102041,9.77505918902994,11.4998513230376,20-30
453286,2026,87,0.967738554753484,0.986,232,0.90718934823112,0.911,"Scherzer, Max",Max Scherzer,TRUE,TRUE,45,25.689934120974,28.7888888888889,8.81098659003831,-7.99959757800998,20-30
681911,2024,56,0.936241484879434,0.973,700,0.99156167716774,0.993,"Vesia, Alex",Alex Vesia,TRUE,TRUE,23,25.7693561776628,55.7347826086957,7.76704347826087,8.54117884965805,20-30
434378,2023,77,0.971781195993881,0.979,741,0.963203571199407,0.961,"Verlander, Justin",Justin Verlander,TRUE,TRUE,49,25.7950175684855,49.6428571428572,8.64870528856704,-3.66063770508948,20-30
656288,2024,765,0.949212909261198,0.899,1069,0.952673215822978,0.966,"Canning, Griffin",Griffin Canning,TRUE,TRUE,438,25.8653716157417,40.5520547945206,4.79863867994242,2.91750622147354,20-30
676083,2025,127,0.953679414590217,0.888,611,0.918812527252796,0.881,"Junk, Janson",Janson Junk,TRUE,TRUE,49,25.9392014318664,43.3938775510204,5.61515414676509,-12.7877536745028,20-30
665622,2023,67,1.00387323831544,0.95,286,0.90158612017921,0.848,"Medina, Luis",Luis Medina,TRUE,FALSE,64,26.130803054309,45.6171875,8.46314440993788,0.359966253390958,20-30
663158,2025,257,1.01205782192133,0.934,682,0.957249850885238,0.945,"Suarez, Robert",Robert Suarez,TRUE,TRUE,125,26.4376992447149,42.0848,8.31543695014663,-7.53827541094671,20-30
663465,2024,106,0.996220502078319,0.996,177,0.925820274819303,0.922,"Allard, Kolby",Kolby Allard,TRUE,TRUE,64,26.7065365050557,46.5765625,8.13675847457627,-1.25811967787966,20-30
622491,2026,227,0.930675894873136,0.927,770,0.908551704763454,0.865,"Castillo, Luis",Luis Castillo,TRUE,TRUE,120,26.7765640825814,10.6133333333333,7.63137457044674,-4.96359479411308,20-30
677961,2026,51,0.981433943218216,0.948,126,0.959455460221867,0.957,"Wilcox, Cole",Cole Wilcox,TRUE,TRUE,30,26.8101944961552,25.0733333333333,8.52301587301587,-2.59425029281461,20-30
642232,2024,232,0.909508958337546,0.917,265,0.9441863394465,0.983,"Yarbrough, Ryan",Ryan Yarbrough,TRUE,TRUE,131,26.94603247384,12.524427480916,9.33408612991502,0.777252443983825,20-30
686701,2025,99,0.989800638065657,0.964,558,0.948750127201406,0.949,"Bergert, Ryan",Ryan Bergert,TRUE,TRUE,40,27.1036543422726,43.035,5.9122311827957,14.7047578694731,20-30
621051,2024,50,0.970520886678418,0.975,248,0.911715304482747,0.897,"Wilson, Steven",Steven Wilson,TRUE,TRUE,15,27.3033865887648,42.0066666666667,12.3787096774193,1.90983456013779,20-30
663158,2026,148,0.951648380732399,0.946,221,0.912378011433313,0.918,"Suarez, Robert",Robert Suarez,TRUE,TRUE,88,27.3338995424148,41.5386363636364,8.02816227889758,1.5585117931432,20-30
687924,2024,100,0.924526575423982,0.991,190,0.965527552516919,0.995,"Aguiar, Julian",Julian Aguiar,TRUE,TRUE,52,27.4343859819006,25.1461538461539,10.4141700404858,0.823705664945528,20-30
682227,2026,122,0.972763128816967,0.993,106,0.986333360328783,0.99,"Williamson, Brandon",Brandon Williamson,TRUE,TRUE,60,27.4347092977864,39.0016666666667,7.44393081761006,8.45712791638171,20-30
669084,2025,104,0.923720775209049,0.963,175,0.903204829976078,0.903,"Hall, DL",DL Hall,TRUE,TRUE,50,27.4867962059659,41.12,9.41714285714285,-9.44484310026897,20-30
663465,2025,200,0.963280346744403,0.994,389,0.913047450572481,0.932,"Allard, Kolby",Kolby Allard,TRUE,TRUE,110,27.5429488018327,44.4445454545455,8.54138350081795,-8.25460675286472,20-30
674003,2023,138,1.01478867007455,0.992,283,1.00918098706199,0.994,"Bradford, Cody",Cody Bradford,TRUE,TRUE,116,27.6184983083673,48.926724137931,8.23349405805572,-1.16985598048637,20-30
656848,2026,90,0.943675466199675,0.944,463,1.03306224749016,0.995,"Petersen, Michael",Michael Petersen,TRUE,TRUE,32,27.6413411658659,47.5,8.77438579913607,-6.86949231680031,20-30
681347,2025,365,0.971763473548864,0.974,602,0.911626109828932,0.925,"Burrows, Mike",Mike Burrows,TRUE,TRUE,218,27.6942365933073,48.5238532110092,8.12873449358408,10.9985872356499,20-30
663158,2024,122,1.00678189252149,0.977,675,0.960917674962599,0.958,"Suarez, Robert",Robert Suarez,TRUE,TRUE,41,27.747970704113,42.3463414634146,8.04796149286971,-6.70948830262102,20-30
453286,2023,144,0.983335427257583,0.991,466,0.935993265240033,0.937,"Scherzer, Max",Max Scherzer,TRUE,TRUE,166,27.8046944757912,27.6530120481928,9.88795497225329,1.45496328301821,20-30
702674,2025,109,0.906090878636993,0.974,253,0.990825498239687,0.99,"Dana, Caden",Caden Dana,TRUE,TRUE,49,27.9092173925268,39.3816326530612,7.7263934822941,20.1787229379145,20-30
641401,2025,352,0.954344447616386,0.974,352,0.957019016523395,0.967,"Brogdon, Connor",Connor Brogdon,TRUE,TRUE,197,27.9224033452076,29.8954314720812,11.4055448200277,-1.97866206515656,20-30
621244,2025,434,0.918546226500917,0.984,463,0.941789840356328,0.934,"Berríos, José",José Berríos,TRUE,TRUE,247,28.0166515636704,37.3028340080972,7.76401920235045,8.72577100495409,20-30
669022,2026,227,0.906720198768636,0.949,937,0.917596190979159,0.921,"Gore, MacKenzie",MacKenzie Gore,TRUE,TRUE,101,28.0333757434846,46.740594059406,8.84710012402515,5.92830278842796,20-30
643361,2024,53,1.02484023494237,0.99,71,0.966628060229255,0.979,"Herget, Kevin",Kevin Herget,TRUE,TRUE,28,28.0422554004978,50.4678571428572,10.8012072434608,-4.68962036275342,20-30
676664,2024,549,0.970142473874647,0.982,1032,0.973102079588893,0.96,"Sears, JP",JP Sears,TRUE,TRUE,256,28.5143908628336,16.51484375,7.8933835998062,-3.11414118201065,20-30
676664,2026,108,0.942289350601297,0.987,178,0.951211719062179,0.981,"Sears, JP",JP Sears,TRUE,TRUE,46,28.6080536690148,20.604347826087,8.02164142647777,-4.42366562770997,20-30
605347,2024,95,0.91652222733865,0.982,159,0.967948582648641,0.974,"López, Jorge",Jorge López,TRUE,TRUE,53,28.8211577469676,35.8056603773585,8.17421383647799,4.33551616655384,20-30
687798,2024,50,0.923435239643833,0.954,97,0.948568853664904,0.944,"Robertson, Nick",Nick Robertson,TRUE,TRUE,27,28.8755638585593,28.9148148148148,6.51099656357388,3.55340634646568,20-30
681190,2026,125,0.978283243591475,0.944,508,0.904966048843197,0.899,"Vásquez, Randy",Randy Vásquez,TRUE,TRUE,40,28.8821551639858,31.775,6.72320866141733,-4.3309615842295,20-30
669160,2026,122,0.962420036089213,0.95,464,0.91437589746343,0.948,"May, Dustin",Dustin May,TRUE,TRUE,54,29.0454165427779,32.8925925925926,6.44386973180077,-4.68386323451308,20-30
678022,2026,222,0.928157319087397,0.92,426,0.92066895823698,0.925,"Perkins, Jack",Jack Perkins,TRUE,TRUE,115,29.0552328882174,35.115652173913,6.18201265564401,5.6855229341628,20-30
453286,2024,93,0.938529301013379,0.99,294,0.924335766174756,0.938,"Scherzer, Max",Max Scherzer,TRUE,TRUE,47,29.0810924409444,26.7,9.66723838471559,-1.16925170115282,20-30
663687,2025,148,1.05,0.992,639,0.950220332317661,0.983,"Harris, Hogan",Hogan Harris,TRUE,TRUE,64,29.2791589295739,47.2609375,11.5047657472613,-5.04284641292012,20-30
676272,2023,195,0.921004761202522,0.969,395,0.962105728813515,0.994,"Miller, Bobby",Bobby Miller,TRUE,TRUE,143,29.2858581998721,45.2573426573427,11.0519813519813,-1.1330925602918,20-30
690986,2024,411,0.901475268585511,0.983,1196,0.930959368573448,0.988,"Harrison, Kyle",Kyle Harrison,TRUE,TRUE,209,29.3102319933438,19.28995215311,7.67559568577875,-2.81492441352016,20-30
669920,2025,410,0.972174133999453,0.981,127,0.902662342076144,0.923,"Alexander, Jason",Jason Alexander,TRUE,TRUE,229,29.3733280346746,22.9794759825328,11.704858508407,9.5916193832842,20-30
656288,2025,312,0.932583889055607,0.859,471,0.959977279835399,0.935,"Canning, Griffin",Griffin Canning,TRUE,TRUE,172,29.4213568275771,38.1505813953488,4.49769293438009,-2.61700197433829,20-30
656288,2026,265,0.971073036401188,0.896,298,0.942177856998694,0.933,"Canning, Griffin",Griffin Canning,TRUE,TRUE,141,29.6671179202277,35.7368794326241,4.31288733399972,-3.15658015475881,20-30
700669,2026,95,0.955185681664295,0.966,320,0.928189652164038,0.935,"Graceffo, Gordon",Gordon Graceffo,TRUE,TRUE,38,30.1584307010873,46.9657894736842,7.21705592105264,-1.56661980291533,30+
687931,2026,96,0.95840022104675,0.994,90,0.984852929420337,0.968,"Whisenhunt, Carson",Carson Whisenhunt,TRUE,TRUE,59,30.1749829664993,45.7203389830509,9.59077212806027,6.3897936594401,30+
676083,2026,222,0.9642696667474,0.844,423,0.96268964590212,0.911,"Junk, Janson",Janson Junk,TRUE,FALSE,101,30.2221417343941,40.7544554455446,7.0004494066428,-2.13488594841514,30+
643361,2025,79,0.993765049409614,0.991,95,0.979619748675242,0.985,"Herget, Kevin",Kevin Herget,TRUE,TRUE,39,30.2854049212987,47.2230769230769,10.8910391363023,-5.42587473666297,30+
680684,2025,126,0.953802324384506,0.853,196,0.939071698942429,0.938,"Hoglund, Gunnar",Gunnar Hoglund,TRUE,TRUE,56,30.3282092776355,45.5142857142857,7.60204081632654,-0.413374740054903,30+
621244,2023,217,0.937973817418129,0.982,262,0.927362180884406,0.917,"Berríos, José",José Berríos,TRUE,TRUE,303,30.4804170995067,39.7798679867987,10.0015788513525,2.18675461004335,30+
621051,2025,71,0.919927304561611,0.988,325,0.913677090285169,0.919,"Wilson, Steven",Steven Wilson,TRUE,TRUE,34,30.6187569445977,45.7823529411765,9.28018099547511,-0.929015723607492,30+
622098,2023,66,0.94219086375899,0.99,298,0.909650275195404,0.913,"Smith, Drew",Drew Smith,TRUE,TRUE,51,30.6647262642482,34.8294117647059,9.70392156862745,0.605306875607649,30+
680897,2024,72,0.947395581657508,0.954,333,0.926387804897107,0.91,"Nastrini, Nick",Nick Nastrini,TRUE,TRUE,25,30.6716274802447,44.984,7.9614054054054,-3.92832126828291,30+
682227,2024,56,0.943475154746832,0.993,66,0.967616057250146,0.978,"Williamson, Brandon",Brandon Williamson,TRUE,TRUE,19,30.7757753576575,43.0157894736842,8.70598086124402,-2.98544637036149,30+
676282,2024,196,0.96382707443192,0.985,347,0.973389393467145,0.988,"Cantillo, Joey",Joey Cantillo,TRUE,TRUE,87,30.8889109096295,53.5367816091954,14.3327635893869,-2.39075638572733,30+
642232,2026,148,0.970245929014079,0.933,127,0.958403416622073,0.986,"Yarbrough, Ryan",Ryan Yarbrough,TRUE,TRUE,91,31.0564469912573,18.2967032967033,9.59903954313403,2.75870243221897,30+
676272,2024,210,0.92962826122759,0.975,387,0.949336504422766,0.985,"Miller, Bobby",Bobby Miller,TRUE,TRUE,83,31.0585391379083,46.5686746987952,11.2103670495937,2.18265034051932,30+
663687,2024,200,1.01008312601628,0.972,679,0.970676534346305,0.993,"Harris, Hogan",Hogan Harris,TRUE,TRUE,77,31.0727683351831,41.9454545454545,11.761186236444,-7.37716579607438,30+
665152,2023,139,0.920779089579212,0.951,482,0.958087322862892,0.978,"Kremer, Dean",Dean Kremer,TRUE,TRUE,150,31.213199688246,33.2666666666667,9.38200746965452,-2.45260961548923,30+
621244,2024,457,0.921746071023521,0.976,522,0.932399136018856,0.927,"Berríos, José",José Berríos,TRUE,TRUE,245,31.2453686460649,37.7591836734694,9.36691923178111,-2.14426785884784,30+
641482,2025,83,0.987965971138416,0.928,228,0.961139864974608,0.977,"Cortes, Nestor",Nestor Cortes,TRUE,TRUE,35,31.2677626281242,48.4085714285714,7.82104010025063,15.3574833974173,30+
805673,2026,154,0.923422268493706,0.973,444,0.92989955889206,0.944,"Matthews, Zebby",Zebby Matthews,TRUE,TRUE,64,31.5269638882615,31.60625,9.0508445945946,-7.58884546016541,30+
676664,2023,219,0.957045550576356,0.99,570,0.945398192318734,0.954,"Sears, JP",JP Sears,TRUE,TRUE,212,31.5668222659655,16.5698113207547,8.99336734023976,-3.34189752308798,30+
669854,2024,608,0.919125176176847,0.968,1055,0.99358110235528,0.986,"Blanco, Ronel",Ronel Blanco,TRUE,TRUE,291,31.6252708101004,46.385910652921,8.19249328186837,0.0699147378232839,30+
681911,2025,63,0.932328917599994,0.996,588,0.972575640242037,0.982,"Vesia, Alex",Alex Vesia,TRUE,TRUE,27,31.7022256380228,59.6481481481482,8.81815948601663,-1.46451938724044,30+
681911,2026,100,1.00517693008173,0.99,352,0.975868886960502,0.981,"Vesia, Alex",Alex Vesia,TRUE,TRUE,48,31.7332646049066,63.8,9.37244318181818,19.4700377633325,30+
678022,2025,66,0.923997464808252,0.96,267,0.942843376759738,0.956,"Perkins, Jack",Jack Perkins,TRUE,TRUE,29,31.834037696413,29.1896551724138,6.68142838693013,18.4372165228662,30+
676106,2024,214,0.953744745032211,0.989,341,0.911104333271696,0.962,"Hancock, Emerson",Emerson Hancock,TRUE,TRUE,117,31.9720389607285,26.4376068376068,6.93305010401784,-3.42419550924355,30+
519043,2023,135,0.940504615000919,0.974,216,0.94632876688985,0.98,"Moore, Matt",Matt Moore,TRUE,TRUE,147,32.1654099482279,46.243537414966,9.86319693706629,0.552031303088401,30+
519043,2024,271,0.984703219966353,0.976,427,0.995211096135065,0.981,"Moore, Matt",Matt Moore,TRUE,TRUE,142,32.2093556864586,45.656338028169,9.93867467097668,1.27216768289608,30+
664199,2023,54,0.94819586855671,0.955,115,0.929658638962027,0.9,"Clarke, Taylor",Taylor Clarke,TRUE,TRUE,79,32.4120365930176,47.0556962025316,5.67150673744385,1.29894179261154,30+
663687,2023,82,0.991761971446707,0.972,178,0.917512236428214,0.982,"Harris, Hogan",Hogan Harris,TRUE,TRUE,95,32.5808312916098,44.7705263157895,12.4656781376518,8.31019634562076,30+
663556,2026,451,0.992507280780426,0.975,582,0.965783423650015,0.96,"McClanahan, Shane",Shane McClanahan,TRUE,TRUE,223,32.630123779901,38.5739910313901,8.6445502596582,-2.15754095017032,30+
642232,2025,209,0.95588158982533,0.921,141,0.962709587556264,0.99,"Yarbrough, Ryan",Ryan Yarbrough,TRUE,TRUE,96,32.7516139150771,11.1864583333333,10.329920212766,6.42081504879551,30+
642545,2023,65,1.00838121163764,0.993,156,0.900952859189443,0.915,"Barria, Jaime",Jaime Barria,TRUE,TRUE,82,32.8691101760394,47.7987804878049,8.51987087517935,4.71558309585661,30+
694973,2024,114,0.921878324709889,0.938,834,0.957084814948504,0.978,"Skenes, Paul",Paul Skenes,TRUE,TRUE,62,32.9542200008895,20.8838709677419,11.5047458807148,12.5660893837211,30+
678692,2025,192,1.00201260037094,0.956,343,0.919560577338699,0.884,"Henriquez, Ronny",Ronny Henriquez,TRUE,TRUE,74,33.1490233128035,34.5081081081081,4.92155858482389,-0.0221815428449515,30+
642152,2025,140,0.903740834297217,0.988,132,0.916850311974283,0.944,"Trivino III, Lou",Lou Trivino III,TRUE,TRUE,65,33.2331576446825,33.9907692307692,7.4666317016317,11.1863224957512,30+
664353,2023,131,1.01702455861679,0.985,265,1.01824999130452,0.988,"Urquidy, José",José Urquidy,TRUE,TRUE,142,33.246151815934,50.4816901408451,6.98778893456433,3.25391005882221,30+
813349,2025,63,0.901752704888097,0.873,94,0.901920863028245,0.866,"Early, Connelly",Connelly Early,TRUE,TRUE,39,33.3213536988634,30.6589743589744,10.1444899072559,-3.83638935327502,30+
641401,2026,104,0.93731210859152,0.955,129,0.961632883383894,0.961,"Brogdon, Connor",Connor Brogdon,TRUE,TRUE,51,33.5456577019297,31.4705882352941,10.6697218422253,-13.4781146555773,30+
608379,2023,322,1.0450754529838,0.841,214,1.0298812862875,0.992,"Wacha, Michael",Michael Wacha,TRUE,FALSE,453,33.9932621749765,54.4858719646799,10.264267474932,2.94642683528198,30+
621111,2025,150,0.992674053734568,0.948,554,0.911747092894328,0.915,"Buehler, Walker",Walker Buehler,TRUE,TRUE,60,34.4161022025962,36.61,4.19939229843562,2.4319956152782,30+
669854,2025,99,0.933796887164006,0.969,283,0.979520872013601,0.982,"Blanco, Ronel",Ronel Blanco,TRUE,TRUE,53,34.5384086006442,44.9547169811321,8.57629175278352,3.9398035618088,30+
608379,2024,839,0.947707756550288,0.802,606,0.990973869744613,0.992,"Wacha, Michael",Michael Wacha,TRUE,FALSE,472,34.6673133385862,53.4391949152542,12.3229582704033,0.742381224994254,30+
663776,2026,70,0.998393936984935,0.993,75,0.925712173757557,0.946,"Sandoval, Patrick",Patrick Sandoval,TRUE,TRUE,36,34.7686676237603,48.3138888888889,9.63711111111111,-1.50183584451046,30+
622663,2025,147,0.929914069595645,0.98,766,0.917762153604519,0.925,"Severino, Luis",Luis Severino,TRUE,TRUE,65,34.9711594044242,36.4492307692308,9.96365535248042,-7.31390083453121,30+
663978,2026,276,0.943510362098372,0.979,350,1.00288965004266,0.996,"Paddack, Chris",Chris Paddack,TRUE,TRUE,149,35.085014746542,40.7308724832215,8.03569511025887,-6.41365272683043,30+
678692,2024,103,0.962834979111626,0.981,90,0.937459928717408,0.927,"Henriquez, Ronny",Ronny Henriquez,TRUE,TRUE,52,35.20236190378,36.6115384615385,4.64521367521367,4.30680003754281,30+
622663,2024,217,0.945974130031815,0.979,1030,0.905922466739378,0.904,"Severino, Luis",Luis Severino,TRUE,TRUE,102,35.2615225964192,37.9274509803922,10.4043118218161,-8.40563573854507,30+
641927,2025,681,0.980445792979052,0.994,846,0.90926188829344,0.904,"Ober, Bailey",Bailey Ober,TRUE,TRUE,380,35.3338426546323,30.8468421052632,6.99826054497948,0.480232877147403,30+
683769,2025,139,0.974694539647674,0.965,347,0.92989104947052,0.957,"Gaddis, Hunter",Hunter Gaddis,TRUE,TRUE,52,35.5954680878872,33.6480769230769,15.9309798270893,18.2312455184942,30+
682227,2023,199,0.924624610760475,0.988,445,0.969984670897304,0.995,"Williamson, Brandon",Brandon Williamson,TRUE,TRUE,152,35.7537230675289,40.3776315789474,8.73200076861138,7.73586468916083,30+
663776,2023,282,0.973691197734122,0.981,287,0.959910272851508,0.929,"Sandoval, Patrick",Patrick Sandoval,TRUE,TRUE,344,35.7833523765489,51.4587209302326,10.0439582380467,6.07643158715301,30+
702193,2026,100,0.941419072909956,0.99,393,0.976541591289383,0.984,"Morris, Andrew",Andrew Morris,TRUE,TRUE,39,35.8617608455958,53.7564102564103,8.94392248972401,-9.87606044752782,30+
804636,2025,102,0.940426591357022,0.989,213,0.998886848540516,0.986,"Tong, Jonah",Jonah Tong,TRUE,TRUE,45,36.4813597931418,63.1155555555556,9.52306729264476,-14.1085183409215,30+
663776,2024,409,0.986866910673645,0.981,230,0.944681299122887,0.939,"Sandoval, Patrick",Patrick Sandoval,TRUE,TRUE,212,36.5271660854506,50.0844339622642,10.7933757178015,0.538610848633574,30+
684007,2024,99,0.918773985985486,0.903,1337,0.948514772941714,0.988,"Imanaga, Shota",Shota Imanaga,TRUE,TRUE,52,37.0730813973895,45.1865384615385,10.1981399278309,-2.33081045486799,30+
669302,2026,139,0.953772905077319,0.867,773,0.962360212881215,0.931,"Gilbert, Logan",Logan Gilbert,TRUE,TRUE,52,37.4408378542054,38.7884615384615,10.5261538461539,-4.85082428453814,30+
571882,2024,69,0.920447501856851,0.986,184,0.923251863531372,0.938,"Law, Derek",Derek Law,TRUE,TRUE,35,37.48756952535,43.9914285714286,7.19235521235521,-6.24320860483712,30+
694350,2025,102,0.963781806018111,0.993,245,1.00561382442356,0.984,"Brzykcy, Zach",Zach Brzykcy,TRUE,TRUE,56,37.8701002237925,44.875,6.50071428571428,14.2507039521358,30+
669062,2025,124,0.922795065598641,0.995,167,0.929291957480735,0.939,"Miller, Erik",Erik Miller,TRUE,TRUE,59,37.9498933644745,21.1491525423729,10.1349842687506,-10.5595185149856,30+
695549,2025,148,0.962931317420138,0.981,272,0.947857032299565,0.943,"Jobe, Jackson",Jackson Jobe,TRUE,TRUE,59,38.1976672948818,40.0135593220339,11.3804523928215,8.44469447502559,30+
687473,2025,168,0.972331573898334,0.984,769,0.906399434330306,0.904,"Gusto, Ryan",Ryan Gusto,TRUE,TRUE,76,38.5669077951931,38.0815789473684,7.04586099514065,-4.53526717481011,30+
687931,2025,152,0.910124069955099,0.937,195,0.960252258541127,0.988,"Whisenhunt, Carson",Carson Whisenhunt,TRUE,TRUE,82,38.6194510877047,43.240243902439,11.5186366479049,0.785887580640266,30+
678368,2025,191,0.911388736293406,0.861,380,0.910278242594345,0.867,"Bellozo, Valente",Valente Bellozo,TRUE,TRUE,88,39.0476880754834,33.2647727272727,9.39624401913876,-0.0203135975616407,30+
641927,2024,791,0.950527187379845,0.988,1025,0.910089003261876,0.922,"Ober, Bailey",Bailey Ober,TRUE,TRUE,467,39.0960416384269,34.2730192719486,8.36437272431866,7.54804854385808,30+
608379,2026,469,0.988511601751746,0.787,528,0.980391788195795,0.987,"Wacha, Michael",Michael Wacha,TRUE,FALSE,245,39.6217333399974,55.9404081632653,12.3724196042053,-3.29403690179342,30+
676760,2026,262,0.91071583348507,0.957,380,0.991363054504067,0.986,"Marinaccio, Ron",Ron Marinaccio,TRUE,TRUE,110,39.6880336262136,25.9072727272727,11.9032535885167,-5.80251291022171,30+
669194,2023,99,0.951918810162287,0.994,436,0.952652963954209,0.958,"Nelson, Ryne",Ryne Nelson,TRUE,TRUE,136,39.9413260320434,44.0551470588235,10.9751083169043,-0.826018359266057,30+
608650,2026,59,1.03207017216511,0.934,160,0.929125030181855,0.934,"Enns, Dietrich",Dietrich Enns,TRUE,TRUE,17,40.0546582108403,50.6352941176471,9.56636029411765,-1.13454735901278,30+
641482,2024,274,0.957413449267121,0.954,1266,0.95213807106577,0.967,"Cortes, Nestor",Nestor Cortes,TRUE,TRUE,141,40.1787831685707,43.3354609929078,8.5037326476421,-1.38732619478789,30+
683769,2024,181,0.992473120388033,0.99,412,0.904656916651606,0.941,"Gaddis, Hunter",Hunter Gaddis,TRUE,TRUE,59,40.6816227774859,30.9237288135593,15.0506458779003,2.48801399140818,30+
608379,2025,677,0.981360273849899,0.782,719,0.980967019875565,0.986,"Wacha, Michael",Michael Wacha,TRUE,FALSE,401,40.9674698504865,53.2623441396509,13.2105820289332,-4.21333340405841,30+
669194,2024,238,0.976419129028439,0.992,1341,0.987963398398952,0.978,"Nelson, Ryne",Ryne Nelson,TRUE,TRUE,123,41.088127730098,42.2211382113821,12.1074462086903,-9.87550205075963,30+
608650,2025,207,1.00325802527014,0.984,319,0.975150262763258,0.96,"Enns, Dietrich",Dietrich Enns,TRUE,TRUE,122,41.8679589372119,50.0549180327869,9.31904532304725,-3.10663952327672,30+
669165,2026,180,0.948983561742619,0.973,280,1.02216336824917,0.993,"Hurt, Kyle",Kyle Hurt,TRUE,TRUE,104,42.2290153559145,42.2115384615385,7.95552197802197,0.822649243252249,30+
686826,2025,87,0.967561338288959,0.95,158,0.964916936891247,0.971,"Jarvis, Bryce",Bryce Jarvis,TRUE,TRUE,38,42.289919278368,34.9052631578947,11.2716189207195,-4.0008912790664,30+
669194,2025,70,0.992875781017212,0.99,1526,0.984474078720521,0.989,"Nelson, Ryne",Ryne Nelson,TRUE,TRUE,20,42.447247778716,43.46,8.64049148099607,-9.59768751418745,30+
686826,2024,137,0.957174174114549,0.956,348,0.91819093043204,0.933,"Jarvis, Bryce",Bryce Jarvis,TRUE,TRUE,51,43.3853154070249,32.5705882352941,10.5688979039892,0.0749504545342934,30+
669062,2024,425,0.90388247686845,0.988,616,0.945895706152984,0.939,"Miller, Erik",Erik Miller,TRUE,TRUE,201,43.5415408486947,23.9910447761194,11.4310972869409,-4.85074029578592,30+
683769,2026,125,0.996445533461762,0.992,191,0.92658620195316,0.951,"Gaddis, Hunter",Hunter Gaddis,TRUE,TRUE,43,43.6099928609873,31.3837209302326,15.8021551199318,7.29959310559251,30+
677161,2025,69,0.937675104552297,0.947,115,0.948684869127913,0.937,"Kelly, Zack",Zack Kelly,TRUE,TRUE,25,47.6346784002347,34.524,12.7620869565217,0.650853304071216,30+
677161,2024,200,0.911481465726659,0.937,286,0.951390256067639,0.951,"Kelly, Zack",Zack Kelly,TRUE,TRUE,92,48.35040785597,33.4619565217391,12.6624125874126,-0.112420126740959,30+
686218,2023,135,0.937671579201374,0.863,390,0.969216921745201,0.987,"Sheehan, Emmet",Emmet Sheehan,TRUE,TRUE,77,48.7532935295032,28.874025974026,12.4701740007565,12.977619408967,30+
669212,2026,112,0.905905488528782,0.867,126,0.995647108434579,0.993,"Morgan, Eli",Eli Morgan,TRUE,TRUE,57,48.8090434714021,47.719298245614,14.2325396825397,-10.3793549912183,30+
815083,2026,182,0.952394342312632,0.993,348,0.983926169404565,0.986,"Farris, Mitch",Mitch Farris,TRUE,TRUE,83,50.6513048468834,47.2301204819277,12.6802416562803,6.13426976582929,30+
680573,2024,442,0.903972782007073,0.867,924,0.947142925504627,0.976,"Woods Richardson, Simeon",Simeon Woods Richardson,TRUE,TRUE,205,51.536767659315,43.9921951219512,10.1650855242319,-10.2604561621288,30+
815083,2025,108,0.921672286373381,0.991,202,0.938728866110652,0.99,"Farris, Mitch",Mitch Farris,TRUE,TRUE,54,52.3748737173545,42.4944444444445,12.6141914191419,3.15560045250503,30+
680573,2025,80,0.917888269268563,0.862,854,0.95727051486138,0.963,"Woods Richardson, Simeon",Simeon Woods Richardson,TRUE,TRUE,31,53.1007973056547,44.2193548387097,10.1652170636117,-10.0914164952502,30+
686218,2025,191,0.988652723665933,0.985,536,0.95618927937648,0.987,"Sheehan, Emmet",Emmet Sheehan,TRUE,TRUE,96,54.3760467420232,33.1520833333333,9.34939365671642,-0.789691592390988,30+
686218,2026,273,0.979189532706,0.987,698,0.958739608834482,0.978,"Sheehan, Emmet",Emmet Sheehan,TRUE,TRUE,139,55.0655368028449,32.0690647482014,8.78348312753808,-2.85421910033974,30+
