player_name,id,seasons,swings,sep,blind,aware,from_sep
Morán,663558,3,436,9.9,18.34,14.28,4.06
Leclerc,600917,3,210,7,14.9,10.56,4.34
Gore,669022,3,357,9.4,14.64,10.85,3.79
Skubal,669373,7,1708,10.6,14.63,9.58,5.05
Skenes,694973,3,389,9.7,13.66,10.2,3.46
Sandoval,663776,5,1158,9.5,12.93,10.5,2.43
Underwood Jr.,621249,3,301,6.7,11.69,13.36,-1.67
Cease,656302,3,220,16.1,10.7,6.7,4.01
Springs,605488,7,1367,10.8,10.64,11.05,-0.41
Feltner,663372,5,467,9.8,10.43,10.06,0.37
Lee,669276,3,192,7.3,10.31,10.9,-0.59
Rodón,607074,4,671,9.5,10.26,6.13,4.13
Latz,656641,3,347,9,10.21,7.51,2.69
Olson,681857,3,479,7.1,9.97,11.8,-1.83
Buttó,676130,3,300,7.5,9.83,9.31,0.52
McClanahan,663556,4,878,8.7,9.07,6.93,2.13
Iglesias,628452,7,1030,6.3,8.61,8.45,0.15
Lange,656638,3,180,6.3,8.58,7.96,0.62
Lambert,663567,3,504,7.2,8.29,8.55,-0.26
Luzardo,666200,7,1461,9,7.95,5.8,2.16
Brazobán,623211,4,579,6.9,7.88,6.53,1.35
Anderson,666120,4,869,6.2,7.82,9.92,-2.11
Weaver,596133,7,1145,7.9,7.52,4.78,2.74
Woodruff,605540,6,789,9.8,7.37,2.69,4.67
Suarez,660761,6,895,10.2,7.33,6.03,1.3
Ragans,666142,5,929,10.5,7.3,2.49,4.81
deGrom,594798,4,400,7.5,7.24,5.13,2.11
Romero,668941,3,270,8.4,6.34,6.58,-0.25
Ferrer,678606,3,245,10.1,6.27,3.01,3.26
Lorenzen,547179,6,1098,9.6,5.93,4.61,1.32
Suarez,624133,6,1190,10.4,5.79,5.87,-0.08
Weissert,669711,3,134,8.8,5.23,3.13,2.1
Martinez,607259,5,1267,13.4,5.11,4.06,1.04
Bello,678394,5,1179,7.8,4.89,5,-0.11
Blackburn,621112,3,330,5.9,4.88,8.82,-3.94
Snell,605483,6,810,8.7,4.84,1.89,2.95
Webb,657097,5,810,9.2,4.81,3.71,1.1
Sulser,642121,5,621,8.7,4.8,4.65,0.16
Peralta,642547,6,1112,6.2,4.77,2.31,2.46
Norris,596057,4,378,5.4,4.7,3.24,1.46
Velasquez,592826,3,233,5,4.55,2.39,2.15
Cueto,456501,4,710,8.8,4.42,4.31,0.11
Jax,643377,6,661,5.1,4.23,4.25,-0.01
Montgomery,656756,5,1366,9.7,4.22,5.02,-0.8
Blanco,669854,3,419,8.6,4.2,3.15,1.05
Garcia,676395,3,365,6,4.2,2.88,1.31
Richards,670950,6,1215,10.1,4.09,5.45,-1.36
Minter,621345,4,276,8.7,4.08,-0.85,4.93
Suarez,663158,5,410,8.2,4.07,-3.17,7.24
King,650633,5,1101,7.9,3.99,2.03,1.96
Kikuchi,579328,5,680,8.2,3.91,2.87,1.04
Rodriguez,680570,3,591,13.2,3.48,0.88,2.59
Weathers,677960,5,727,9,3.34,1.88,1.46
Boyd,571510,6,1006,12.5,3.33,2.4,0.94
Davies,605200,3,1122,9.6,3.33,4.05,-0.73
Carrasco,471911,6,1174,5.8,3.29,5.64,-2.35
Trivino III,642152,3,171,8,3.19,3.06,0.13
Beeks,656222,6,829,5.1,3.12,5.88,-2.76
Uceta,670955,4,517,5.4,3.01,4.49,-1.48
Stratton,608717,3,185,6.4,2.98,5.02,-2.03
Gallen,668678,7,1321,7.4,2.98,-0.31,3.29
Keller,641745,4,226,3.8,2.81,2.83,-0.01
Baker,641329,3,365,11.8,2.75,-3.95,6.7
Rosenberg,670046,3,230,9.6,2.55,2.35,0.19
Musgrove,605397,4,317,6.1,2.54,5.14,-2.6
Fried,608331,5,744,8.5,2.45,-1.01,3.46
Bielak,656232,4,373,5.4,2.44,5.06,-2.62
Quintana,500779,6,901,4.7,2.37,4.18,-1.81
Englert,669438,4,408,6.8,2.31,2.64,-0.33
Marinaccio,676760,4,470,11.2,2.27,0.12,2.15
Suter,608718,5,626,10.2,2.2,0.76,1.44
Flexen,623167,4,703,10.4,2.18,0.67,1.51
Moore,519043,4,529,9.6,2.08,1.74,0.34
Williams,642207,7,1626,10.7,2.05,1.81,0.24
Cessa,570666,3,230,5.7,1.9,4.01,-2.11
Berríos,621244,6,1305,9.3,1.75,1.53,0.22
Vodnik,680767,3,264,6.8,1.72,-1.02,2.74
Nelson,656793,3,281,7.8,1.67,-2.65,4.32
Morton,450203,5,603,8.3,1.52,1.63,-0.11
Sheehan,686218,3,312,10.2,1.43,0.95,0.48
Pérez,527048,6,1645,8.2,1.37,3.38,-2.01
Brown,686613,3,362,7.9,1.32,-3.43,4.75
Bido,674370,3,175,5.7,1.27,4.45,-3.19
Bubic,663460,6,1181,9,1.21,-0.74,1.95
Abbott,671096,4,771,7.2,1.12,4.48,-3.36
Crismatt,622503,3,816,7.7,1.06,2.73,-1.68
Peralta,593974,3,460,7.3,1.03,0.61,0.43
Estévez,608032,4,292,8.2,1.03,-1.65,2.68
Adam,592094,5,741,5.4,0.98,-0.5,1.48
Santana,642701,4,266,7.4,0.9,0.1,0.8
Bibee,676440,4,788,12.1,0.85,-1.05,1.91
Corbin,571578,6,478,10.9,0.83,2.1,-1.27
Shuster,694363,3,319,8.7,0.78,2.48,-1.7
De Los Santos,660853,3,243,8.6,0.77,1.18,-0.41
Nola,605400,7,1320,7.1,0.69,2.09,-1.41
Cantillo,676282,3,583,13.1,0.58,1.62,-1.04
Brogdon,641401,6,764,11.3,0.48,-1.8,2.28
Hatch,641672,3,181,7.9,0.44,0.34,0.09
Cole,543037,4,536,8.5,0.43,-4.68,5.11
Lynn,458681,3,179,7.4,0.26,0.22,0.04
Yarbrough,642232,7,1132,8.9,0.23,2.1,-1.87
Kelly,518876,7,1857,3.8,0.21,3.19,-2.98
Anderson,542881,6,2346,10.2,0.15,1.11,-0.96
Farmer,571656,5,492,5.9,0.13,2.23,-2.1
Cortes,641482,3,255,8.4,0.12,-2.97,3.09
Minor,501985,3,583,5.7,0.1,1.59,-1.5
Alexander,669920,3,363,11.6,0.05,0.39,-0.34
Allen,671106,3,617,8.9,0.01,0.33,-0.32
Urías,628711,4,738,7.5,-0.01,-1.73,1.72
Devenski,606965,4,382,10.4,-0.08,0.11,-0.19
Kowar,663804,3,244,9.8,-0.2,-2.46,2.26
Detmers,672282,4,417,9.5,-0.4,-2.06,1.66
Stripling,548389,5,923,8.5,-0.44,0.9,-1.34
Kahnle,592454,4,992,6.3,-0.44,-1.97,1.53
Wacha,608379,7,2309,10.1,-0.46,-0.59,0.13
Smeltzer,656970,3,254,6.7,-0.46,3,-3.45
Hendricks,543294,6,2387,7.1,-0.58,1.86,-2.45
Alcantara,645261,5,2003,6.6,-0.65,-1.18,0.53
Castillo,622491,7,1809,8.2,-0.77,-1.67,0.91
Wells,669330,5,578,6.6,-1.01,-0.91,-0.1
Milone,543548,3,268,7.5,-1.03,3.63,-4.66
Lynch IV,663738,6,704,8.6,-1.04,-1.16,0.12
Ryu,547943,4,731,10.1,-1.39,-0.61,-0.78
Pfaadt,694297,4,564,6.5,-1.39,-1.5,0.11
Greinke,425844,4,766,2.6,-1.5,0.48,-1.98
Miley,489119,3,618,7.4,-1.56,-0.47,-1.09
Brieske,689225,4,474,8.4,-1.57,-6.07,4.5
Webb,657277,7,3002,6.4,-1.59,-1.02,-0.57
Holton,663947,4,435,8.2,-1.6,-1.73,0.13
Rogers,669432,7,1526,7.9,-1.63,-0.2,-1.44
Paddack,663978,6,1206,9.6,-1.66,-3.21,1.55
Erceg,668674,4,321,7.6,-1.66,-3.82,2.16
Burke,656271,5,411,7.3,-1.7,-2.35,0.65
Boxberger,502202,3,274,11.3,-1.71,-4.27,2.56
Gaddis,683769,4,208,14.8,-1.76,-3.96,2.21
Gibson,502043,5,865,7.3,-1.81,-0.52,-1.29
Sale,519242,5,591,7.8,-1.96,0.71,-2.67
López,605347,4,349,7.6,-1.96,-2.29,0.33
Banda,607455,4,323,7.5,-1.97,-0.5,-1.46
Elder,693821,5,482,5.9,-2,-0.35,-1.65
Ramirez,598287,3,300,5.4,-2.06,-0.09,-1.97
Williams,592866,6,523,6.6,-2.07,0.49,-2.55
Buehler,621111,4,264,4.4,-2.14,-2.55,0.41
Montero,606160,4,382,5.1,-2.19,-3.48,1.29
Kaprielian,621076,3,320,9,-2.21,-2.41,0.2
Cabrera,665795,6,1369,3.4,-2.21,0.22,-2.43
Montero,672456,3,278,7.7,-2.27,-3.44,1.17
Giolito,608337,6,1980,12.1,-2.34,-2.81,0.47
López,641154,6,1818,6.5,-2.37,-1.83,-0.54
Urquidy,664353,4,576,7.7,-2.46,-1.75,-0.72
Ureña,570632,5,594,6.9,-2.47,-0.8,-1.67
Pepiot,686752,4,809,8.1,-2.53,-3.47,0.94
Milner,571948,5,388,7.4,-2.6,-1.55,-1.05
Garrett,666129,3,211,6.7,-2.79,-0.77,-2.02
Sears,676664,5,763,8.8,-2.81,-4.35,1.55
Gonzales,594835,5,1068,8.9,-2.91,-2.37,-0.54
Harris,663687,3,236,11.9,-3.04,-4.82,1.78
Rea,607067,4,508,6.5,-3.19,-2.57,-0.62
Bundy,605164,3,471,7.6,-3.22,-2.34,-0.88
Plesac,668676,3,687,6.7,-3.36,-0.88,-2.48
Morgan,669212,5,706,14.7,-3.44,-3.49,0.05
Houser,605288,6,580,8.9,-3.48,-3.22,-0.26
Soriano,666277,3,305,6.4,-3.68,-1.19,-2.49
Vest,676684,4,219,8.1,-3.68,-4.84,1.15
Javier,664299,4,234,8.9,-3.83,-4,0.16
Whitlock,676477,3,417,11.6,-3.92,-5.45,1.53
Scherzer,453286,7,781,9.4,-3.95,-4.03,0.08
Heaney,571760,5,1045,8.2,-4,-2.91,-1.09
Akin,669211,6,556,8.7,-4.08,-3.6,-0.47
Gray,543243,3,217,4.9,-4.33,0.95,-5.29
Ober,641927,6,1635,7.2,-4.38,-2.06,-2.32
Clarke,664199,5,372,5.8,-4.4,-7.87,3.47
Anderson,502624,5,593,9.6,-4.43,-4.67,0.24
Verlander,434378,3,233,9,-4.45,-5.88,1.43
Lugo,607625,4,359,6.1,-4.48,-2.51,-1.97
Wittgren,621295,3,215,7,-4.5,-3.76,-0.74
Rodriguez,593958,6,1335,6.2,-4.52,-0.17,-4.35
Megill,656731,3,403,7.8,-4.67,-5.82,1.14
Senzatela,622608,4,265,7.8,-4.7,-4.74,0.04
Lodolo,666157,5,738,6,-4.84,-0.21,-4.63
Meyer,676974,3,223,6.9,-5.04,-5.98,0.94
Germán,593334,4,535,6.5,-5.06,-1.7,-3.37
Manaea,640455,3,676,6.8,-5.2,-0.67,-4.53
Canning,656288,6,1232,4.6,-5.42,-3.55,-1.88
Means,607644,4,623,9.3,-5.47,-5.43,-0.04
Allard,663465,3,323,8.2,-5.83,-6.11,0.29
Alexander,641302,7,742,7.2,-5.85,-2.78,-3.07
Lyles,543475,3,360,5.8,-6.09,-2.92,-3.17
Severino,622663,4,498,9.4,-6.17,-10.41,4.25
Gordon,685299,3,343,8.4,-6.44,-5.42,-1.03
Gomber,596295,5,947,8.8,-6.55,-4.07,-2.48
Woo,693433,3,233,5.9,-6.95,-7.56,0.61
Harrison,690986,3,318,7.8,-7.09,-5.64,-1.44
Baz,669358,3,278,7.8,-7.36,-9.24,1.88
Floro,571670,4,281,7,-7.83,-7.75,-0.08
Peterson,656849,7,888,7.9,-8.26,-5.66,-2.6
Banks,621383,3,225,7.3,-8.78,-10.61,1.83
Lauer,641778,3,220,6.5,-8.79,-7.43,-1.36
Quantrill,615698,3,427,8.6,-9.12,-9.14,0.02
Taillon,592791,6,509,6.9,-9.52,-7.87,-1.64
Irvin,663623,3,206,6.2,-9.83,-6.46,-3.37
Gray,592351,4,383,6.9,-9.9,-7.12,-2.78
Freeland,607536,7,876,5.4,-9.9,-4.98,-4.93
Irvin,608344,4,842,7.2,-10.01,-4.86,-5.15
Keller,656605,3,255,4.7,-10.93,-8.75,-2.18
Faedo,656412,3,223,6.1,-11.01,-8.57,-2.44
Manoah,666201,3,310,6.9,-11.11,-10.06,-1.05
Soroka,647336,4,237,9.8,-11.16,-11.15,-0.01
Martin,663436,4,586,5,-12.7,-12.08,-0.61
Wilson,669060,3,267,6.4,-13.56,-11.96,-1.6
Vásquez,681190,3,197,6.4,-13.58,-12.77,-0.81
Eflin,621107,5,379,6.6,-14.5,-10.51,-3.98
Bassitt,605135,5,356,8.3,-15.11,-12.98,-2.13
Ross,605452,3,140,4.6,-18.27,-12.35,-5.92
Mikolas,571945,5,474,8.2,-19.8,-18.33,-1.47
