pitcher,season,player_name,nsw,axis,arm,velo_sep,w_res,w_res_noarm,np,whiff,swing,velo,spin,rv100,as_ch,as_fb,name,as_gap,exp_whiff
670329,2026,"Garcia, Rico",104,16.7594570383687,46.0480769230769,8.80267188563648,15.6011674970389,18.1384103434284,191,47.1153846153846,54.4502617801047,86.4748691099477,2368.01047120419,1.67277486910995,0.977,0.988,Rico Garcia,-0.011,31.5142171183458
605488,2021,"Springs, Jeffrey",64,15.2158027286278,50.071875,9.48186011904762,11.2585472544307,13.5194075979177,209,48.2352941176471,40.6698564593302,83.9799043062201,1475.85167464115,1.49282296650718,0.988,0.987,Jeffrey Springs,0.001,36.9767468632164
656302,2026,"Cease, Dylan",84,4.76045044767499,59.6619047619048,15.0252857142857,11.0246397974864,13.67649087348,226,53.5714285714286,37.1681415929204,82.7995575221239,1767.7610619469,0.820796460176991,0.915,0.911,Dylan Cease,0.004,42.5467887739422
681347,2025,"Burrows, Mike",218,27.6942365933073,48.5238532110092,8.12873449358408,10.9985872356499,11.5700094636511,365,43.1192660550459,59.7260273972603,87.3076712328767,1510.24931506849,2.43506849315069,0.974,0.925,Mike Burrows,0.049,32.120678819396
671096,2023,"Abbott, Andrew",137,9.78870981999901,44.9642335766423,6.23514077163712,10.7354452162086,11.0583261314833,310,39.4160583941606,44.1935483870968,86.6374193548387,2065.96451612903,1.16483870967742,0.929,0.944,Andrew Abbott,-0.015,28.680613177952
669373,2021,"Skubal, Tarik",112,3.72536910378354,60.0053571428571,11.9623397435898,10.345346777146,12.7675325961785,305,49.1228070175439,37.3770491803279,82.1177049180328,1441.03278688525,0.134098360655738,0.978,0.945,Tarik Skubal,0.033,38.7774602403979
668676,2020,"Plesac, Zach",86,19.9926896404648,45.7023255813954,6.87602922690132,9.24905669441934,9.01440859129507,191,34.6534653465347,52.8795811518325,86.0141361256545,1630.25654450262,3.29162303664921,0.991,0.984,Zach Plesac,0.007,25.4044086521153
656288,2021,"Canning, Griffin",132,24.1292406010953,45.9022727272727,4.44111807732497,8.99478300549494,10.3161973519252,230,34.8148148148148,58.6956521739131,89.1086956521739,1869.53097345133,0.873913043478261,0.947,0.984,Griffin Canning,-0.037,25.8200318093199
693855,2025,"Seymour, Ian",173,21.2600307299699,47.0375722543353,7.91823270910451,8.69207020564368,9.00359376558835,314,35.2601156069364,55.0955414012739,83.5566878980892,1713.36624203822,1.18089171974522,0.974,0.94,Ian Seymour,0.034,26.5680454012927
663687,2023,"Harris, Hogan",95,32.5808312916098,44.7705263157895,12.4656781376518,8.31019634562076,8.89214603303378,225,36.8421052631579,42.2222222222222,80.1328888888889,1964.70222222222,0.411111111111111,0.972,0.982,Hogan Harris,-0.01,28.5319089175371
669022,2024,"Gore, MacKenzie",129,25.3146272351288,46.2852713178295,10.1508009089124,8.2958948209126,9.91873080721425,277,51.1627906976744,46.5703971119134,85.8682310469314,2017.6678700361,-1.05703971119134,0.919,0.929,MacKenzie Gore,-0.01,42.8668958767618
663567,2026,"Lambert, Peter",213,18.9277972515847,47.2253521126761,6.96115498385302,8.08459336348783,9.59883726375506,400,36.6197183098592,53.25,87.00875,1570.3725,1.15,0.978,0.955,Peter Lambert,0.023,28.5351249463713
519043,2022,"Moore, Matt",105,29.3392499777359,44.28,8.79250723493818,7.40040258165288,7.2353380955649,201,47.3214285714286,55.7213930348259,85.034328358209,2021.51243781095,2.01791044776119,0.97,0.97,Matt Moore,0,39.9210259897757
668964,2024,"Myers, Tobias",99,20.0383260315634,58.4757575757576,12.0058300898897,6.91674125737184,7.74970546920184,245,44.4444444444444,40.4081632653061,81.1191836734694,1855.85714285714,0.969795918367347,0.987,0.996,Tobias Myers,-0.009,37.5277031870726
676282,2025,"Cantillo, Joey",245,24.3713124837154,52.8632653061225,13.4355690223688,6.70324624983008,6.86924463850422,500,49.3877551020408,49,78.2536,1511.646,0.7636,0.981,0.993,Joey Cantillo,-0.012,42.6845088522107
656641,2026,"Latz, Jacob",71,23.8884720517881,49.7394366197183,8.64626577431493,6.28080123089611,7.83104336017795,135,43.6619718309859,52.5925925925926,85.7274074074074,2042.04444444444,2.86962962962963,0.983,0.99,Jacob Latz,-0.007,37.3811706000898
694813,2023,"Stone, Gavin",111,24.8259576606519,49.3144144144144,8.47105781277966,6.20651468931619,9.36909623052805,187,41.4414414414414,59.3582887700535,85.7577540106952,1532.95721925134,-0.162032085561498,0.991,0.935,Gavin Stone,0.056,35.2349267521253
815083,2026,"Farris, Mitch",83,50.6513048468834,47.2301204819277,12.6802416562803,6.13426976582929,5.73878192652316,182,47.6190476190476,46.1538461538462,78.9648351648352,1688.67032967033,-0.25054945054945,0.993,0.986,Mitch Farris,0.007,41.4847778532183
663776,2023,"Sandoval, Patrick",344,35.7833523765489,51.4587209302326,10.0439582380467,6.07643158715301,8.14793121580357,675,43.1884057971015,51.1111111111111,82.9632592592593,1780.15970149254,0.106962962962963,0.981,0.929,Patrick Sandoval,0.052,37.1119742099484
592761,2021,"Smith, Caleb",157,14.7543750141948,46.9955414012739,9.14785647985148,6.0679151566212,6.96289955750892,304,37.1069182389937,52.3026315789474,82.0980263157895,2001.99013157895,0.193421052631578,0.994,0.988,Caleb Smith,0.006,31.0390030823725
669022,2026,"Gore, MacKenzie",101,28.0333757434846,46.740594059406,8.84710012402515,5.92830278842796,7.95612859725432,228,38.2352941176471,44.7368421052632,86.5723684210526,1970.28634361233,0.533771929824562,0.949,0.921,MacKenzie Gore,0.028,32.3069913292191
650893,2022,"Cabrera, Génesis",64,16.4523093749271,45.2640625,5.85037202380952,5.6967472927257,5.53918311117073,129,40,50.3875968992248,90.1705426356589,1767.75590551181,-1.18449612403101,0.966,0.982,Génesis Cabrera,-0.016,34.3032527072743
664353,2021,"Urquidy, José",154,32.6673679194578,55.0006493506494,7.96054795146236,5.60911569979456,7.92522502085682,283,33.7579617834395,55.4770318021201,84.3968197879859,1907.06360424028,1.62968197879859,0.977,0.99,José Urquidy,-0.013,28.1488460836449
605488,2025,"Springs, Jeffrey",424,14.289346309927,45.3327830188679,11.5308979792157,5.60016665761366,6.10092399312549,720,41.2735849056604,58.8888888888889,79.1498611111111,1394.775,-0.260555555555555,0.958,0.991,Jeffrey Springs,-0.033,35.6734182480467
666142,2024,"Ragans, Cole",425,16.6750562618428,44.1021176470588,10.589549608296,5.59290641741272,5.78934147290896,740,47.7647058823529,57.4324324324324,84.7841891891892,2161.43648648649,1.08878378378378,0.989,0.993,Cole Ragans,-0.004,42.1717994649402
621249,2021,"Underwood Jr., Duane",148,13.5011897091198,47.6641891891892,6.26276772055073,5.48980435225297,6.80797715885721,321,34.2105263157895,47.3520249221184,87.7894080996885,1608.65420560748,-0.385981308411215,0.923,0.918,Duane Underwood Jr.,0.005,28.7207219635365
548389,2021,"Stripling, Ross",114,21.9745383279949,63.0666666666667,8.7349968343443,5.30975581934499,5.7505527704054,256,33.5526315789474,59.375,83.1390625,1674.76953125,2.759765625,0.913,0.937,Ross Stripling,-0.024,28.2428757596024
663567,2024,"Lambert, Peter",141,22.2089574940534,51.7276595744681,7.67238841785314,5.13638096900809,7.05173580857573,260,37.5886524822695,54.2307692307692,87.0003846153846,1462.22692307692,-0.0503846153846156,0.988,0.983,Peter Lambert,0.005,32.4522715132614
642545,2023,"Barria, Jaime",82,32.8691101760394,47.7987804878049,8.51987087517935,4.71558309585661,4.07930928106808,190,34.9397590361446,43.6842105263158,84.6205263157895,1536.26344086022,0.650526315789474,0.993,0.915,Jaime Barria,0.078,30.224175940288
656222,2024,"Beeks, Jalen",124,21.3073061066054,46.8104838709678,5.52155848612609,4.61981569681252,4.92081366908631,304,41.7322834645669,41.7763157894737,88.9098684210526,2028.68227424749,-1.22565789473684,0.928,0.945,Jalen Beeks,-0.017,37.1124677677544
669330,2026,"Wells, Tyler",114,15.378544274073,50.559649122807,6.3432341723875,4.55583257937977,4.96794231785933,186,33.9130434782609,61.8279569892473,87.1440860215054,2205.75268817204,2.2010752688172,0.956,0.93,Tyler Wells,0.026,29.3572108988811
666214,2024,"Wentz, Joey",94,19.6623822518936,49.7063829787234,7.79331714979294,4.26580054566446,4.34263485087355,234,40.4255319148936,40.1709401709402,85.7192307692308,2042.37606837607,-1.31709401709402,0.981,0.949,Joey Wentz,0.032,36.1597313692292
668674,2023,"Erceg, Lucas",98,16.4557913561526,44.1510204081633,7.55714285714286,4.13469356994921,4.74580544445159,233,38.3838383838384,42.4892703862661,90.2690987124464,1921.93103448276,0.592703862660944,0.942,0.97,Lucas Erceg,-0.028,34.2491448138892
663567,2023,"Lambert, Peter",150,21.287894654168,48.9486666666667,6.92292879256966,4.12650091078599,5.94106180941849,290,32.4503311258278,52.0689655172414,86.2468965517241,1506.68881118881,-2.03965517241379,0.985,0.974,Peter Lambert,0.011,28.3238302150418
623167,2023,"Flexen, Chris",125,25.5090671406067,65.776,10.9115838664812,4.11521106149435,4.31937094717083,281,39.6825396825397,44.8398576512456,81.0092526690391,1300.40714285714,0.0466192170818511,0.978,0.902,Chris Flexen,0.076,35.5673286210453
676282,2026,"Cantillo, Joey",251,20.1539318277848,50.2900398406375,11.4165460252015,3.97800689424128,4.655917730707,512,41.0358565737052,49.0234375,80.7216796875,1446.439453125,-0.282031249999999,0.992,0.982,Joey Cantillo,0.01,37.0578496794639
543548,2020,"Milone, Tommy",131,23.5825989942593,44.6007633587786,7.04893331985239,3.92852661320454,4.53608537861462,272,37.2670807453416,59.1911764705882,78.9419117647059,1677.24719101124,-2.37132352941177,0.979,0.974,Tommy Milone,0.005,33.3385541321371
666120,2020,"Anderson, Ian",63,18.0462468534096,63.8793650793651,6.62455579246624,3.62196162628803,5.91909041908192,176,39.7727272727273,50,87.4409090909091,1747.56896551724,2.21534090909091,0.982,0.996,Ian Anderson,-0.014,36.1507656464392
670329,2025,"Garcia, Rico",67,23.1540378523469,46.6134328358209,9.03273244168767,3.56563299220028,5.53769379662342,129,35.8208955223881,51.937984496124,86.4682170542636,2290.25581395349,0.796899224806202,0.985,0.993,Rico Garcia,-0.008,32.2552625301878
656222,2025,"Beeks, Jalen",165,19.5830181122081,46.5709090909091,5.44339015151515,3.37656748149091,3.45706675168719,345,35.1515151515152,47.8260869565218,88.8269565217391,2133.68985507246,3.04,0.918,0.939,Jalen Beeks,-0.021,31.7749476700242
656641,2025,"Latz, Jacob",167,25.5219581594729,47.1520958083832,9.50071419205385,3.36616159149637,5.07859153156485,324,41.0404624277457,53.3950617283951,84.7055555555556,1981.74203821656,-1.29969135802469,0.97,0.98,Jacob Latz,-0.01,37.6743008362493
664353,2023,"Urquidy, José",142,33.246151815934,50.4816901408451,6.98778893456433,3.25391005882221,4.84865166052416,237,35.2112676056338,59.915611814346,86.0957805907173,2099.71729957806,2.4042194092827,0.985,0.988,José Urquidy,-0.003,31.9573575468116
542881,2023,"Anderson, Tyler",409,21.1492563657819,54.620293398533,9.92220048899756,3.20553883939321,3.21116845086634,823,39.7560975609756,49.8177399756987,80.0037667071689,1861.82460414129,0.345321992709598,0.986,0.971,Tyler Anderson,0.015,36.5505587215824
502042,2022,"Archer, Chris",138,16.7988266268717,48.8275362318841,5.95986325019309,2.93527788551804,3.48506076532427,263,35.5072463768116,52.4714828897339,86.9908745247148,1704.51330798479,0.365779467680608,0.96,0.965,Chris Archer,-0.005,32.5719684912936
666745,2024,"Brito, Jhony",120,10.4515191059148,55.7558333333333,6.55526539278132,2.91827314097189,6.17663872714997,216,26.6666666666667,55.5555555555556,89.8111111111111,1760.37037037037,1.2625,0.98,0.948,Jhony Brito,0.032,23.7483935256948
527048,2024,"Pérez, Martín",270,12.3852107460566,46.3833333333333,8.13326797385621,2.90574792958734,4.22585191553909,501,34.0740740740741,53.8922155688623,83.3506986027944,1671.84031936128,-1.11077844311377,0.993,0.969,Martín Pérez,0.024,31.1683261444867
527048,2020,"Pérez, Martín",124,5.48702586921733,47.7427419354839,8.80012406947891,2.72977438358507,4.45649274142305,266,32,56.390977443609,83.6567669172933,1703.6954887218,-0.585338345864662,0.996,0.965,Martín Pérez,0.031,29.2702256164149
605483,2023,"Snell, Blake",303,23.3047303178417,54.0237623762376,8.86835221533849,2.71833929116435,3.23582108878659,584,46.7948717948718,53.4246575342466,86.7344178082192,1795.58219178082,2.38715753424658,0.985,0.924,Blake Snell,0.061,44.0765325037075
519043,2021,"Moore, Matt",127,27.134743624174,48.6330708661417,9.81792424461793,2.62290772950183,3.34042269834381,243,36.4341085271318,53.0864197530864,82.579012345679,1842.86419753086,-0.891769547325104,0.984,0.983,Matt Moore,0.001,33.81120079763
656793,2022,"Nelson, Nick",161,40.6439354341618,44.7683229813665,8.27739495798319,2.52961577442926,3.51756814329932,350,34.1614906832298,46,87.9251428571429,1916.35714285714,-1.65714285714286,0.974,0.956,Nick Nelson,0.018,31.6318749088006
689672,2024,"Thorpe, Drew",140,19.5566175737541,51.6878571428572,9.3678078817734,2.5279202153573,2.99166172564422,256,37.8571428571429,54.6875,81.613671875,2113.59765625,2.102734375,0.978,0.909,Drew Thorpe,0.069,35.3292226417856
666120,2022,"Anderson, Ian",374,15.3880650495915,58.4256684491979,5.76416000533648,2.48699407944538,4.97126107701607,669,36.5333333333333,56.0538116591928,88.1862481315396,1518.55255255255,0.546337817638266,0.975,0.99,Ian Anderson,-0.015,34.046339253888
676272,2024,"Miller, Bobby",83,31.0585391379083,46.5686746987952,11.2103670495937,2.18265034051932,4.57960109207476,210,40.9638554216868,39.5238095238095,86.4061904761905,2248.00952380952,-0.0376190476190471,0.975,0.985,Bobby Miller,-0.01,38.7812050811674
641582,2020,"Foster, Matt",69,20.4098400774216,52.972463768116,10.0465514230836,1.93801844475684,2.53383573506132,146,34.1463414634146,56.1643835616438,83.7958904109589,1755.19178082192,2.68493150684931,0.97,0.974,Matt Foster,-0.004,32.2083230186578
518633,2021,"Duffy, Danny",67,31.831497974941,51.6791044776119,8.30648839137646,1.84972093940898,2.38324754353321,155,37.3134328358209,43.2258064516129,85.1722580645161,2292.56129032258,0.92258064516129,0.923,0.967,Danny Duffy,-0.044,35.4637118964119
608337,2020,"Giolito, Lucas",215,18.8135033149128,57.0227906976744,13.0421786228316,1.78853948762546,1.87467902152855,409,41.4225941422594,58.4352078239609,80.8853300733497,1410.19117647059,1.16528117359413,0.99,0.994,Lucas Giolito,-0.004,39.634054654634
829272,2025,"Ogasawara, Shinnosuke",79,17.9700717063109,46.8860759493671,10.0905378534362,1.7602708767076,2.45832183639504,150,27.8481012658228,52.6666666666667,80.6533333333333,1589.66666666667,-1.036,0.96,0.915,Shinnosuke Ogasawara,0.045,26.0878303891152
542881,2025,"Anderson, Tyler",413,19.1477674467656,59.1917675544794,10.5533977024723,1.70820087747112,1.53989185600257,795,38.4615384615385,52.3270440251572,78.6755974842767,1916.38113207547,-0.0335849056603767,0.945,0.992,Tyler Anderson,-0.047,36.7533375840674
694363,2023,"Shuster, Jared",95,9.78310620308844,47.1421052631579,9.29568115539508,1.64781733226511,2.46015284086959,199,33.3333333333333,48.2412060301508,82.1949748743719,1513.29292929293,-2.18241206030151,0.976,0.933,Jared Shuster,0.043,31.6855160010682
672282,2026,"Detmers, Reid",96,13.9225350164186,44.0333333333333,10.528430975522,1.576826907337,1.51890161327178,203,33.3333333333333,47.2906403940887,83.6512315270936,1641.039408867,-0.900985221674876,0.957,0.984,Reid Detmers,-0.027,31.7565064259963
608337,2022,"Giolito, Lucas",354,19.6629969341185,56.1392655367232,11.6190368788647,1.41960652266667,1.41511679382331,672,37.8531073446328,52.6785714285714,81.0522321428571,1443.68107302534,-0.136755952380953,0.981,0.985,Lucas Giolito,-0.004,36.4335008219661
664199,2023,"Clarke, Taylor",79,32.4120365930176,47.0556962025316,5.67150673744385,1.29894179261154,3.04157540748339,164,31.6455696202532,48.1707317073171,89.0615853658537,1582.89634146341,-2.85609756097561,0.955,0.9,Taylor Clarke,0.055,30.3466278276416
669330,2023,"Wells, Tyler",189,15.5429704605008,49.0830687830688,7.1551902769476,1.28213470440444,1.19845608928713,353,32.8042328042328,53.5410764872521,85.3764872521247,2251.80736543909,0.552124645892352,0.943,0.926,Tyler Wells,0.017,31.5220980998284
519043,2024,"Moore, Matt",142,32.2093556864586,45.656338028169,9.93867467097668,1.27216768289608,1.36244284915236,271,32.3943661971831,52.3985239852399,82.7686346863469,1923.85977859779,-1.63690036900369,0.976,0.981,Matt Moore,-0.005,31.122198514287
665795,2023,"Cabrera, Edward",300,10.8410424915847,46.087,3.18135496957404,1.24309045333831,1.58533306866568,565,36.3036303630363,53.6283185840708,92.9391150442478,1700.19464285714,0.658938053097346,0.957,0.922,Edward Cabrera,0.035,35.060539909698
596295,2021,"Gomber, Austin",177,33.2164778652428,58.6853107344633,8.40316024039435,1.23142019499963,2.49314391149659,360,31.3186813186813,50.5555555555556,83.1044444444444,1654.72625698324,1.37083333333333,0.963,0.995,Austin Gomber,-0.032,30.0872611236817
605488,2022,"Springs, Jeffrey",428,12.3538496272059,47.3864485981309,10.3098862179663,1.19085167395247,2.09363063584477,731,38.1944444444444,59.0971272229822,81.133926128591,1415.02469135802,1.05362517099863,0.975,0.988,Jeffrey Springs,-0.013,37.003592770492
702070,2026,"Cameron, Noah",180,20.4494235839088,48.185,11.5668428970557,1.0730079081262,0.22413304493188,409,33.6683417085427,48.6552567237164,80.9652811735941,1643.47512437811,0.601466992665037,0.978,0.906,Noah Cameron,0.072,32.5953338004165
669330,2022,"Wells, Tyler",169,13.7245091849136,50.6704142011834,6.79740628288509,0.795350024162416,1.31513225261472,303,33.1360946745562,55.7755775577558,86.6805280528053,2097.77227722772,1.03102310231023,0.96,0.961,Tyler Wells,-0.001,32.3407446503938
669212,2023,"Morgan, Eli",213,49.7218031784781,48.0535211267606,13.9130498862893,0.710466047875919,0.660454727571008,377,30.8411214953271,56.763925729443,78.5846153846154,2039.26595744681,0.873740053050398,0.925,0.971,Eli Morgan,-0.046,30.1306554474512
542881,2020,"Anderson, Tyler",126,20.2175502073477,50.9952380952381,9.23597030209933,0.558744827461904,0.24137851750225,315,32.2981366459627,51.1111111111111,80.9031746031746,1987.62258064516,0.772698412698412,0.961,0.993,Tyler Anderson,-0.032,31.7393918185008
519043,2023,"Moore, Matt",147,32.1654099482279,46.243537414966,9.86319693706629,0.552031303088401,0.724430244801521,260,32.4324324324324,56.9230769230769,84.1919230769231,2017.48837209302,2.95230769230769,0.974,0.98,Matt Moore,-0.006,31.880401129344
663776,2024,"Sandoval, Patrick",212,36.5271660854506,50.0844339622642,10.7933757178015,0.538610848633574,2.54301237682532,409,38.9671361502347,52.078239608802,82.9139364303179,1698.99511002445,0.459413202933985,0.981,0.939,Patrick Sandoval,0.042,38.4285253016012
675911,2023,"Strider, Spencer",97,20.307688199004,44.2041237113402,10.201801018507,0.360664141909088,1.00832842914534,225,44.4444444444444,44,87.0253333333333,2257.30666666667,1.07066666666667,0.977,0.965,Spencer Strider,0.012,44.0837803025354
623167,2022,"Flexen, Chris",151,25.2692504559369,62.8596026490066,10.6983973981287,0.331443967361832,-0.0437048677185075,339,32.8947368421053,44.8377581120944,81.0525073746313,1305.91740412979,0.44542772861357,0.989,0.916,Chris Flexen,0.073,32.5632928747434
608337,2021,"Giolito, Lucas",530,19.2915750807994,55.6892452830189,12.3226607683285,0.260703575022089,0.405495211103499,944,35.4359925788497,57.0974576271187,81.5027542372881,1491.65319148936,1.06260593220339,0.987,0.993,Lucas Giolito,-0.006,35.1752890038276
665795,2022,"Cabrera, Edward",215,8.97505869102719,44.5846511627907,3.48700545506747,0.159437561353137,0.164770903821976,392,33.0232558139535,54.8469387755102,92.4382653061224,1679.22959183673,1.5469387755102,0.971,0.933,Edward Cabrera,0.038,32.8638182526004
680739,2022,"Winder, Josh",86,16.1360066010549,53.4325581395349,5.21425730541899,0.145332834267005,0.561751035493011,151,30.2325581395349,56.953642384106,88.905298013245,1510.22516556291,-0.00463576158940368,0.989,0.983,Josh Winder,0.006,30.0872253052679
669854,2024,"Blanco, Ronel",291,31.6252708101004,46.385910652921,8.19249328186837,0.0699147378232839,0.590838880343696,608,34.2948717948718,51.3157894736842,85.1972039473684,1484.86677631579,-0.213815789473684,0.968,0.986,Ronel Blanco,-0.018,34.2249570570485
689017,2024,"Knack, Landon",70,17.6199062986306,52.6028571428572,9.43770676691729,0.0311273632897491,0.119190918591705,167,27.1428571428571,41.9161676646707,84.1826347305389,1722.33532934132,-1.09461077844311,0.983,0.98,Landon Knack,0.003,27.1117297795674
623167,2024,"Flexen, Chris",211,23.3178810266286,67.4104265402844,9.95905815960332,-0.0908988538801131,1.27839260701656,440,37.914691943128,47.9545454545455,81.3213636363637,1319.39318181818,-1.56227272727273,0.985,0.917,Chris Flexen,0.068,38.0055907970081
527048,2021,"Pérez, Martín",237,7.50734360616586,47.8704641350211,8.61023688218919,-0.180654569889351,1.95995672878754,446,32.5102880658436,54.4843049327354,84.8040358744395,1697.16629213483,-0.718161434977579,0.994,0.973,Martín Pérez,0.021,32.690942635733
656578,2023,"Jackson, Andre",195,34.3955610904949,51.2507692307692,7.98128320110383,-0.250548249456574,2.72224357132638,320,29.7435897435897,60.9375,86.9484375,1766.45454545455,-1.53125,0.923,0.995,Andre Jackson,-0.072,29.9941379930463
672282,2024,"Detmers, Reid",116,7.65783404908727,45.9068965517241,9.11730407523511,-0.253152934299301,-0.697121640484627,220,31.8965517241379,52.7272727272727,84.6545454545455,1522.30909090909,-1.09727272727273,0.927,0.99,Reid Detmers,-0.063,32.1497046584372
656641,2024,"Latz, Jacob",108,24.9083449191062,48.9648148148148,8.9922056384743,-0.32085620272881,0.589446097464893,185,38.8888888888889,58.3783783783784,85.9335135135135,2024.7027027027,0.697837837837838,0.973,0.96,Jacob Latz,0.013,39.2097450916177
607231,2021,"Gant, John",198,18.9424535785911,48.6383838383839,11.7729855810008,-0.359655151227726,0.839675616044418,444,37.5,45.0450450450451,80.1367117117117,1482.16027088036,-1.35135135135135,0.964,0.968,John Gant,-0.004,37.8596551512277
548389,2022,"Stripling, Ross",352,21.1290976648461,63.0309659090909,9.23150197628459,-0.372586156204907,-0.14324866030613,553,33.9943342776204,63.8336347197107,82.5502712477396,1679.63224637681,0.571609403254973,0.916,0.942,Ross Stripling,-0.026,34.3669204338253
605488,2026,"Springs, Jeffrey",229,20.0167648138502,47.0960698689956,11.8749362824653,-0.48432208173856,-0.0859332151712134,415,38.8646288209607,55.1807228915663,79.5195180722892,1384.76626506024,-1.67614457831325,0.956,0.996,Jeffrey Springs,-0.04,39.3489509026993
694813,2024,"Stone, Gavin",312,25.5191226735701,46.6416666666667,7.50017608065184,-0.668042275242475,2.07171882972088,574,37.1794871794872,54.3554006968641,87.466724738676,1665.06620209059,0.828745644599303,0.985,0.951,Gavin Stone,0.034,37.8475294547297
434671,2022,"Sánchez, Aníbal",182,27.789177221421,47.3532967032967,10.2271403015589,-0.677235056816551,-1.1731448733403,315,26.9230769230769,57.7777777777778,79.8936507936508,1470.47936507937,-0.596825396825396,0.942,0.905,Aníbal Sánchez,0.037,27.6003119798935
605182,2023,"Clevinger, Mike",126,22.3380296184485,47.202380952381,8.34492878722486,-0.76907028290531,0.847499035059232,268,29.3233082706767,49.6268656716418,86.0440298507463,1525.51865671642,1.76567164179104,0.986,0.953,Mike Clevinger,0.033,30.092378553582
674003,2024,"Bradford, Cody",157,25.4976873552884,51.8573248407643,8.92281083320388,-0.818600818929513,-1.18368304439787,321,33.7579617834395,48.9096573208723,80.888785046729,1787.07165109034,1.0202492211838,0.997,0.991,Cody Bradford,0.006,34.576562602369
669194,2023,"Nelson, Ryne",136,39.9413260320434,44.0551470588235,10.9751083169043,-0.826018359266057,-0.405087705618631,313,31.1594202898551,44.0894568690096,83.3354632587859,1713.18849840256,-0.0182108626198083,0.994,0.958,Ryne Nelson,0.036,31.9854386491211
670046,2024,"Rosenberg, Kenny",69,14.4376357025133,45.863768115942,9.11115794143745,-0.885484640068899,-1.85165449433662,132,28.9855072463768,52.2727272727273,81.0954545454545,1640.48484848485,0.459090909090909,0.954,0.988,Kenny Rosenberg,-0.034,29.8709918864457
680739,2023,"Winder, Josh",76,26.2332409286454,45.8039473684211,5.56078563196312,-0.889278719240643,0.713314611750161,139,25,54.6762589928058,89.0230215827338,1305.18705035971,-0.537410071942446,0.937,0.949,Josh Winder,-0.012,25.8892787192406
666120,2021,"Anderson, Ian",332,14.5334170720958,63.1012048192771,6.56762664693863,-0.916816777316015,2.19852311849111,684,34.8773841961853,53.6549707602339,88.0711988304094,1646.19236417034,1.17543859649123,0.986,0.996,Ian Anderson,-0.01,35.7942009735013
608716,2021,"Steckenrider, Drew",77,19.47688256518,51.9116883116883,6.32750392022837,-0.93479544147595,0.331210395807182,159,28.75,50.314465408805,87.6044025157233,1675.51572327044,2.66729559748428,0.979,0.971,Drew Steckenrider,0.008,29.684795441476
608337,2023,"Giolito, Lucas",471,20.7669686892411,50.3458598726115,12.1793997991279,-0.962802149079467,-2.13705866877569,902,35.244161358811,52.2172949002217,80.9272727272727,1546.84666666667,0.0541019955654096,0.98,0.98,Lucas Giolito,0,36.2069635078905
676272,2023,"Miller, Bobby",143,29.2858581998721,45.2573426573427,11.0519813519813,-1.1330925602918,0.183586233919755,314,39.8601398601399,45.5414012738854,88.2006369426752,2289.87261146497,0.526114649681529,0.969,0.994,Bobby Miller,-0.025,40.9932324204317
674003,2023,"Bradford, Cody",116,27.6184983083673,48.926724137931,8.23349405805572,-1.16985598048637,-1.95057687979147,270,33.8983050847458,43.7037037037037,82.1062962962963,1900.9037037037,0.918518518518519,0.992,0.994,Cody Bradford,-0.002,35.0681610652321
434378,2025,"Verlander, Justin",101,21.2287565822883,51.6356435643564,8.96191385636025,-1.19100193698559,-0.800707388676207,222,28.7128712871287,45.4954954954955,84.6788288288288,1728.88738738739,1.05720720720721,0.941,0.965,Justin Verlander,-0.024,29.9038732241143
606965,2023,"Devenski, Chris",185,19.4356330288606,44.2021621621622,10.81911001911,-1.21505637253122,-1.67704761152612,350,35.978835978836,54,83.2982857142857,1620.9711815562,1.26942857142857,0.914,0.952,Chris Devenski,-0.038,37.1938923513672
670046,2023,"Rosenberg, Kenny",120,14.819405958346,46.5975,10.0032051282051,-1.24319438883216,-1.25349440322987,204,30,58.8235294117647,80.6269607843137,1544.93137254902,-0.259313725490195,0.99,0.996,Kenny Rosenberg,-0.006,31.2431943888322
663465,2024,"Allard, Kolby",64,26.7065365050557,46.5765625,8.13675847457627,-1.25811967787966,0.398831184695515,106,23.4375,60.377358490566,81.9962264150943,1591.47169811321,1.72169811320755,0.996,0.922,Kolby Allard,0.074,24.6956196778797
542881,2024,"Anderson, Tyler",556,21.1350281984083,62.2784172661871,10.3740373415553,-1.27038565440217,-0.566774774598686,1082,39.3884892086331,51.3863216266174,78.9349353049908,1885.53696857671,1.54547134935305,0.968,0.981,Tyler Anderson,-0.013,40.6588748630353
641582,2021,"Foster, Matt",83,19.0247383976841,57.5698795180723,9.40974928159026,-1.55980928940463,-0.835930032529226,164,28.9156626506024,50.609756097561,84.3292682926829,1725.90243902439,-3.67134146341463,0.964,0.978,Matt Foster,-0.014,30.475471940007
605483,2024,"Snell, Blake",166,24.2922065012344,53.6481927710844,10.4038338494049,-1.65574934931889,-0.872563788852201,311,47.5903614457831,53.3762057877814,85.4710610932476,1815.95498392283,0.787781350482315,0.982,0.937,Blake Snell,0.045,49.246110795102
676440,2026,"Bibee, Tanner",129,8.85342542019532,59.4937984496124,12.7667002171955,-1.72769204034533,0.353881623867241,283,33.3333333333333,45.583038869258,81.0547703180212,1876.02826855124,0.103533568904594,0.929,0.9,Tanner Bibee,0.029,35.0610253736787
542881,2022,"Anderson, Tyler",454,17.5237163659144,49.9687224669604,11.5752922862273,-1.88251838706341,-1.99375327869695,815,36.980306345733,56.0736196319019,79.0311656441718,1847.92392638037,1.7121472392638,0.958,0.99,Tyler Anderson,-0.032,38.8628247327965
686613,2024,"Brown, Hunter",150,21.6069264246493,50.2853333333333,7.55736300692384,-2.03385566450274,-0.800086971763543,362,29.6052631578947,41.9889502762431,88.3527624309392,1462.63276836158,0.806077348066299,0.955,0.915,Hunter Brown,0.04,31.6391188223975
663465,2021,"Allard, Kolby",149,21.6501307989838,45.4718120805369,7.81601889540821,-2.04146170098401,-1.05808028316107,346,24.8322147651007,43.0635838150289,83.606936416185,1606.07514450867,-0.990462427745664,0.99,0.949,Kolby Allard,0.041,26.8736764660847
605483,2025,"Snell, Blake",131,25.5579136463161,52.7267175572519,9.71159862322792,-2.04705861696728,-1.30732569334351,243,43.5114503816794,53.9094650205761,85.4703703703704,1793.12757201646,3.17654320987654,0.985,0.92,Blake Snell,0.065,45.5585089986467
607644,2021,"Means, John",374,22.2131775827957,50.0727272727273,9.45165794568071,-2.15736386473381,-2.97103309401612,634,30.0518134715026,60.8832807570978,83.3921135646688,2255.42744479495,0.553627760252367,0.981,0.972,John Means,0.009,32.2091773362364
666142,2022,"Ragans, Cole",130,18.6290635150382,47.2830769230769,9.8652510511996,-2.25427455681147,-2.94294549040173,235,36.1538461538462,55.3191489361702,82.1872340425532,2210.40425531915,2.31744680851064,0.974,0.992,Cole Ragans,-0.018,38.4081207106576
664353,2022,"Urquidy, José",227,27.9454516778669,51.1409691629956,7.35658675957737,-2.26545147630014,-0.651229491064882,391,27.3127753303965,58.0562659846547,86.0925831202046,2006.39130434783,-0.346547314578005,0.992,0.991,José Urquidy,0.001,29.5782268066966
666745,2023,"Brito, Jhony",252,12.220666895904,51.4361111111111,6.94998837749884,-2.33506432678298,-0.0134416639617365,419,28.1746031746032,60.1431980906921,88.7918854415275,1672.91169451074,0.536992840095464,0.985,0.918,Jhony Brito,0.067,30.5096675013862
676282,2024,"Cantillo, Joey",87,30.8889109096295,53.5367816091954,14.3327635893869,-2.39075638572733,-1.29133236283243,196,43.6781609195402,44.3877551020408,77.8301020408163,1513.21428571429,-0.204081632653061,0.985,0.988,Joey Cantillo,-0.003,46.0689173052676
669674,2022,"Long, Sam",119,25.0161129961483,49.409243697479,10.1668212112431,-2.64295063072557,-2.73637084501009,216,31.6666666666667,55.5555555555556,84.2569444444444,1945.57009345794,-0.816666666666667,0.949,0.975,Sam Long,-0.026,34.3096172973922
606965,2024,"Devenski, Chris",99,21.2373338822982,44.5020202020202,10.3413737373737,-2.69344353981953,-3.86671017401537,253,36.3636363636364,39.1304347826087,82.8367588932806,1697.63241106719,0.788537549407115,0.908,0.963,Chris Devenski,-0.055,39.0570799034559
518633,2020,"Duffy, Danny",60,32.7089030385959,48.46,8.12194214876033,-2.83097686246544,-2.22801588165802,144,35.7142857142857,48.6111111111111,83.8708333333334,2158.47222222222,-0.538194444444445,0.919,0.975,Danny Duffy,-0.056,38.5452625767512
671096,2025,"Abbott, Andrew",286,13.0068955839227,46.0727272727273,7.95959669783897,-3.020520325756,-2.37927641871068,526,25.1748251748252,54.3726235741445,84.8216730038023,1984.03422053232,0.655133079847908,0.95,0.95,Andrew Abbott,0,28.1953455005812
668676,2021,"Plesac, Zach",312,18.9880014661833,49.5910256410257,7.03092742379223,-3.07462297714951,-2.78032441665154,523,21.0191082802548,60.038240917782,85.6732313575526,1597.16443594646,0.214340344168259,0.988,0.993,Zach Plesac,-0.005,24.0937312574043
608650,2025,"Enns, Dietrich",122,41.8679589372119,50.0549180327869,9.31904532304725,-3.10663952327672,-1.81466117474222,219,25.9541984732824,59.8173515981735,84.5881278538813,1084.35748792271,1.43607305936073,0.984,0.96,Dietrich Enns,0.024,29.0608379965592
643361,2023,"Herget, Kevin",86,28.1727965886567,48.3523255813954,8.99368321810182,-3.14067336481992,-2.47430754394466,147,25.5813953488372,58.5034013605442,83.2884353741497,2015.99319727891,-1.64557823129252,0.983,0.942,Kevin Herget,0.041,28.7220687136571
502624,2022,"Anderson, Chase",69,28.1825021126128,44.104347826087,9.26802536231884,-3.17751926861114,-3.57654981225686,133,27.536231884058,51.8796992481203,82.9383458646617,2280.27819548872,2.05864661654135,0.995,0.953,Chase Anderson,0.042,30.7137511526691
650893,2021,"Cabrera, Génesis",103,14.2746108358229,48.7233009708738,7.9088027090801,-3.25006661579281,-1.91885769096834,202,35.2380952380952,51.980198019802,89.7425742574258,1766.31188118812,2.00544554455445,0.989,0.988,Génesis Cabrera,0.001,38.488161853888
527048,2023,"Pérez, Martín",323,10.0241711322528,44.9808049535604,7.51188909774436,-3.28522968845785,-1.8924651031885,588,28.1345565749236,55.6122448979592,84.0896258503402,1679.92674616695,-0.787755102040816,0.994,0.979,Martín Pérez,0.015,31.4197862633814
596295,2025,"Gomber, Austin",94,28.7376732476717,51.6702127659575,8.50362327909888,-3.86521963207546,-3.73988660280699,164,23.4042553191489,57.3170731707317,80.9646341463415,1661.25,2.08963414634146,0.978,0.996,Austin Gomber,-0.018,27.2694749512244
668676,2022,"Plesac, Zach",272,15.7608255359908,48.9040441176471,6.18569418089817,-3.92808726348675,-4.40200551448156,468,16.1764705882353,58.1196581196581,85.6910256410257,1626.24145299145,-0.853846153846155,0.991,0.991,Zach Plesac,0,20.104557851722
656793,2021,"Nelson, Nick",60,35.9469885842413,47.645,7.36342490842491,-3.97232021348012,-2.11859403733343,115,30.6451612903226,53.9130434782609,89.1504347826087,1818.53043478261,0.679130434782609,0.993,0.965,Nick Nelson,0.028,34.6174815038027
596295,2024,"Gomber, Austin",264,29.421082161289,53.1996212121212,9.2498059517672,-4.59904529168525,-3.68132307341135,538,27.2727272727273,51.1152416356877,81.0509293680297,1664.16542750929,0.162267657992567,0.978,0.994,Austin Gomber,-0.016,31.8717725644125
461325,2020,"Clippard, Tyler",67,24.9729478070311,46.7865671641791,11.3414768263943,-4.81948718438895,-5.39808890277915,144,22.3529411764706,59.0277777777778,77.9902777777778,2030.34027777778,4.83402777777778,0.985,0.973,Tyler Clippard,0.012,27.1724283608595
502624,2021,"Anderson, Chase",128,28.3140967622122,48.615625,9.69462053571428,-4.85844557392478,-4.94519958243985,251,26.8115942028986,54.9800796812749,81.9083665338645,2162.04780876494,1.18565737051793,0.996,0.942,Chase Anderson,0.054,31.6700397768233
596295,2022,"Gomber, Austin",196,32.6399725015191,53.4137755102041,8.87642582705453,-4.90685678343804,-4.99206797718951,354,27.0408163265306,55.3672316384181,82.0336158192091,1644.37005649718,0.216101694915256,0.967,0.992,Austin Gomber,-0.025,31.9476731099687
542881,2021,"Anderson, Tyler",346,21.0588901675216,47.0748554913295,9.63039433465484,-4.96490018683926,-4.69759690899401,630,28.5714285714286,55.5555555555556,80.8944444444444,1837.31955484897,-0.504285714285713,0.973,0.984,Tyler Anderson,-0.011,33.5363287582678
669212,2024,"Morgan, Eli",97,48.4022591112184,44.1144329896907,13.1748889770024,-5.0154351001144,-5.62204220268953,153,23.7113402061856,63.3986928104575,78.9104575163399,2147.74509803922,2.16209150326797,0.904,0.983,Eli Morgan,-0.079,28.7267753063
663687,2025,"Harris, Hogan",64,29.2791589295739,47.2609375,11.5047657472613,-5.04284641292012,-4.54146558518847,148,23.4375,43.2432432432432,81.9804054054054,2111.70945945946,4.08040540540541,0.992,0.983,Hogan Harris,0.009,28.4803464129201
608344,2021,"Irvin, Cole",317,16.1167207140563,45.6425867507887,6.5487921185626,-5.06146612467593,-4.84834339937671,579,22.257053291536,55.0949913644214,84.2291882556131,1583.86010362694,0.701036269430052,0.989,0.983,Cole Irvin,0.006,27.318519416212
660604,2026,"Rangel, Alan",92,21.4757658707746,71.4152173913044,12.192238991969,-5.12170511813554,-2.52150135476072,152,36.9565217391304,60.5263157894737,80.6855263157895,2022.02631578947,-1.53552631578947,0.915,0.968,Alan Rangel,-0.053,42.078226857266
669169,2022,"Heasley, Jonathan",179,25.5852825790491,49.5346368715084,8.43168528864059,-5.13785873320326,-4.14104797841362,368,24.5810055865922,48.6413043478261,85.0103260869565,1870.20108695652,-1.51440217391304,0.949,0.986,Jonathan Heasley,-0.037,29.7188643197954
685299,2024,"Gordon, Tanner",77,13.4302171168096,48.2714285714286,8.11863335340156,-5.21294844186098,-4.06558703396092,116,23.3766233766234,66.3793103448276,83.8810344827586,2134.26724137931,-4.17672413793103,0.971,0.992,Tanner Gordon,-0.021,28.5895718184844
656222,2020,"Beeks, Jalen",70,12.7653887043912,49.9985714285714,5.07268907563025,-5.38337866014156,-4.70911448572434,141,29.8850574712644,61.7021276595745,87.9787234042553,1901.78014184397,0.465957446808511,0.907,0.983,Jalen Beeks,-0.076,35.2684361314059
685299,2025,"Gordon, Tanner",155,19.1263203238368,44.8283870967742,9.02241174448863,-5.44872115033299,-4.8719312050555,263,25.8064516129032,58.9353612167301,83.2068441064639,2106.42965779468,-2.12585551330799,0.943,0.993,Tanner Gordon,-0.05,31.2551727632362
686613,2025,"Brown, Hunter",158,23.9097167329011,48.3126582278481,8.54727791082221,-5.46167751516424,-3.70046370427366,356,27.2151898734177,44.3820224719101,88.2005617977528,1501.36516853933,0.575280898876404,0.965,0.95,Hunter Brown,0.015,32.676867388582
434378,2024,"Verlander, Justin",83,22.280731160034,50.6530120481928,9.38769419267683,-6.20408744307117,-6.74005215334267,160,25.3012048192771,51.875,84.001875,1779.49375,-0.319375,0.948,0.963,Justin Verlander,-0.015,31.5052922623483
666661,2026,"Morillo, Juan",76,31.6871876944642,45.4118421052632,6.02911899313502,-6.71955361539082,-5.46556868987859,143,30.2631578947368,53.1468531468532,92.5657342657343,2265.46853146853,2.5034965034965,0.978,0.912,Juan Morillo,0.066,36.9827115101277
623167,2021,"Flexen, Chris",211,21.3016674022476,62.9251184834123,10.0753322388828,-6.74218916480489,-6.91632903035756,431,26.5116279069767,49.8839907192575,82.7032482598608,1325.49187935035,1.45290023201856,0.985,0.92,Chris Flexen,0.065,33.2538170717816
608337,2025,"Giolito, Lucas",296,16.183930219385,51.3631756756757,11.5740673315237,-7.04037238532771,-7.62659085513491,534,26.6891891891892,55.4307116104869,81.6614232209738,1672.66853932584,-0.00449438202247308,0.99,0.995,Lucas Giolito,-0.005,33.7295615745169
641329,2026,"Baker, Bryan",153,20.9290747323977,53.6686274509804,11.2188608776844,-7.15523751656959,-7.06696519551761,303,33.5403726708075,53.1353135313531,85.3412541254126,1850.93729372937,2.19306930693069,0.905,0.97,Bryan Baker,-0.065,40.695610187377
461325,2021,"Clippard, Tyler",66,27.0649504751658,45.8575757575758,10.6136363636364,-7.44083212155132,-8.48762055451566,140,22.3880597014925,47.8571428571429,78.2835714285714,2089.80714285714,-0.927142857142856,0.974,0.963,Tyler Clippard,0.011,29.8288918230439
685299,2026,"Gordon, Tanner",111,17.7917493925188,44.2936936936937,8.19763753114816,-7.81724143494917,-7.51651312152487,202,21.6216216216216,54.950495049505,84.4638613861386,2120.06435643564,-0.908415841584159,0.974,0.982,Tanner Gordon,-0.008,29.4388630565708
669674,2021,"Long, Sam",78,22.6108887406921,57.4602564102564,11.9993900921085,-7.9787813407358,-7.57277138457341,150,29.6296296296296,54,80.386,1894.62416107383,0.976666666666667,0.936,0.984,Sam Long,-0.048,37.6084109703654
605164,2022,"Bundy, Dylan",248,24.2209041488136,53.3290322580645,7.84650460829493,-8.03513643967212,-7.64581566917049,408,18.9516129032258,60.7843137254902,81.1455882352941,1361.22549019608,-1.05343137254902,0.91,0.914,Dylan Bundy,-0.004,26.9867493428979
663465,2025,"Allard, Kolby",110,27.5429488018327,44.4445454545455,8.54138350081795,-8.25460675286472,-6.61692987406222,200,15.4545454545455,55,81.442,1546.62,0.915000000000001,0.994,0.932,Kolby Allard,0.062,23.7091522074102
596295,2023,"Gomber, Austin",201,28.59455525911,53.5268656716418,9.03549643088903,-8.69546969966743,-8.79663742311159,390,19.9004975124378,51.5384615384615,81.6297435897436,1641.9641025641,-0.177179487179487,0.975,0.995,Austin Gomber,-0.02,28.5959672121052
683627,2024,"Molina, Anthony",105,17.004871859129,50.1342857142857,9.68207227555054,-9.044826550877,-7.82380015955615,235,26.1682242990654,45.531914893617,85.3293617021277,1841.27192982456,-0.103829787234043,0.955,0.991,Anthony Molina,-0.036,35.2130508499424
676641,2022,"Sulser, Beau",65,11.8551657604113,45.9907692307692,9.21153846153847,-9.11999923897526,-7.99045791758821,112,23.0769230769231,58.0357142857143,83.675,1471.05357142857,-3.5125,0.951,0.993,Beau Sulser,-0.042,32.1969223158983
607644,2023,"Means, John",77,24.3350127655901,48.1142857142857,10.7610481068228,-9.19407674315373,-11.3756679401955,113,22.0779220779221,68.141592920354,80.9,2132.81415929204,3.41946902654867,0.944,0.973,John Means,-0.029,31.2719988210758
607644,2020,"Means, John",93,20.0346402504519,45.7301075268817,9.01602150537634,-9.69913699946279,-10.1959369288952,184,23.4234234234234,60.3260869565218,84.916847826087,2407.26373626374,0.590760869565216,0.99,0.947,John Means,0.043,33.1225604228862
608337,2026,"Giolito, Lucas",86,19.2072500261688,54.5139534883721,11.765405707322,-9.70459881936545,-10.0699237528774,191,24.4186046511628,45.0261780104712,78.9869109947644,1541.35078534031,-1.64450261780105,0.993,0.992,Lucas Giolito,0.001,34.1232034705282
615698,2021,"Quantrill, Cal",143,15.8119617162526,44.9769230769231,9.36946901678763,-10.5435425009289,-11.4556074270144,313,21.2903225806452,49.520766773163,84.9753993610224,1354.16932907348,-0.0546325878594244,0.973,0.961,Cal Quantrill,0.012,31.8338650815741
605483,2020,"Snell, Blake",65,13.7426300337537,51.7661538461539,7.14562023562023,-10.548952991483,-9.70340390776389,170,31.0810810810811,43.5294117647059,87.9488235294118,1739.4251497006,1.74647058823529,0.984,0.927,Blake Snell,0.057,41.630034072564
689225,2022,"Brieske, Beau",167,20.6851603467276,47.7544910179641,12.4318308588303,-11.4089501315099,-11.6121135671708,285,21.5568862275449,58.5964912280702,81.9694736842105,2218.51929824561,1.88210526315789,0.995,0.929,Beau Brieske,0.066,32.9658363590548
605483,2021,"Snell, Blake",83,18.1136619272836,53.6265060240964,7.23116772532861,-13.807959834674,-12.593727920104,233,24.0963855421687,35.6223175965665,88.3068669527897,1734.12446351931,-3.50987124463519,0.975,0.935,Blake Snell,0.04,37.9043453768426
666159,2021,"Manning, Matt",75,18.1904871683901,51.996,6.15625632377741,-13.9098308931684,-12.5280682654602,177,12,42.3728813559322,87.5175141242938,1395,-0.612994350282485,0.96,0.911,Matt Manning,0.049,25.9098308931684
