pitcher,pitch_type,player_name,n,resid_pp,whiff_pct,gyro_gap,axis_diff,mirror,active_spin,fb_active
650633,ST,"King, Michael",548,4.13657076323821,30.8394160583942,0.295914233576642,152.315060711571,27.6849392884286,0.532828467153285,0.828742700729927
664199,SL,"Clarke, Taylor",335,6.78883584992486,31.044776119403,0.563253731343283,54.5264988792345,125.473501120766,0.329940298507463,0.893194029850746
571945,CU,"Mikolas, Miles",436,6.2434431737261,20.4128440366972,0.092447247706422,173.77127967292,6.22872032708029,0.793860091743119,0.886307339449541
571945,SL,"Mikolas, Miles",929,4.56263176756406,16.3616792249731,0.562608180839612,52.1574979025269,127.842502097473,0.322490850376749,0.885099031216362
668881,SL,"Greene, Hunter",901,5.53445862757054,38.8457269700333,0.537998890122087,89.644158194034,90.355841805966,0.420782463928968,0.958781354051054
664854,SL,"Helsley, Ryan",569,0.536070095114077,43.9367311072056,0.665028119507909,63.6923295942225,116.307670405778,0.230989455184534,0.896017574692443
641729,SL,"Jiménez, Joe",337,4.17293049989714,40.6528189910979,0.614608308605341,83.1727302109244,96.8272697890756,0.324545994065282,0.939154302670623
543859,SL,"Tonkin, Michael",356,-5.4209859061645,23.876404494382,0.624991573033708,163.686185279733,16.3138147202675,0.284247191011236,0.909238764044944
676130,SL,"Buttó, José",271,1.19183405583416,36.90036900369,0.597664206642066,112.257785434099,67.7422145659009,0.180822878228782,0.778487084870849
642397,SL,"Soto, Gregory",503,0.846438967398868,45.1292246520875,0.703900596421471,94.7707789547969,85.2292210452031,0.197198807157058,0.901099403578529
547179,SL,"Lorenzen, Michael",382,-0.541775569275091,24.869109947644,0.755185863874346,129.508567764166,50.4914322358338,0.196942408376963,0.952128272251309
547179,CU,"Lorenzen, Michael",252,-6.43333312425223,24.6031746031746,0.314456349206349,163.678794764564,16.3212052354365,0.62906746031746,0.94352380952381
547179,ST,"Lorenzen, Michael",234,2.05346166861575,23.5042735042735,0.59958547008547,167.488442042892,12.5115579571083,0.348418803418804,0.948004273504274
570632,SL,"Ureña, José",407,2.6922624340288,28.992628992629,0.500670761670762,39.7860645748372,140.213935425163,0.462184275184275,0.962855036855037
670990,ST,"Ramírez, Yohan",335,-2.65398789319844,34.3283582089552,0.269662686567164,168.099942402211,11.9000575977894,0.579423880597015,0.849086567164179
605130,ST,"Barlow, Scott",460,9.00341747142061,37.6086956521739,0.113621739130435,132.337408658713,47.662591341287,0.569584782608696,0.68320652173913
605130,CU,"Barlow, Scott",330,-1.83232286612054,38.1818181818182,0.153272727272727,156.844332559936,23.1556674400637,0.848551515151515,0.695278787878788
686539,SL,"Cronin, Declan",316,-3.6810891455871,27.2151898734177,0.436848101265823,167.000023461081,12.9999765389186,0.294518987341772,0.731367088607595
682052,SL,"Lopez, Jacob",501,1.80585642665513,30.5389221556886,0.444091816367265,153.887692834593,26.1123071654072,0.496778443113773,0.940870259481038
641835,SL,"Mayza, Tim",254,-12.8476474389231,21.6535433070866,0.702326771653543,140.742452544687,39.2575474553133,0.16790157480315,0.870228346456693
687330,ST,"Kelly, Kevin",296,4.36972023915444,26.3513513513514,0.0530844594594595,160.660977518314,19.3390224816857,0.749324324324324,0.802408783783784
643338,SL,"Green, Chad",329,0.605872688750384,27.9635258358663,0.688550151975684,73.4499106745725,106.550089325428,0.240270516717325,0.928820668693009
671737,CU,"Bradley, Taj",273,3.127480043238,31.1355311355311,0.139904761904762,175.183758052295,4.81624194770511,0.820326007326007,0.960230769230769
552640,SL,"Kittredge, Andrew",662,3.78492877762159,37.6132930513595,0.380376132930514,78.2272315219645,101.772768478035,0.339069486404834,0.719445619335348
664299,ST,"Javier, Cristian",260,6.03201767725043,24.2307692307692,0.469626923076923,143.032184440378,36.9678155596216,0.456438461538462,0.926065384615385
641927,ST,"Ober, Bailey",383,2.66101614776913,32.6370757180157,0.43888772845953,152.040751296323,27.9592487036774,0.462605744125326,0.901493472584857
656234,CU,"Bird, Jake",219,5.00145969754264,31.9634703196347,0.113570776255708,173.131038055831,6.86896194416877,0.839009132420091,0.747794520547945
664875,ST,"Lawrence, Justin",444,-4.25630394635644,34.2342342342342,0.267837837837838,172.492441545948,7.50755845405179,0.534614864864865,0.802452702702703
641755,SL,"Kinley, Tyler",1070,6.44671409335931,34.1121495327103,0.561143925233645,44.187787683733,135.812212316267,0.268495327102804,0.829639252336449
681892,ST,"Funderburk, Kody",205,-0.42995627169679,30.2439024390244,0.200614634146341,166.72602881451,13.2739711854903,0.586078048780488,0.786692682926829
669923,KC,"Kirby, George",355,-2.08321331036514,26.1971830985916,0.0870028169014085,175.655774779053,4.34422522094666,0.825938028169014,0.912940845070423
669923,ST,"Kirby, George",932,-9.38102782810986,26.5021459227468,0.419989270386266,172.478250287334,7.52174971266584,0.49349678111588,0.913486051502146
641540,SL,"Dunning, Dane",371,-5.12757038751924,31.266846361186,0.482455525606469,156.932498768626,23.0675012313742,0.310301886792453,0.792757412398922
527048,CU,"Pérez, Martín",221,2.01374054922041,25.3393665158371,0.635402714932127,167.405663168014,12.5943368319855,0.334126696832579,0.969529411764706
663423,ST,"Thornton, Trent",328,-1.79552037073335,23.4756097560976,0.260942073170732,144.948103407698,35.0518965923018,0.503463414634146,0.764405487804878
642546,SL,"Hernández, Jonathan",256,3.36519482979098,36.71875,0.58616015625,95.5531294370302,84.4468705629698,0.3075,0.89366015625
608337,SL,"Giolito, Lucas",449,4.18226620519694,29.1759465478842,0.730378619153675,50.2275681541623,129.772431845838,0.259483296213809,0.989861915367483
680704,SL,"Sandlin, Nick",295,9.65465742285671,40.3389830508475,0.331054237288136,147.145627980443,32.854372019557,0.508545762711864,0.8396
660853,SL,"De Los Santos, Enyel",583,5.98123789100028,38.7650085763293,0.609938250428817,35.3639858326409,144.636014167359,0.30002229845626,0.909960548885077
676684,SL,"Vest, Will",366,-10.2861622886393,33.0601092896175,0.649972677595629,159.880953722253,20.1190462777474,0.261775956284153,0.911748633879781
656638,SL,"Lange, Alex",369,-4.72594180196943,39.2953929539295,0.669073170731707,144.653832354747,35.3461676452528,0.218487804878049,0.887560975609756
677960,ST,"Weathers, Ryan",283,2.58150350742291,39.9293286219081,0.561484098939929,164.191829227175,15.808170772825,0.37926148409894,0.940745583038869
674370,SL,"Bido, Osvaldo",461,3.60233424305112,27.3318872017354,0.622830802603037,151.277366552403,28.7226334475969,0.289143167028199,0.911973969631237
693312,SL,"Nicolas, Kyle",224,0.431678086931667,35.7142857142857,0.663482142857143,71.3762635081424,108.623736491858,0.307111607142857,0.97059375
670280,CU,"Bednar, David",280,9.82025936248693,38.5714285714286,0.326457142857143,164.187969588251,15.8120304117493,0.652703571428571,0.979160714285714
690986,SV,"Harrison, Kyle",468,-5.41544062481763,25.8547008547009,0.568121794871795,166.608028122703,13.3919718772972,0.414852564102564,0.982974358974359
605154,SL,"Brebbia, John",387,-0.880969528142959,22.4806201550388,0.549113695090439,94.8164050413847,85.1835949586154,0.439891472868217,0.989005167958656
573124,ST,"Rogers, Taylor",705,4.48568429573314,29.5035460992908,0.237873758865248,160.260965641425,19.7390343585751,0.651490780141844,0.889364539007092
686752,SL,"Pepiot, Ryan",476,0.739654838602319,25.6302521008403,0.480575630252101,42.336123681478,137.663876318522,0.507653361344538,0.988228991596639
623465,ST,"Phillips, Evan",237,-2.97662647247826,31.6455696202532,0.406210970464135,164.717932563545,15.282067436455,0.523881856540084,0.930092827004219
592767,KC,"Smyly, Drew",442,-3.23078021858697,35.0678733031674,0.614076923076923,142.773208542054,37.226791457946,0.373497737556561,0.987574660633484
605288,SL,"Houser, Adrian",382,-2.07203793467495,21.2041884816754,0.593531413612566,79.5412173627635,100.458782637237,0.330167539267016,0.923698952879581
694037,SL,"Palencia, Daniel",217,5.57439590451013,43.778801843318,0.73321198156682,75.3545667202019,104.645433279798,0.247502304147465,0.980714285714286
676664,ST,"Sears, JP",666,4.91067427278885,22.3723723723724,0.585641141141141,138.80854150471,41.1914584952901,0.381094594594595,0.966735735735736
676664,SL,"Sears, JP",382,2.07508608929117,24.3455497382199,0.675243455497382,125.23696587258,54.7630341274197,0.288020942408377,0.963264397905759
695243,SL,"Miller, Mason",535,-6.22685642716778,50.8411214953271,0.378751401869159,165.061324218467,14.9386757815334,0.521028037383178,0.899779439252337
660761,SL,"Suarez, José",207,0.536416792163927,27.0531400966184,0.583468599033817,115.698028405358,64.3019715946422,0.315367149758454,0.898835748792271
623474,SL,"Herget, Jimmy",295,9.27552141519438,27.1186440677966,0.599722033898305,56.5649445012952,123.435055498705,0.257383050847458,0.857105084745763
623474,ST,"Herget, Jimmy",396,7.53806083018078,30.3030303030303,0.306371212121212,168.953923217735,11.0460767822653,0.556025252525252,0.862396464646465
622491,SL,"Castillo, Luis",908,-1.68589900183848,32.0484581497797,0.76743281938326,120.909690851958,59.0903091480416,0.132569383259912,0.900002202643172
571760,SL,"Heaney, Andrew",713,-4.13087803495698,31.5568022440393,0.799050490883591,134.437053485173,45.5629465148271,0.19550350631136,0.994553997194951
666374,SL,"Brash, Matt",405,-5.3792215813063,38.5185185185185,0.391116049382716,172.943701757637,7.05629824236275,0.466518518518519,0.857634567901235
642100,SL,"Speier, Gabe",280,4.67665282731103,42.5,0.604871428571429,138.45183346984,41.5481665301596,0.316228571428571,0.9211
660825,ST,"Bazardo, Eduard",493,6.05869194512084,26.5720081135903,0.336503042596349,170.466594007856,9.53340599214429,0.573973630831643,0.910476673427992
662253,SL,"Muñoz, Andrés",755,5.20385580267834,48.7417218543046,0.523950993377483,128.252166403045,51.7478335969549,0.374766887417219,0.898717880794702
600917,SL,"Leclerc, José",261,10.1762105142512,43.2950191570881,0.383647509578544,110.312667444829,69.6873325551708,0.41092337164751,0.794570881226054
680694,SL,"Bradish, Kyle",620,-1.87438389248893,34.8387096774194,0.304235483870968,129.825258245273,50.1747417547274,0.399606451612903,0.703841935483871
672335,SV,"Pérez, Cionel",336,-7.51136601053927,29.7619047619048,0.338339285714286,173.674560852992,6.3254391470085,0.505223214285714,0.8435625
657514,CU,"Bernardino, Brennan",394,0.156013867380407,31.7258883248731,0.169098984771574,170.989506859373,9.01049314062677,0.59548730964467,0.764586294416244
670167,ST,"Schreiber, John",370,-5.06350909436619,18.9189189189189,0.147854054054054,170.812032812103,9.18796718789721,0.633705405405405,0.768537837837838
643377,ST,"Jax, Griffin",632,-9.28855085379734,38.9240506329114,0.39220253164557,165.834065473217,14.1659345267834,0.447340189873418,0.839542721518988
573204,CU,"Thielbar, Caleb",248,5.36433556461322,32.6612903225806,0.0866370967741937,166.013302734434,13.9866972655664,0.837491935483871,0.921709677419355
675911,SL,"Strider, Spencer",709,3.22578658945437,47.2496473906911,0.640936530324401,69.6639285347082,110.336071465292,0.3287658674189,0.969702397743301
607179,SL,"Weems, Jordan",221,1.38059054748749,24.8868778280543,0.621384615384615,78.7744348151991,101.225565184801,0.368384615384615,0.989769230769231
572955,CU,"Johnson, Pierce",923,0.423038063727319,26.9772481040087,0.514414951245937,172.98521427633,7.01478572366969,0.434329360780065,0.948744312026002
628452,SL,"Iglesias, Raisel",207,7.36031349354545,37.1980676328502,0.544130434782609,149.898821780167,30.1011782198329,0.324946859903382,0.86907729468599
434378,SL,"Verlander, Justin",669,5.14980934056006,26.9058295964126,0.623445440956652,40.4985447878635,139.501455212136,0.340095665171898,0.96354110612855
434378,CU,"Verlander, Justin",375,9.50481022984609,23.7333333333333,0.278418666666667,168.242479558832,11.7575204411685,0.684698666666667,0.963117333333333
518876,CU,"Kelly, Merrill",260,-2.58123539792045,17.6923076923077,0.204430769230769,171.422416869406,8.57758313059442,0.626092307692308,0.830523076923077
518876,SL,"Kelly, Merrill",313,5.86557502057426,32.5878594249201,0.614105431309904,76.7037841170116,103.296215882988,0.215367412140575,0.829472843450479
664208,CU,"Maton, Phil",510,-3.26465753450299,34.9019607843137,0.249666666666667,157.822386249847,22.177613750153,0.940023529411765,0.690356862745098
664208,ST,"Maton, Phil",245,2.13407850592864,24.8979591836735,0.157889795918367,125.216129685891,54.7838703141088,0.549897959183674,0.677371428571429
573009,CU,"Mantiply, Joe",223,-7.43945296182692,33.6322869955157,0.439264573991031,145.602461444796,34.3975385552039,0.472130044843049,0.911394618834081
650556,SL,"Abreu, Bryan",804,-3.14235878091106,38.681592039801,0.312827114427861,159.033878656689,20.9661213433107,0.548655472636816,0.861482587064677
671212,SL,"Boyle, Joe",341,-2.12916262420123,31.6715542521994,0.480715542521994,107.833752963021,72.1662470369793,0.308938416422287,0.789653958944282
667755,KC,"Soriano, José",717,-8.40477998253302,42.1199442119944,0.198389121338912,157.248973288927,22.751026711073,0.657944211994421,0.856333333333333
571656,SL,"Farmer, Buck",238,7.76381435144633,38.655462184874,0.653159663865546,152.584240360217,27.415759639783,0.259756302521008,0.912915966386555
594902,ST,"Lively, Ben",288,3.29983322211263,25,0.415496527777778,133.483229200905,46.516770799095,0.548944444444444,0.964440972222222
669467,SL,"Pallante, Andre",830,3.82731981629036,30.1204819277108,0.403836144578314,84.3773540160005,95.6226459839996,0.327130120481928,0.730966265060241
594580,ST,"Moll, Sam",294,-2.95085876060309,36.3945578231293,0.218683673469388,166.366803927418,13.6331960725816,0.50265306122449,0.721336734693878
608371,ST,"Sims, Lucas",337,5.80322074781912,30.8605341246291,0.377756676557864,136.932185087398,43.0678149126017,0.494204747774481,0.871961424332344
669461,SL,"Liberatore, Matthew",750,-0.38390410935843,32.9333333333333,0.734894666666667,101.437822369964,78.5621776300364,0.223093333333333,0.957988
664747,SL,"Díaz, Alexis",423,0.825706004685116,28.3687943262411,0.503898345153664,84.4122452178972,95.5877547821027,0.283647754137116,0.78754609929078
669713,ST,"Wesneski, Hayden",300,0.224558654029468,38,0.219,152.373779745084,27.6262202549162,0.600033333333333,0.819033333333333
656730,KC,"Megill, Trevor",369,-14.1502084267903,49.8644986449865,0.556227642276423,167.770577505127,12.2294224948733,0.378577235772358,0.93480487804878
682842,SL,"Uribe, Abner",390,-3.60705232149341,43.5897435897436,0.347317948717949,135.662059427198,44.3379405728019,0.362497435897436,0.709815384615385
592791,CU,"Taillon, Jameson",382,-1.40932952291899,18.848167539267,0.194926701570681,165.585306425498,14.4146935745025,0.729196335078534,0.924123036649215
571948,ST,"Milner, Hoby",360,2.73786402327955,16.3888888888889,0.345663888888889,160.570474396809,19.4295256031913,0.609519444444444,0.955183333333333
592791,ST,"Taillon, Jameson",623,0.888689852194817,29.0529695024077,0.400149277688604,147.426080739574,32.5739192604257,0.522483146067416,0.922632423756019
621383,SL,"Banks, Tanner",584,8.12278015976002,22.2602739726027,0.459375,45.9760493380304,134.02395066197,0.352628424657534,0.812003424657534
472610,ST,"García, Luis",235,5.24699384822056,36.5957446808511,0.292459574468085,142.529170002137,37.4708299978626,0.538570212765957,0.831029787234043
657376,ST,"Schmidt, Clarke",319,-0.598812171333265,30.4075235109718,0.103526645768025,127.508093632563,52.4919063674371,0.483172413793104,0.586699059561129
657376,KC,"Schmidt, Clarke",275,-4.22036670393424,30.5454545454545,0.155032727272727,171.057353091585,8.94264690841535,0.733469090909091,0.607236363636364
679525,CU,"Marsh, Alec",213,1.67118133765706,24.8826291079812,0.154816901408451,175.851311143495,4.14868885650495,0.690821596244132,0.845638497652582
676092,ST,"Snider, Collin",226,-0.626132721532359,23.4513274336283,0.191845132743363,159.243000353021,20.7569996469788,0.628522123893805,0.436676991150443
672582,SL,"Zerpa, Angel",359,-3.07909903018194,19.7771587743733,0.460874651810585,150.078655783836,29.9213442161636,0.456445682451254,0.917320334261838
669711,ST,"Weissert, Greg",214,3.86394983770659,26.1682242990654,0.0689579439252336,150.245621031225,29.7543789687753,0.70007476635514,0.769032710280374
641656,SL,"Hamilton, Ian",449,6.80809888986274,44.3207126948775,0.625305122494432,17.5179179869995,162.482082013,0.301233853006682,0.926538975501114
605280,SL,"Holmes, Clay",272,2.7311163510501,34.1911764705882,0.423224264705882,169.377566227067,10.6224337729326,0.325647058823529,0.748871323529412
605280,ST,"Holmes, Clay",368,-0.913964871502598,29.8913043478261,0.159508152173913,172.687031727415,7.31296827258488,0.59475,0.754258152173913
656731,SL,"Megill, Tylor",284,-4.90995154092137,36.6197183098592,0.497088028169014,145.413134592741,34.5868654072588,0.380637323943662,0.877725352112676
548384,ST,"Raley, Brooks",277,3.02982756450211,23.4657039711191,0.168039711191336,159.296786590931,20.7032134090688,0.548628158844765,0.716667870036101
493603,ST,"Ottavino, Adam",206,1.50766477975949,23.7864077669903,0.124145631067961,156.635532222019,23.3644677779811,0.684514563106796,0.808660194174757
502043,ST,"Gibson, Kyle",442,1.9811061496642,40.0452488687783,0.381714932126697,153.284673988584,26.7153260114164,0.482794117647059,0.864509049773756
676710,ST,"Crawford, Kutter",331,3.70916886660904,24.4712990936556,0.632504531722054,138.427694169216,41.5723058307835,0.349694864048338,0.982199395770393
656427,KC,"Flaherty, Jack",817,-3.97718446563293,39.4124847001224,0.074484700122399,154.14623358593,25.8537664140701,0.786667074663403,0.836432068543452
656427,SL,"Flaherty, Jack",905,0.886624253215924,30.2762430939227,0.39390497237569,89.3108408584377,90.6891591415623,0.439397790055249,0.83330276243094
657097,ST,"Webb, Jacob",273,-5.72513456020156,21.2454212454212,0.404058608058608,173.528341373843,6.4716586261569,0.475117216117216,0.879175824175824
682990,SL,"Priester, Quinn",536,4.00624744874677,31.7164179104478,0.491065298507463,115.732333979057,64.2676660209432,0.29189552238806,0.782960820895522
595345,SL,"Okert, Steven",916,7.50134954870032,33.7336244541485,0.508111353711791,134.58563061611,45.4143693838902,0.400072052401747,0.908183406113537
666277,ST,"Soriano, George",294,-6.74813334739866,31.9727891156463,0.495472789115646,172.709325895076,7.29067410492351,0.325091836734694,0.82056462585034
502085,KC,"Robertson, David",223,-7.31316002671699,28.6995515695067,0.167112107623318,146.03023249312,33.9697675068798,0.650892376681614,0.818004484304933
677053,ST,"Nardi, Andrew",267,1.71129760799689,31.0861423220974,0.573786516853933,140.329022519435,39.6709774805654,0.337842696629214,0.911629213483146
656945,SL,"Scott, Tanner",753,-1.69888837300616,36.9189907038513,0.471701195219123,107.103740905052,72.8962590949478,0.302483399734396,0.774184594953519
693433,SL,"Woo, Bryan",429,-1.13388877564476,26.8065268065268,0.657300699300699,72.5021245658135,107.497875434186,0.246200466200466,0.903501165501165
656271,SL,"Burke, Brock",335,-0.823002013587905,31.3432835820896,0.538701492537314,18.0819472677553,161.918052732245,0.384773134328358,0.923474626865672
519293,SL,"Smith, Will",242,1.38612753426652,28.9256198347107,0.646586776859504,156.996802744598,23.0031972554021,0.268867768595041,0.915454545454545
669212,SL,"Morgan, Eli",225,4.59205215396188,34.2222222222222,0.756688888888889,75.0970164088078,104.902983591192,0.224844444444444,0.981533333333333
675540,SL,"Curry, Xzavion",277,6.1355202047269,21.6606498194946,0.536978339350181,77.1717184820678,102.828281517932,0.433324909747292,0.970303249097473
663941,ST,"Beck, Tristan",294,1.00439338402604,29.2517006802721,0.34891156462585,157.369403566752,22.630596433248,0.628693877551021,0.977605442176871
663941,SL,"Beck, Tristan",211,1.78402416999292,18.957345971564,0.581597156398104,62.2439125632763,117.756087436724,0.395971563981043,0.977568720379147
477132,SL,"Kershaw, Clayton",623,8.83010003523124,26.4847512038523,0.384268057784912,38.0292944224375,141.970705577563,0.462504012841092,0.846772070626003
676254,SL,"Walker, Ryan",692,4.01206160886712,33.9595375722543,0.196443641618497,169.415674668242,10.5843253317578,0.543926300578035,0.740369942196532
675627,SL,"Grove, Michael",291,-2.43584411440886,34.020618556701,0.594773195876289,116.624233456645,63.375766543355,0.308274914089347,0.903048109965636
643511,SL,"Rogers, Tyler",435,2.8642577300481,26.2068965517241,0.118248275862069,152.753110383357,27.2468896166425,0.597885057471264,0.716133333333333
666808,SL,"Doval, Camilo",676,-0.467525253268125,42.8994082840237,0.210448224852071,144.725894401445,35.2741055985546,0.357164201183432,0.567612426035503
663546,KC,"Hjelle, Sean",270,1.173853041183,35.9259259259259,0.237177777777778,173.567079728167,6.43292027183334,0.523555555555556,0.760733333333333
518489,SL,"Brasier, Ryan",227,-0.160218788621498,32.5991189427313,0.56347577092511,100.504863054149,79.495136945851,0.345352422907489,0.908828193832599
681867,ST,"Criswell, Cooper",257,0.75413760991995,20.2334630350195,0.0956731517509727,168.866808070818,11.1331919291818,0.71555252918288,0.810758754863813
605447,SL,"Romano, Jordan",434,2.68623644346666,31.1059907834101,0.691428571428571,129.484310616483,50.5156893835169,0.263361751152074,0.954790322580645
664126,SL,"Fairbanks, Pete",483,5.56053564138527,27.9503105590062,0.411503105590062,143.721740261813,36.2782597381866,0.484287784679089,0.895790890269151
663855,ST,"Hicks, Jordan",402,4.87573731949994,41.5422885572139,0.485708955223881,165.928690257058,14.0713097429421,0.447977611940298,0.933686567164179
668678,KC,"Gallen, Zac",967,-4.82002225235626,33.1954498448811,0.173499482936918,169.769297145414,10.2307028545862,0.672719751809721,0.846219234746639
657044,SL,"Thompson, Ryan",363,1.55191559726871,31.9559228650138,0.0325564738292011,172.376862700247,7.62313729975261,0.733944903581267,0.739674931129477
519151,CU,"Pressly, Ryan",238,-1.40266285899907,30.672268907563,0.0341596638655462,163.131269682669,16.8687303173314,0.693735294117647,0.727894957983193
519151,SL,"Pressly, Ryan",297,0.366707154664449,26.5993265993266,0.431838383838384,63.3134277055557,116.686572294444,0.295784511784512,0.727622895622896
657240,SL,"Merryweather, Julian",255,-0.832606037209821,32.9411764705882,0.687886274509804,164.14193029672,15.8580697032803,0.229905882352941,0.917792156862745
669060,CU,"Wilson, Bryse",216,-1.920359971363,20.3703703703704,0.293032407407408,161.127110257465,18.8728897425354,0.602180555555556,0.895212962962963
657746,SL,"Ryan, Joe",261,1.23847828020077,21.0727969348659,0.674934865900383,37.6446058116315,142.355394188368,0.289402298850575,0.964337164750958
657746,ST,"Ryan, Joe",492,3.95352681843597,33.5365853658537,0.372223577235772,159.669742615668,20.330257384332,0.591357723577236,0.963581300813008
686730,ST,"Spiers, Carson",207,-1.30769627452691,26.5700483091787,0.273405797101449,143.082214374554,36.9177856254462,0.588057971014493,0.861463768115942
607074,SL,"Rodón, Carlos",1018,2.32161710598614,37.1316306483301,0.749821218074656,136.538703246235,43.4612967537647,0.218286836935167,0.968108055009823
681190,ST,"Vásquez, Randy",298,2.16398992410739,21.4765100671141,0.371560402684564,135.659117447723,44.340882552277,0.504244966442953,0.875805369127517
601713,CU,"Pivetta, Nick",536,5.92432387801448,21.0820895522388,0.154350746268657,168.321118625977,11.6788813740232,0.8095,0.963850746268657
601713,ST,"Pivetta, Nick",645,5.09273929874148,34.2635658914729,0.538251162790698,119.107445349672,60.8925546503282,0.429086821705426,0.967337984496124
656302,SL,"Cease, Dylan",1865,-0.696840914829134,43.0563002680965,0.635924396782842,81.6733488457087,98.3266511542913,0.252887935656837,0.888812332439678
656302,KC,"Cease, Dylan",272,-0.550376879672403,28.3088235294118,0.122481617647059,169.136011652648,10.8639883473521,0.769121323529412,0.891602941176471
607259,CU,"Martinez, Nick",221,2.68315894608544,21.2669683257919,0.143859728506787,165.481532286181,14.5184677138194,0.761923076923077,0.905782805429864
623352,SL,"Hader, Josh",456,-5.53918075461136,53.9473684210526,0.83230701754386,126.245984336107,53.7540156638935,0.159543859649123,0.991850877192982
579328,SL,"Kikuchi, Yusei",1115,0.369199511610387,25.5605381165919,0.633653811659193,73.2815959638507,106.718404036149,0.276219730941704,0.909873542600897
579328,CU,"Kikuchi, Yusei",611,-5.19343091003212,25.0409165302782,0.459382978723404,170.458420469571,9.54157953042929,0.450296235679215,0.909679214402619
650644,CU,"Civale, Aaron",582,6.56909211438796,25.7731958762887,0.126768041237114,166.430400624713,13.5695993752873,0.800135738831615,0.926903780068728
641793,SL,"Littell, Zack",1206,5.45241934533428,17.7446102819237,0.45193864013267,17.8572704231184,162.142729576882,0.503460199004975,0.955398839137645
641793,ST,"Littell, Zack",219,-0.043410306844757,17.8082191780822,0.483063926940639,164.636264341783,15.3637356582166,0.471694063926941,0.95475799086758
543351,SL,"Jackson, Jay",220,7.57101059247104,27.7272727272727,0.712145454545455,95.7513604413084,84.2486395586915,0.240172727272727,0.952318181818182
500779,CU,"Quintana, Jose",545,-0.753172864816059,23.6697247706422,0.261022018348624,151.057038156328,28.9429618436724,0.591110091743119,0.852132110091743
500779,SV,"Quintana, Jose",227,0.728957176965073,27.7533039647577,0.312647577092511,144.731181369191,35.2688186308087,0.537493392070485,0.850140969162996
656546,SL,"Hoffman, Jeff",623,-7.46658381307186,44.3017656500803,0.761208667736758,150.151421798937,29.8485782010628,0.215733547351525,0.976942215088282
650911,SL,"Sánchez, Cristopher",754,-1.20736700093743,33.1564986737401,0.640827586206897,154.805463447912,25.1945365520879,0.304485411140584,0.94531299734748
666214,CU,"Wentz, Joey",268,-2.07232501347601,29.4776119402985,0.321268656716418,162.265053541744,17.7349464582561,0.617194029850746,0.938462686567164
615698,CU,"Quantrill, Cal",312,2.55116366638382,23.0769230769231,0.583525641025641,159.400124642325,20.599875357675,0.405285256410256,0.988810897435897
663947,ST,"Holton, Tyler",265,10.0374710157086,41.5094339622642,0.332305660377359,152.06870458605,27.9312954139498,0.51613962264151,0.848445283018868
625643,SL,"López, Reynaldo",511,5.86642237754437,39.5303326810176,0.63900782778865,105.967813149295,74.0321868507047,0.341954990215264,0.980962818003914
661403,SL,"Clase, Emmanuel",309,-8.24331059279836,31.7152103559871,0.240084142394822,103.414268299724,76.5857317002759,0.38252427184466,0.622608414239482
641712,SL,"Hudson, Dakota",335,0.589698891372583,32.5373134328358,0.63949552238806,110.955348525068,69.044651474932,0.120686567164179,0.760182089552239
669203,CU,"Burnes, Corbin",438,-3.90762294870918,40.4109589041096,0.0307534246575343,154.869216897924,25.1307831020756,0.737068493150685,0.720780821917808
669302,SL,"Gilbert, Logan",1341,0.830791591736554,33.4079045488441,0.77892990305742,126.121870047755,53.8781299522453,0.181871737509321,0.960801640566741
656756,CU,"Montgomery, Jordan",378,-1.85412371781639,35.4497354497355,0.225962962962963,174.869887055128,5.13011294487248,0.581677248677249,0.807640211640212
665795,SL,"Cabrera, Edward",319,7.86508140860811,37.9310344827586,0.689235109717868,74.8778931279321,105.122106872068,0.241307210031348,0.930542319749216
665795,CU,"Cabrera, Edward",482,0.898175054085884,39.0041493775934,0.264095435684647,173.446526264146,6.55347373585355,0.666101659751037,0.930197095435685
621366,SL,"Borucki, Ryan",310,7.16857574890456,35.1612903225807,0.732793548387097,55.1346275439696,124.86537245603,0.210470967741935,0.943264516129032
669387,ST,"Mlodzinski, Carmen",234,-1.8680797597248,25.2136752136752,0.466790598290598,160.233080566613,19.7669194333873,0.44708547008547,0.913876068376068
573186,SV,"Stroman, Marcus",224,-3.59744704120658,23.6607142857143,0.0703482142857142,161.640829944675,18.3591700553248,0.570361607142857,0.640709821428572
543243,ST,"Gray, Sonny",928,-12.3333435553905,41.0560344827586,0.0195237068965517,157.11597954932,22.8840204506796,0.59428125,0.613804956896551
665622,SL,"Medina, Luis",256,7.34677801622995,37.109375,0.58038671875,128.497561512282,51.502438487718,0.262921875,0.84330859375
543243,CU,"Gray, Sonny",495,-0.922771185484955,29.2929292929293,0.29819797979798,171.434517376096,8.56548262390449,0.906151515151515,0.607953535353535
628317,SL,"Maeda, Kenta",322,-0.652382357892795,22.360248447205,0.672062111801242,123.228968309829,56.7710316901715,0.193304347826087,0.865366459627329
668674,SL,"Erceg, Lucas",368,-6.71167338333464,32.0652173913043,0.718054347826087,161.34069810058,18.6593018994197,0.261758152173913,0.9798125
686973,SL,"Varland, Louis",221,2.10706703906803,25.7918552036199,0.562923076923077,37.6502938878936,142.349706112106,0.373352941176471,0.936276018099548
666142,SL,"Ragans, Cole",397,-9.70646384203702,35.5163727959698,0.800841309823678,133.89520645358,46.1047935464198,0.185916876574307,0.986758186397985
519242,SL,"Sale, Chris",1466,-2.59595651991762,38.5402455661664,0.34149727148704,161.92477960935,18.0752203906497,0.608892905866303,0.950390177353343
665152,CU,"Kremer, Dean",324,-0.440297643389016,19.7530864197531,0.293895061728395,172.950329020268,7.04967097973233,0.683052469135803,0.976947530864198
605135,ST,"Bassitt, Chris",278,5.43382009034061,44.2446043165468,0.0609964028776978,152.72193779334,27.2780622066602,0.831424460431655,0.794003597122302
605135,CU,"Bassitt, Chris",558,4.18119530679007,28.673835125448,0.170808243727599,173.735099730678,6.26490026932176,0.956480286738351,0.785672043010753
656849,CU,"Peterson, David",317,-7.86966854602645,29.3375394321767,0.0462902208201893,173.40365784129,6.59634215871017,0.689539432176656,0.733558359621451
666200,SL,"Luzardo, Jesús",375,-7.00223149443268,41.0666666666667,0.849312,85.8466428760298,94.1533571239701,0.121805333333333,0.971117333333333
656849,SL,"Peterson, David",717,-0.242150531951345,34.5885634588564,0.556468619246862,128.239997942313,51.7600020576873,0.178760111576011,0.735228730822874
642232,ST,"Yarbrough, Ryan",492,5.34774391400295,35.5691056910569,0.308315040650407,152.30029418422,27.6997058157802,0.673693089430894,0.982008130081301
623167,CU,"Flexen, Chris",200,7.72715295992149,29.5,0.032295,170.849585629739,9.15041437026098,0.87813,0.910425
608718,SL,"Suter, Brent",223,4.29424917172661,24.6636771300448,0.24709865470852,112.794350101835,67.2056498981653,0.464829596412556,0.711928251121076
686218,SL,"Sheehan, Emmet",511,4.33516187498346,40.7045009784736,0.732334637964775,42.3391862208217,137.660813779178,0.250050880626223,0.982385518590998
683232,SL,"Mears, Nick",372,-1.45578005417281,40.5913978494624,0.743120967741936,132.609267879123,47.3907321208769,0.221370967741936,0.964491935483871
681911,SL,"Vesia, Alex",444,5.78992086377256,35.8108108108108,0.572231981981982,49.2359119087028,130.764088091297,0.413518018018018,0.98575
664285,CU,"Valdez, Framber",1130,-2.59724354981796,37.0796460176991,0.0465495575221239,176.082633039639,3.91736696036112,0.807356637168141,0.787791150442478
682243,SL,"Miller, Bryce",316,3.64573507832823,29.746835443038,0.659148734177215,85.4718094012986,94.5281905987014,0.230683544303797,0.889832278481013
605177,SL,"Chafin, Andrew",359,-9.21072698866514,48.1894150417827,0.668908077994429,164.229011918977,15.7709880810229,0.286462395543176,0.955370473537604
554430,CU,"Wheeler, Zack",348,-10.9539615801123,41.0919540229885,0.182387931034483,169.492839062145,10.5071609378549,0.656471264367816,0.838859195402299
554430,ST,"Wheeler, Zack",492,-3.06295450723323,34.5528455284553,0.41730081300813,160.410568915153,19.5894310848474,0.426837398373984,0.844138211382114
682847,SL,"Ortiz, Luis",551,-4.75342252795508,30.6715063520871,0.653696914700545,155.156546071774,24.843453928226,0.238829401088929,0.892526315789474
621381,SL,"Strahm, Matt",366,-0.216304343055442,28.6885245901639,0.735336065573771,136.501408161312,43.4985918386879,0.242852459016394,0.978188524590164
641154,ST,"López, Pablo",556,-10.807812692635,31.4748201438849,0.29718345323741,168.735801264954,11.2641987350461,0.466931654676259,0.764115107913669
683155,ST,"Estes, Joey",244,5.28704802331389,20.0819672131148,0.391672131147541,139.353199935566,40.646800064434,0.52591393442623,0.91758606557377
641154,CU,"López, Pablo",230,-14.1232369840266,31.304347826087,0.0598130434782608,175.40231021711,4.59768978288997,0.703195652173913,0.763008695652174
573204,ST,"Thielbar, Caleb",224,7.55284660165571,25,0.494504464285714,133.598456426372,46.401543573628,0.420526785714286,0.91503125
661395,KC,"Duran, Jhoan",246,-4.30710535518251,43.4959349593496,0.417565040650406,172.924042594374,7.0759574056261,0.568227642276423,0.985792682926829
543037,KC,"Cole, Gerrit",249,3.70143358280482,25.3012048192771,0.13714859437751,172.772756448183,7.22724355181714,0.797522088353414,0.934670682730924
621244,SV,"Berríos, José",785,-0.73272784631175,28.7898089171975,0.366005095541401,175.15436283604,4.84563716395964,0.561351592356688,0.927356687898089
543037,SL,"Cole, Gerrit",356,3.52157396215164,29.7752808988764,0.664505617977528,76.0965598989531,103.903440101047,0.27664606741573,0.941151685393258
669373,SL,"Skubal, Tarik",529,0.127520716070702,27.4102079395085,0.602017013232514,26.1836189819748,153.816381018025,0.328805293005671,0.930822306238185
670912,SL,"Oviedo, Johan",304,4.21836379186267,30.5921052631579,0.412282894736842,73.6840147021318,106.315985297868,0.371766447368421,0.784049342105263
624133,CU,"Suarez, Ranger",599,-0.939477315984658,32.7212020033389,0.0672086811352253,176.040673507425,3.9593264925748,0.868357262103506,0.801148580968281
571578,SL,"Corbin, Patrick",1185,-0.510950092873381,37.3839662447257,0.666929957805907,130.991746670792,49.0082533292085,0.205030379746836,0.871960337552743
694297,ST,"Pfaadt, Brandon",890,-2.32250184907228,31.9101123595506,0.355323595505618,136.680190027231,43.3198099727689,0.389344943820225,0.744668539325843
694297,CU,"Pfaadt, Brandon",257,-0.35479438266985,28.7937743190662,0.0395408560311285,161.851896263643,18.1481037363574,0.730303501945525,0.74895719844358
621383,ST,"Banks, Tanner",290,5.41924486987436,24.1379310344828,0.428148275862069,132.823475840223,47.1765241597765,0.382310344827586,0.810458620689655
623149,ST,"Sewald, Paul",335,6.50342336894175,27.7611940298507,0.424220895522388,152.584831015825,27.4151689841747,0.359,0.783220895522388
671096,ST,"Abbott, Andrew",822,-0.983029523273087,27.7372262773723,0.559614355231143,138.347428921501,41.6525710784992,0.380113138686131,0.939727493917275
671096,CU,"Abbott, Andrew",369,-3.74213155861579,20.5962059620596,0.441612466124661,155.869299335457,24.1307006645427,0.497338753387534,0.938951219512195
678394,ST,"Bello, Brayan",691,-6.34395861313987,29.3777134587554,0.402573082489146,168.65820811465,11.3417918853505,0.42026483357453,0.822837916063676
607192,CU,"Glasnow, Tyler",401,-10.9502819872924,45.8852867830424,0.0561720698254364,174.084579817271,5.91542018272922,0.740047381546135,0.750643391521197
607192,SL,"Glasnow, Tyler",661,-1.68652996845582,35.5521936459909,0.550747352496218,85.6600523488946,94.3399476511054,0.199676248108926,0.750423600605144
669684,SL,"Murphy, Chris",216,5.08393366551011,23.1481481481482,0.480777777777778,37.6208121128733,142.379187887127,0.425,0.905777777777778
656288,SL,"Canning, Griffin",785,-5.20360560116034,32.484076433121,0.746726114649682,156.60498931831,23.3950106816906,0.204034394904458,0.95076050955414
656288,KC,"Canning, Griffin",223,3.05308650792856,22.8699551569507,0.461439461883408,172.283893195313,7.71610680468699,0.491919282511211,0.953358744394619
608032,SL,"Estévez, Carlos",312,4.09613816961178,21.7948717948718,0.598525641025641,64.3081650840259,115.691834915974,0.391474358974359,0.99
621112,ST,"Blackburn, Paul",263,-2.95461750630783,26.6159695817491,0.243384030418251,163.471881002567,16.5281189974334,0.637703422053232,0.881087452471483
672282,SL,"Detmers, Reid",832,2.04105796202103,32.9326923076923,0.661961538461538,121.817892170725,58.1821078292745,0.326199519230769,0.988161057692308
672282,CU,"Detmers, Reid",315,6.97121333415107,25.7142857142857,0.0918126984126984,174.518391664948,5.48160833505248,0.897549206349206,0.989361904761905
663372,SL,"Feltner, Ryan",421,4.1424346838993,23.2779097387173,0.39446080760095,37.4799821636223,142.520017836378,0.417220902612827,0.811681710213777
680767,SL,"Vodnik, Victor",217,-7.98921000569895,28.110599078341,0.545023041474654,141.00036386485,38.9996361351496,0.351073732718894,0.896096774193548
592773,SL,"Stanek, Ryne",268,3.28250636040018,42.1641791044776,0.770369402985075,134.660629039945,45.3393709600547,0.222761194029851,0.993130597014925
663362,ST,"Waldron, Matt",250,-1.29957381379749,14.8,0.436792,144.209665567968,35.790334432032,0.45966,0.896452
669194,SL,"Nelson, Ryne",407,-4.14122383206866,25.0614250614251,0.624314496314496,91.4164561975871,88.5835438024129,0.358918918918919,0.983233415233415
621107,CU,"Eflin, Zach",462,3.62552664098341,28.5714285714286,0.172709956709957,164.423814169031,15.5761858309691,0.64932683982684,0.822036796536797
621107,ST,"Eflin, Zach",264,8.39814795304653,28.4090909090909,0.265537878787879,159.598161828113,20.4018381718868,0.558344696969697,0.823882575757576
693821,SL,"Elder, Bryce",1001,-3.68997738916281,32.1678321678322,0.591375624375623,146.82074679765,33.1792532023502,0.231721278721278,0.823096903096903
657006,SL,"Steele, Justin",602,-2.90076905370468,27.4086378737542,0.149563122923588,144.455569145306,35.544430854694,0.479800664451827,0.629363787375416
592332,SL,"Gausman, Kevin",293,-1.24848259815927,31.3993174061434,0.785221843003413,61.8113011090444,118.188698890956,0.191453924914676,0.976675767918089
605400,KC,"Nola, Aaron",1348,-5.21265432373005,36.2017804154303,0.129089020771513,170.704703468546,9.29529653145387,0.816433976261128,0.945522997032641
656605,CU,"Keller, Mitch",224,1.62355178169799,29.4642857142857,0.0751785714285714,176.140953766065,3.85904623393456,0.929736607142857,0.854558035714286
656605,ST,"Keller, Mitch",731,-1.29658947422878,24.0766073871409,0.226526675786594,158.369253478311,21.630746521689,0.630340629274966,0.85686730506156
681857,SL,"Olson, Reese",519,6.36037015248906,42.9672447013488,0.539011560693642,152.545718400064,27.4542815999364,0.347751445086705,0.886763005780347
680694,CU,"Bradish, Kyle",383,-6.63314426407971,37.3368146214099,0.0503289817232376,156.417407127812,23.5825928721883,0.73586684073107,0.701647519582246
676395,SL,"Garcia, Robert",271,1.49191162715261,22.140221402214,0.591815498154982,98.7406043358962,81.2593956641038,0.277527675276753,0.869343173431734
607625,CU,"Lugo, Seth",695,2.47063794465626,26.4748201438849,0.0337107913669065,167.634873228784,12.3651267712157,0.827077697841727,0.860788489208633
607625,SL,"Lugo, Seth",308,1.8347663422527,21.1038961038961,0.539058441558442,90.0985477669551,89.9014522330449,0.321665584415584,0.860724025974026
607625,SV,"Lugo, Seth",303,2.11813816852067,22.7722772277228,0.124369636963696,160.071933623661,19.9280663763387,0.726369636963697,0.850739273927393
592426,SL,"Jackson, Luke",558,-2.4448094205378,27.2401433691756,0.560132616487455,170.781376095135,9.2186239048649,0.385241935483871,0.945374551971326
663776,SL,"Sandoval, Patrick",330,1.8483770558233,23.9393939393939,0.549109090909091,87.2774334033885,92.7225665966114,0.386939393939394,0.936048484848485
592351,SL,"Gray, Jon",646,4.53515062923251,31.733746130031,0.605993808049536,52.8630538712379,127.136946128762,0.348399380804953,0.954393188854489
657277,ST,"Webb, Logan",788,-8.34146380750006,24.492385786802,0.27518654822335,172.218546756796,7.78145324320444,0.493902284263959,0.76908883248731
605483,CU,"Snell, Blake",431,-5.28972466880368,47.3317865429234,0.257684454756381,168.317118880747,11.6828811192526,0.671856148491879,0.92954060324826
607481,ST,"Bummer, Aaron",356,2.85596143466982,41.0112359550562,0.109463483146067,175.420078484178,4.57992151582159,0.688536516853933,0.798
693433,ST,"Woo, Bryan",307,1.79420688728271,36.1563517915309,0.470247557003257,155.684914653693,24.3150853463074,0.437469055374593,0.90771661237785
543135,CU,"Eovaldi, Nathan",523,2.99707703677439,39.3881453154876,0.147994263862333,173.494117293698,6.50588270630186,0.807500956022945,0.955495219885277
642547,SL,"Peralta, Freddy",521,6.86864668233175,42.4184261036468,0.549245681381958,125.707114272616,54.2928857273843,0.327992322456814,0.877238003838772
642547,CU,"Peralta, Freddy",450,0.722587923436324,33.5555555555556,0.363011111111111,148.085548169318,31.9144518306821,0.507588888888889,0.8706
686613,KC,"Brown, Hunter",535,-2.07942208468647,32.8971962616822,0.128308411214953,173.070162756725,6.92983724327514,0.806811214953271,0.935119626168224
596001,ST,"Junis, Jakob",633,4.85437190102331,27.4881516587678,0.263766192733017,157.801621475782,22.198378524218,0.488565560821485,0.752331753554502
681190,CU,"Vásquez, Randy",366,-0.0478651028455825,18.5792349726776,0.329846994535519,139.831975526748,40.1680244732518,0.548363387978142,0.878210382513661
656464,SL,"Ginkel, Kevin",591,-4.01542121196347,41.2859560067682,0.631702199661591,158.508304787964,21.4916952120362,0.261429780033841,0.893131979695431
547973,SL,"Chapman, Aroldis",275,-2.7339075484396,40,0.503112727272727,117.134728063838,62.8652719361622,0.400072727272727,0.903185454545454
683175,ST,"Phillips, Connor",237,7.80905639943011,43.4599156118143,0.38604641350211,153.553350495941,26.4466495040588,0.518497890295359,0.904544303797468
663559,SL,"Falter, Bailey",507,1.28086144643404,21.1045364891519,0.362368836291913,34.9491854394147,145.050814560585,0.613755424063116,0.97612426035503
663559,CU,"Falter, Bailey",270,2.23870947422916,22.5925925925926,0.49327037037037,124.370080103368,55.629919896632,0.481585185185185,0.974855555555555
547184,ST,"Kelly, Michael",348,0.407538446492106,18.1034482758621,0.0973620689655171,155.70195394092,24.29804605908,0.680896551724138,0.778258620689655
573186,SL,"Stroman, Marcus",222,-3.97723770833572,22.972972972973,0.34190990990991,131.711647098424,48.2883529015759,0.272166666666667,0.614076576576577
669461,CU,"Liberatore, Matthew",282,3.89607441715412,32.9787234042553,0.0452730496453899,176.498588141745,3.50141185825483,0.915390070921986,0.958946808510638
677944,SL,"Cecconi, Slade",420,0.862379326323244,28.5714285714286,0.696902380952381,146.920098296887,33.079901703113,0.273230952380952,0.970133333333333
677944,CU,"Cecconi, Slade",298,-0.704666322526163,27.5167785234899,0.136020134228188,174.730802286252,5.26919771374834,0.823140939597315,0.959161073825504
450203,CU,"Morton, Charlie",1216,-4.0222080370311,35.1973684210526,0.17746875,175.220143899525,4.77985610047504,0.720155427631579,0.897624177631579
571882,SL,"Law, Derek",279,4.11378792545484,37.9928315412186,0.702767025089606,93.7943830772481,86.2056169227519,0.234114695340502,0.936881720430108
683769,SL,"Gaddis, Hunter",685,7.17081226836372,30.2189781021898,0.465424817518248,56.3696028261582,123.630397173842,0.48407299270073,0.949497810218978
663878,SL,"Pearson, Nate",298,-0.55109681246454,31.2080536912752,0.582946308724832,91.091648350138,88.908351649862,0.367436241610738,0.95038255033557
670059,ST,"Holderman, Colin",389,2.31489213309449,36.7609254498715,0.427560411311054,140.811241313263,39.1887586867367,0.39298971722365,0.820550128534704
608331,CU,"Fried, Max",545,0.708502435659186,36.8807339449541,0.146122935779817,170.421854670096,9.5781453299042,0.887082568807339,0.747036697247706
608331,ST,"Fried, Max",219,2.55793152097726,31.5068493150685,0.153292237442923,151.303373490811,28.6966265091889,0.623150684931507,0.770780821917808
663623,CU,"Irvin, Jake",1064,4.2286783415407,25.4699248120301,0.160936090225564,161.133765871158,18.8662341288422,0.706452067669173,0.867388157894737
691587,SL,"Pérez, Eury",384,0.779044464047338,43.75,0.6600859375,58.5944063491195,121.405593650881,0.2994609375,0.959546875
657508,KC,"Baumann, Mike",219,-10.333672989399,26.4840182648402,0.445237442922374,171.859996984551,8.14000301544887,0.538050228310502,0.983287671232877
668678,SL,"Gallen, Zac",454,2.90923662281991,23.568281938326,0.458528634361234,55.4228987529957,124.577101247004,0.381044052863436,0.83957268722467
669947,SL,"Scholtens, Jesse",253,-4.16474319281453,17.7865612648221,0.561671936758893,51.6867277982584,128.313272201742,0.382280632411067,0.943952569169961
607067,ST,"Rea, Colin",441,0.282774729820595,25.6235827664399,0.269804988662132,152.222179333305,27.7778206666949,0.580140589569161,0.849945578231293
671106,ST,"Allen, Logan",481,2.68516424928049,28.2744282744283,0.34518711018711,139.532193708375,40.4678062916253,0.556607068607069,0.901794178794179
663903,SL,"Singer, Brady",1453,-2.83602580549941,31.3833448038541,0.443482450103234,119.673782994788,60.3262170052116,0.325683413626979,0.769165863730213
668909,CU,"Williams, Gavin",625,0.124256939299876,30.88,0.05908,172.357090717435,7.64290928256453,0.8970848,0.9561648
607536,KC,"Freeland, Kyle",715,-9.24285431943015,33.7062937062937,0.39099020979021,172.339313634011,7.66068636598897,0.482865734265734,0.873855944055944
592866,ST,"Williams, Trevor",261,-0.403834903977281,31.8007662835249,0.125134099616858,123.875621351039,56.124378648961,0.513091954022988,0.638226053639847
665625,SL,"Peguero, Elvis",333,-9.17238675614133,38.7387387387387,0.702072072072072,161.101548040092,18.8984519599075,0.233612612612613,0.935684684684685
694363,SL,"Shuster, Jared",225,4.58346466265844,25.7777777777778,0.667408888888889,33.6537088719149,146.346291128085,0.277662222222222,0.945071111111111
656794,SV,"Newcomb, Sean",294,5.03437141897827,28.5714285714286,0.239244897959184,176.553578085672,3.44642191432825,0.666625850340136,0.90587074829932
687396,SL,"Headrick, Brent",226,8.00067502709937,46.9026548672566,0.692433628318584,56.2866297495738,123.713370250426,0.267721238938053,0.960154867256637
641329,SL,"Baker, Bryan",205,-3.35570131280654,18.0487804878049,0.496126829268293,56.0236218723413,123.976378127659,0.452434146341463,0.948560975609756
656412,SL,"Faedo, Alex",265,5.38878795544276,37.7358490566038,0.670437735849057,153.077697527057,26.9223024729432,0.246479245283019,0.916916981132075
453286,SL,"Scherzer, Max",410,8.62892757606098,33.6585365853659,0.671663414634146,60.5185498457495,119.481450154251,0.258848780487805,0.930512195121951
676440,CU,"Bibee, Tanner",295,-1.92760057981997,23.3898305084746,0.168830508474576,162.599909979053,17.4000900209471,0.705816949152542,0.874647457627119
663567,SL,"Lambert, Peter",313,4.68088337454183,21.7252396166134,0.618619808306709,80.5070310552172,99.4929689447828,0.351220447284345,0.969840255591054
681402,SL,"Varland, Gus",252,-4.76408057837371,26.5873015873016,0.760976190476191,113.663396651546,66.3366033484544,0.215960317460317,0.976936507936508
622663,SL,"Severino, Luis",208,-0.457415046430263,26.4423076923077,0.394711538461538,122.528672581548,57.4713274184515,0.523697115384615,0.918408653846154
669022,SL,"Gore, MacKenzie",364,0.985995866136385,33.5164835164835,0.714703296703297,104.280545582274,75.7194544177265,0.204744505494506,0.919447802197802
669022,CU,"Gore, MacKenzie",756,-7.92781055081046,32.4074074074074,0.23998544973545,172.253142968515,7.74685703148482,0.682325396825397,0.922310846560847
669674,SL,"Long, Sam",218,2.52388266702527,34.4036697247706,0.768077981651376,75.1975767470702,104.80242325293,0.14254128440367,0.910619266055046
669467,KC,"Pallante, Andre",333,-7.07989057281683,33.9339339339339,0.06303003003003,167.937693992607,12.0623060073929,0.79081981981982,0.732372372372372
645261,SL,"Alcantara, Sandy",286,-4.2847634881585,24.4755244755245,0.72970979020979,159.872685802875,20.1273141971248,0.234755244755245,0.964465034965035
572020,KC,"Paxton, James",274,-0.0519873456984636,34.6715328467153,0.361817518248175,171.34555268299,8.65444731700989,0.599540145985401,0.961357664233577
668941,ST,"Romero, JoJo",427,0.639938794268271,33.9578454332553,0.433709601873536,170.526345915144,9.47365408485591,0.409285714285715,0.84299531615925
640455,ST,"Manaea, Sean",697,3.41937119165292,33.428981348637,0.490715925394548,165.778171620527,14.2218283794727,0.479121951219512,0.96983787661406
596295,KC,"Gomber, Austin",459,-0.585186722380489,19.6078431372549,0.201058823529412,175.909460152692,4.09053984730776,0.793559912854031,0.994618736383442
596295,SL,"Gomber, Austin",391,1.95615814586102,19.1815856777494,0.646575447570333,59.7749428014042,120.225057198596,0.348007672634271,0.994583120204604
668933,SL,"Ashcraft, Graham",694,-4.77156961250072,35.4466858789625,0.145325648414986,149.678981321897,30.3210186781031,0.379443804034582,0.52064553314121
471911,SL,"Carrasco, Carlos",384,3.16658176760429,28.3854166666667,0.500309895833333,93.9723230754813,86.0276769245187,0.2610859375,0.761395833333333
506433,SL,"Darvish, Yu",299,-1.07183815422068,21.0702341137124,0.576177257525084,107.147497073237,72.8525029267633,0.300886287625418,0.877063545150502
677865,ST,"Bruihl, Justin",203,-2.10064734881979,24.1379310344828,0.111192118226601,174.18262579042,5.81737420957997,0.635758620689655,0.746950738916256
682120,CU,"Herrin, Tim",370,-0.562801213689575,39.1891891891892,0.184489189189189,173.301961694694,6.69803830530569,0.528532432432433,0.713021621621622
682120,SL,"Herrin, Tim",292,3.47985298904524,33.9041095890411,0.577582191780822,127.370023882249,52.6299761177508,0.137739726027397,0.715321917808219
621051,ST,"Wilson, Steven",506,3.03936197158289,25.4940711462451,0.440683794466403,136.989308879079,43.0106911209215,0.477140316205534,0.917824110671937
663687,CU,"Harris, Hogan",287,0.0541898719525435,28.9198606271777,0.0230069686411149,173.698894959004,6.30110504099557,0.964247386759582,0.987254355400697
660271,ST,"Ohtani, Shohei",343,0.472261428160359,37.0262390670554,0.23230029154519,148.000411966917,31.999588033083,0.527693877551021,0.75999416909621
669203,SL,"Burnes, Corbin",254,-9.701535513754,38.9763779527559,0.313,105.454725625712,74.5452743742879,0.411661417322835,0.724661417322835
669194,CU,"Nelson, Ryne",225,-0.224941597918689,23.1111111111111,0.34652,154.699459754779,25.3005402452207,0.63804,0.98456
679525,SL,"Marsh, Alec",240,-5.90188641193902,27.9166666666667,0.6670125,149.812900450957,30.1870995490432,0.1784125,0.845425
606303,ST,"Payamps, Joel",213,-2.78560045779053,26.2910798122066,0.312079812206573,166.323557422065,13.6764425779353,0.446981220657277,0.75906103286385
676534,ST,"Faucher, Calvin",236,-5.61964532485241,27.5423728813559,0.355368644067797,162.69376032363,17.3062396763697,0.467127118644068,0.822495762711865
622663,ST,"Severino, Luis",609,0.900206136868929,27.5862068965517,0.299617405582923,137.412059518702,42.5879404812981,0.618949096880131,0.918566502463054
663738,SL,"Lynch IV, Daniel",297,9.70708546349116,37.7104377104377,0.758814814814815,57.8070634284222,122.192936571578,0.18020202020202,0.939016835016835
608379,SL,"Wacha, Michael",320,3.69921273238338,29.6875,0.71720625,49.8864406777593,130.113559322241,0.270528125,0.987734375
663460,ST,"Bubic, Kris",300,-7.74062290345004,25.3333333333333,0.35984,165.146430021938,14.8535699780623,0.479853333333333,0.839693333333333
614179,CU,"Ruiz, José",209,1.69785489222926,31.5789473684211,0.469239234449761,173.014599617302,6.98540038269797,0.464827751196172,0.934066985645933
689147,ST,"Kerkering, Orion",600,-4.3317068332963,26.1666666666667,0.473913333333333,166.172533021346,13.8274669786539,0.501293333333334,0.975206666666667
669199,ST,"Bachar, Lake",216,-5.60821234611445,31.4814814814815,0.519657407407407,164.74465107168,15.2553489283199,0.381888888888889,0.901546296296296
669622,ST,"Bender, Anthony",454,1.5929948696594,26.8722466960352,0.257229074889868,168.661696831754,11.3383031682464,0.54465859030837,0.801887665198238
680730,CU,"Parker, Mitchell",527,-2.93498470038423,26.5654648956357,0.426791271347249,169.751628367576,10.2483716324235,0.55465844402277,0.981449715370019
678226,SL,"Hernández, Daysbel",260,-3.37259807279538,34.2307692307692,0.805592307692308,92.6441899306283,87.3558100693717,0.186253846153846,0.991846153846154
680730,SL,"Parker, Mitchell",495,1.93501062535304,34.7474747474748,0.719038383838384,144.594348520064,35.4056514799364,0.266826262626263,0.985864646464646
622786,SL,"Tinoco, Jesus",202,2.96869256477014,34.6534653465347,0.58680198019802,149.71756776692,30.2824322330804,0.302960396039604,0.889762376237624
681799,ST,"Roberts, Ethan",224,-0.461900627576756,26.7857142857143,0.108383928571429,129.870151004065,50.1298489959349,0.681263392857143,0.609415178571429
668338,ST,"Miller, Tyson",216,1.79142390414438,25,0.086,121.089880294457,58.9101197055434,0.545,0.631
687863,ST,"Hodge, Porter",213,2.35439244488264,38.9671361502347,0.160070422535211,129.997230825363,50.0027691746374,0.617338028169014,0.777408450704225
684007,ST,"Imanaga, Shota",364,3.11266564544234,32.6923076923077,0.617571428571428,147.177327400183,32.8226725998173,0.372571428571429,0.990142857142857
685299,SL,"Gordon, Tanner",346,3.18321021551361,21.6763005780347,0.69043063583815,55.6626882152077,124.337311784792,0.298635838150289,0.989066473988439
641482,ST,"Cortes, Nestor",207,8.11949459778638,24.1545893719807,0.519806763285024,129.490963169426,50.5090368305742,0.448884057971015,0.968690821256039
686799,SL,"Kochanowicz, Jack",213,-10.6163491933657,27.6995305164319,0.575629107981221,165.4463774888,14.5536225111998,0.254356807511737,0.829985915492958
806185,SL,"Birdsong, Hayden",256,3.43569612402866,36.71875,0.690578125,60.690854338277,119.309145661723,0.26333984375,0.95391796875
678495,SL,"Rodríguez, Randy",369,-1.92563477298627,33.8753387533875,0.434718157181572,135.61292917279,44.3870708272102,0.448357723577236,0.883075880758808
650644,ST,"Civale, Aaron",203,8.47345821806912,24.1379310344828,0.291,145.160774321082,34.8392256789178,0.623,0.914
673513,SL,"Matsui, Yuki",291,8.01873291515428,37.4570446735395,0.64914089347079,47.8598371157991,132.140162884201,0.295639175257732,0.944780068728522
668964,SL,"Myers, Tobias",354,-1.05104952883914,20.6214689265537,0.545282485875706,52.9749791960838,127.025020803916,0.450180790960452,0.995463276836158
670970,SL,"Morejon, Adrian",324,3.63285203206174,34.5679012345679,0.450046296296296,137.678243145349,42.3217568546506,0.434123456790123,0.88416975308642
669093,SL,"Estrada, Jeremiah",228,1.13019797266593,34.6491228070176,0.52565350877193,41.3514065460219,138.648593453978,0.458083333333333,0.983736842105263
666157,CU,"Lodolo, Nick",675,-2.95495330791921,39.2592592592593,0.532551111111111,172.103180671457,7.89681932854277,0.450577777777778,0.983128888888889
458677,SL,"Wilson, Justin",241,1.54983767676013,31.5352697095436,0.718215767634855,59.9149804116524,120.085019588348,0.243124481327801,0.961340248962656
681676,SL,"Fernandez, Ryan",485,6.43779655732011,39.3814432989691,0.759210309278351,83.3554487601555,96.6445512398444,0.222870103092784,0.982080412371134
669276,SL,"Lee, Dylan",828,3.92488495488397,43.1159420289855,0.659539855072464,20.0036246267565,159.996375373244,0.333471014492754,0.993010869565217
669302,ST,"Gilbert, Logan",219,-3.97250549143607,33.3333333333333,0.277150684931507,166.210244186985,13.7897558130151,0.684771689497717,0.961922374429224
680573,SL,"Woods Richardson, Simeon",698,-1.06935084531224,21.3467048710602,0.455828080229226,37.4731380816748,142.526861918325,0.51263323782235,0.968461318051576
669211,SL,"Akin, Keegan",357,2.01538305469386,28.0112044817927,0.687627450980392,86.0989767766075,93.9010232233925,0.264425770308123,0.952053221288515
663893,KC,"Little, Brendon",369,-11.1581524688276,50.4065040650407,0.0395799457994581,134.863691321657,45.1363086783435,0.768254742547426,0.731758807588076
669854,SL,"Blanco, Ronel",600,4.35438509974269,31.1666666666667,0.55954,15.2442310035942,164.755768996406,0.425645,0.985185
686613,SL,"Brown, Hunter",229,0.96569930294471,23.5807860262009,0.500554585152838,30.9239898734981,149.076010126502,0.434628820960699,0.935183406113537
808967,CU,"Yamamoto, Yoshinobu",439,3.38186721469318,30.2961275626424,0.0246628701594533,176.733760804633,3.26623919536708,0.942193621867882,0.917530751708428
656605,SL,"Keller, Mitch",443,-3.12200459752634,23.9277652370203,0.570279909706546,105.310479575844,74.6895204241564,0.284207674943567,0.854487584650113
667297,SL,"Nance, Tommy",268,-7.01655806903206,26.4925373134328,0.688809701492537,125.594405934994,54.4055940650062,0.157350746268657,0.846160447761194
684320,SL,"Rodríguez, Yariel",481,0.271012182237555,34.3035343035343,0.470501039501039,146.56282642867,33.4371735713301,0.26831185031185,0.73881288981289
607200,ST,"Fedde, Erick",830,-1.83973017787698,23.1325301204819,0.288043373493976,131.220979002735,48.7790209972648,0.493325301204819,0.781368674698795
656557,ST,"Houck, Tanner",607,4.75117083325823,28.830313014827,0.101845140032949,171.703225801826,8.29677419817418,0.666331136738056,0.768176276771005
621242,SL,"Díaz, Edwin",500,1.94594564698627,37,0.694694,44.3437060497299,135.65629395027,0.253842,0.948536
663969,ST,"Phillips, Tyler",316,2.60043624826586,36.7088607594937,0.423449367088608,158.78394711604,21.2160528839605,0.349810126582278,0.773259493670886
663969,CU,"Phillips, Tyler",270,-4.66128909600252,38.5185185185185,0.177918518518518,175.059348029181,4.94065197081892,0.639659259259259,0.784333333333333
666171,ST,"Zeferjahn, Ryan",288,4.70494090250192,38.5416666666667,0.302902777777778,132.467141098444,47.5328589015565,0.545881944444445,0.848784722222222
621053,ST,"Ferguson, Tyler",230,4.21285527865713,28.695652173913,0.47195652173913,161.864099266728,18.1359007332718,0.368321739130435,0.840278260869565
687765,SL,"Spence, Mitch",641,0.680777271262469,26.9890795631825,0.0464836193447739,151.533671642128,28.4663283578721,0.554240249609984,0.600723868954758
687765,CU,"Spence, Mitch",292,-0.767569289672874,31.8493150684932,0.151859589041096,165.242490252182,14.7575097478177,0.739260273972603,0.587400684931507
613534,SL,"Adams, Austin",241,7.15878373430612,35.2697095435685,0.223,170.970197664968,9.02980233503179,0.336,0.559
656641,SL,"Latz, Jacob",262,3.87986897183747,30.9160305343512,0.648854961832061,104.714452171461,75.2855478285394,0.328320610687023,0.977175572519084
622554,ST,"Domínguez, Seranthony",277,-0.360166552649406,40.4332129963899,0.413512635379061,132.566344391049,47.4336556089505,0.393187725631769,0.80670036101083
641302,ST,"Alexander, Tyler",359,3.17971273236607,20.891364902507,0.420671309192201,142.164083424687,37.8359165753131,0.491423398328691,0.912094707520891
655889,SL,"Rodríguez, Manuel",244,-2.21296650558177,28.6885245901639,0.50608606557377,106.875597078263,73.1244029217372,0.294967213114754,0.801053278688525
592094,SL,"Adam, Jason",389,4.36909341022976,40.6169665809769,0.688678663239075,139.447367640745,40.5526323592546,0.20314910025707,0.891827763496144
664076,SL,"Cleavinger, Garrett",411,0.739859471759285,34.0632603406326,0.551175182481752,111.118680548327,68.8813194516726,0.341627737226277,0.892802919708029
672456,SL,"Montero, Keider",510,1.88275141138835,28.4313725490196,0.498211764705883,143.343225457924,36.6567745420759,0.382982352941176,0.881194117647059
672456,KC,"Montero, Keider",316,-4.65108652376306,19.3037974683544,0.17875,172.485408983416,7.51459101658434,0.699797468354431,0.87854746835443
681293,CU,"Arrighetti, Spencer",433,-3.45435351336615,37.6443418013857,0.175889145496536,165.680574340792,14.3194256592083,0.75843648960739,0.934325635103926
681293,ST,"Arrighetti, Spencer",238,-2.38609477182386,32.7731092436975,0.373411764705882,153.760699331108,26.239300668892,0.56390756302521,0.937319327731092
687911,ST,"King, Bryan",300,-0.340673013715207,22,0.13805,141.306698225541,38.6933017744592,0.60305,0.7411
677161,ST,"Kelly, Zack",208,-0.344204099364079,30.2884615384615,0.363274038461538,145.906349445116,34.0936505548838,0.575677884615385,0.938951923076923
641745,SL,"Keller, Brad",260,1.98120873496774,22.6923076923077,0.265626923076923,119.194517161049,60.8054828389511,0.467711538461538,0.733338461538462
700249,CU,"Povich, Cade",324,3.99060012824444,25.6172839506173,0.0814475308641977,176.391296162188,3.60870383781242,0.855228395061728,0.934305555555556
669387,SL,"Mlodzinski, Carmen",253,-6.97028038925502,22.5296442687747,0.695711462450593,105.373139413873,74.6268605861268,0.214166007905138,0.909877470355731
673929,SL,"Leasure, Jordan",357,1.08157117753958,34.453781512605,0.594355742296919,61.9578504245344,118.042149575466,0.35827731092437,0.952633053221289
676979,ST,"Crochet, Garrett",435,-2.52363311284472,37.9310344827586,0.327754022988506,164.627185178506,15.3728148214941,0.538013793103448,0.865767816091954
641927,SL,"Ober, Bailey",614,2.38859027114448,19.5439739413681,0.413677524429968,38.1714016461095,141.82859835389,0.489560260586319,0.903237785016287
661563,SL,"Gil, Luis",459,1.13229835453298,29.4117647058824,0.484906318082789,95.9898652925403,84.0101347074598,0.336740740740741,0.821647058823529
642701,SL,"Santana, Dennis",564,4.0683020770205,37.0567375886525,0.734132978723404,66.4890651769952,113.510934823005,0.200604609929078,0.934737588652482
670036,ST,"Festa, Matt",351,0.284834742666247,23.9316239316239,0.0895413105413106,135.048276495676,44.9517235043244,0.524558404558405,0.614099715099715
594798,SL,"deGrom, Jacob",845,-5.33690516939541,37.2781065088758,0.578163313609467,73.7748517632206,106.225148236779,0.334336094674556,0.912499408284024
683004,SL,"Leiter, Jack",506,-5.18481829153397,26.0869565217391,0.683644268774704,107.157797893623,72.8422021063775,0.261833992094862,0.945478260869565
677958,SL,"Rocker, Kumar",436,-4.55312096871753,41.0550458715596,0.615467889908257,165.512811907835,14.4871880921648,0.280807339449541,0.896275229357798
660896,SL,"Alcala, Jorge",240,-1.34739582967326,25.8333333333333,0.6758125,43.7504364270955,136.249563572905,0.282375,0.9581875
701581,SL,"Festa, David",289,-5.11949814772143,29.0657439446367,0.621339100346021,116.321345552839,63.6786544471613,0.260449826989619,0.88178892733564
686563,ST,"Cannon, Jonathan",283,2.3035294041498,24.7349823321555,0.459851590106007,160.482982172671,19.5170178273288,0.424180212014134,0.884031802120141
669358,KC,"Baz, Shane",796,-5.59131326602241,28.0150753768844,0.283935929648241,175.956970220718,4.0430297792816,0.671267587939699,0.95520351758794
663568,SL,"Kolek, Stephen",258,-4.8193350578434,26.7441860465116,0.625062015503876,137.533010309116,42.4669896908837,0.239279069767442,0.864341085271318
663903,ST,"Singer, Brady",359,1.65934263356589,35.933147632312,0.371066852367688,135.363823473014,44.6361765269859,0.383754874651811,0.754821727019499
676962,KC,"Brown, Ben",701,8.66654313783696,43.3666191155492,0.664833095577746,141.144129206893,38.8558707931067,0.288009985734665,0.952843081312411
682254,SL,"Montgomery, Mason",247,-6.67312580009672,42.1052631578947,0.812785425101215,88.6873975799337,91.3126024200663,0.166854251012146,0.97963967611336
686973,KC,"Varland, Louis",409,-11.8173202378158,34.9633251833741,0.385655256723716,169.165020891265,10.8349791087346,0.545119804400978,0.930775061124694
656240,SL,"Blewett, Scott",221,1.55644046134132,33.0316742081448,0.612904977375566,125.904503958336,54.0954960416639,0.245217194570136,0.858122171945701
605488,SL,"Springs, Jeffrey",486,5.65872534549004,19.7530864197531,0.679106995884774,76.2100985302107,103.789901469789,0.311002057613169,0.990109053497942
694738,CU,"Roupp, Landen",693,-0.0872953002691957,32.1789321789322,0.0632958152958153,175.268012868403,4.73198713159709,0.832093795093795,0.887666666666667
678906,ST,"Teng, Kai-Wei",311,-1.46977720535063,29.903536977492,0.350514469453376,170.682891257235,9.3171087427647,0.439218649517685,0.789733118971061
700241,ST,"McGreevy, Michael",226,-5.8825391574169,26.5486725663717,0.348225663716814,172.111747156741,7.88825284325893,0.49770796460177,0.845933628318584
571510,SL,"Boyd, Matthew",302,-0.302879533978434,38.0794701986755,0.669367549668874,143.452777235807,36.547222764193,0.2665,0.935867549668874
695076,SL,"Lowder, Rhett",253,-4.32657460340128,32.4110671936759,0.65701581027668,163.406783972658,16.5932160273424,0.241581027667984,0.898596837944664
694973,ST,"Skenes, Paul",424,3.1196264485915,28.0660377358491,0.605417452830189,147.816844168721,32.1831558312794,0.367337264150943,0.972754716981132
694973,SL,"Skenes, Paul",200,-2.36963496894801,33,0.70147,131.760125945866,48.2398740541338,0.27187,0.97334
681517,SL,"Leahy, Kyle",379,2.05026941888901,18.7335092348285,0.446332453825858,47.2751104827391,132.724889517261,0.420261213720317,0.866593667546174
681517,ST,"Leahy, Kyle",285,-10.4857248057259,25.2631578947368,0.355105263157895,137.612215630881,42.3877843691187,0.509473684210526,0.864578947368421
605452,SL,"Ross, Joe",360,7.08657116205828,33.0555555555556,0.541619444444444,49.4287807009094,130.571219299091,0.297483333333334,0.839102777777778
680736,SL,"Wrobleski, Justin",427,2.54318810088104,20.3747072599532,0.578487119437939,119.097073673883,60.9029263261173,0.275189695550351,0.853676814988291
607455,SL,"Banda, Anthony",451,-4.31200467828923,40.3547671840355,0.68379600886918,166.408686482044,13.5913135179561,0.275170731707317,0.958966740576497
681517,CU,"Leahy, Kyle",241,-2.45362546454285,28.2157676348548,0.0388091286307054,162.281218175033,17.718781824967,0.819655601659751,0.858464730290456
656550,SL,"Holmes, Grant",882,-3.61896503857605,40.1360544217687,0.571651927437642,163.292504164861,16.7074958351392,0.258664399092971,0.830316326530612
680885,SL,"Schwellenbach, Spencer",369,-9.2039624438299,27.9132791327913,0.515306233062331,148.540675575459,31.4593244245409,0.292932249322493,0.808238482384824
663542,ST,"Hudson, Bryan",201,-5.56229633718592,29.3532338308458,0.0480348258706468,173.898639235007,6.10136076499296,0.812194029850746,0.775721393034826
676974,SL,"Meyer, Max",595,-6.86121112242023,36.1344537815126,0.644173109243697,148.212145613198,31.7878543868025,0.18492268907563,0.829095798319328
592662,SL,"Ray, Robbie",659,6.20931976432523,31.4112291350531,0.502423368740517,10.1493170402032,169.850682959797,0.456326251896814,0.958749620637329
592662,KC,"Ray, Robbie",271,1.92446773525077,38.0073800738007,0.523682656826568,168.792060522949,11.207939477051,0.435505535055351,0.959188191881919
676477,SL,"Whitlock, Garrett",300,-8.53965159971938,34,0.560453333333334,162.447644325978,17.5523556740221,0.432003333333333,0.992456666666667
663436,SL,"Martin, Davis",455,1.73100969243535,30.3296703296703,0.549821978021978,77.8955708070244,102.104429192976,0.281065934065934,0.830887912087912
656550,CU,"Holmes, Grant",304,-8.01099654916985,34.8684210526316,0.347917763157895,173.804637410663,6.19536258933683,0.481674342105263,0.829592105263158
676428,ST,"Hurter, Brant",247,4.99742558529647,40.080971659919,0.265574898785425,162.039581391169,17.9604186088307,0.476591093117409,0.742165991902834
663978,CU,"Paddack, Chris",232,3.93060700343472,17.2413793103448,0.098698275862069,176.321490731278,3.67850926872192,0.895771551724138,0.994469827586207
595014,ST,"Treinen, Blake",299,2.04633524027992,39.1304347826087,0.284745819397994,174.662961080465,5.33703891953495,0.515408026755853,0.800153846153846
683003,SL,"Jones, Jared",470,-4.04848419504818,34.2553191489362,0.66356170212766,90.9243168140142,89.0756831859858,0.253259574468085,0.916821276595745
680732,SL,"Burke, Sean",489,-0.493336696573038,29.038854805726,0.551280163599182,40.4449518071456,139.555048192854,0.32639672801636,0.877676891615542
680732,KC,"Burke, Sean",390,1.76897953074542,24.8717948717949,0.0531230769230769,174.08567123043,5.91432876957036,0.823717948717949,0.876841025641026
647336,SV,"Soroka, Michael",429,2.94591765802612,34.4988344988345,0.170251748251748,171.347386521641,8.65261347835885,0.662195804195804,0.832447552447553
663554,SL,"Mize, Casey",511,-0.0903133876532195,20.7436399217221,0.633780821917808,68.5653950278572,111.434604972143,0.342939334637965,0.976720156555773
805673,SL,"Matthews, Zebby",432,3.41187743540155,35.4166666666667,0.745824074074074,83.5638226564438,96.4361773435562,0.212226851851852,0.958050925925926
672782,ST,"Gómez, Yoendrys",201,3.94939857181484,34.8258706467662,0.385328358208955,133.035199543725,46.9648004562746,0.50692039800995,0.892248756218906
621111,KC,"Buehler, Walker",308,-1.7565123346548,24.3506493506494,0.0239480519480519,170.471060781366,9.52893921863383,0.915737012987013,0.907418831168831
621111,ST,"Buehler, Walker",204,0.222399925341837,30.3921568627451,0.322833333333333,131.199111355799,48.8008886442011,0.584794117647059,0.907627450980392
701542,ST,"Warren, Will",379,-6.17007456853206,28.2321899736148,0.180424802110818,164.224764247808,15.7752357521918,0.584947229551451,0.765372031662269
676282,CU,"Cantillo, Joey",405,-0.35033694422863,31.8518518518519,0.0366740740740741,176.379433360867,3.62056663913313,0.94897037037037,0.985644444444444
669372,SL,"Ginn, J.T.",388,-5.98957977756244,35.0515463917526,0.505865979381444,165.645702342884,14.3542976571165,0.247979381443299,0.753845360824742
676083,SL,"Junk, Janson",394,-2.25750882150213,18.7817258883249,0.48343654822335,54.1330426928383,125.866957307162,0.40741116751269,0.890847715736041
676440,ST,"Bibee, Tanner",352,1.09537303027087,26.7045454545455,0.307244318181818,151.006148888407,28.9938511115928,0.552360795454545,0.859605113636364
676083,ST,"Junk, Janson",229,-4.13257293761397,17.0305676855895,0.416834061135371,131.82644170117,48.1735582988297,0.476471615720524,0.893305676855895
622608,SL,"Senzatela, Antonio",212,2.63601460921705,23.5849056603774,0.478198113207547,57.5739914524238,122.426008547576,0.363292452830189,0.841490566037736
676508,ST,"Casparius, Ben",233,0.00886940358594961,24.0343347639485,0.319107296137339,142.134464720056,37.8655352799438,0.532231759656652,0.851339055793991
621111,SL,"Buehler, Walker",261,-1.04710469037791,22.6053639846743,0.461605363984674,74.7833558987898,105.21664410121,0.44892337164751,0.910528735632184
676467,ST,"Gordon, Colton",228,-4.24542870782303,21.4912280701754,0.5835,138.553640221609,41.4463597783911,0.4025,0.986
696147,SL,"Bachman, Sam",275,-4.30476834097105,35.2727272727273,0.710498181818182,156.984542011241,23.0154579887589,0.224414545454545,0.934912727272727
694335,ST,"Svanson, Matt",251,-1.85597041208724,25.4980079681275,0.497239043824701,150.600882432325,29.399117567675,0.362167330677291,0.859406374501992
695418,SL,"Lord, Brad",271,0.654386397492149,25.0922509225092,0.815369003690037,137.476543117201,42.5234568827987,0.161025830258303,0.97639483394834
695505,SL,"Burns, Chase",490,-2.97626042021178,48.3673469387755,0.679028571428571,84.1367970426798,95.8632029573202,0.223957142857143,0.902985714285714
689254,ST,"Fluharty, Mason",316,1.65188700338378,35.126582278481,0.105955696202532,129.979863021876,50.0201369781244,0.550740506329114,0.444784810126582
680755,SL,"Fisher, Braydon",354,2.16874495210465,29.9435028248588,0.702762711864407,31.5327838672311,148.467216132769,0.22880790960452,0.931570621468927
607536,ST,"Freeland, Kyle",269,-5.18714259995531,26.0223048327138,0.481817843866171,172.464756138971,7.53524386102905,0.400219330855019,0.88203717472119
676263,SL,"Dreyer, Jack",430,1.52885462140263,28.1395348837209,0.76216511627907,21.2552305770355,158.744769422964,0.23383488372093,0.996
694819,SL,"Misiorowski, Jacob",239,-2.08969960795092,23.8493723849372,0.484025104602511,56.9534303071199,123.04656969288,0.433912133891213,0.917937238493724
681982,ST,"Anderson, Grant",322,0.753729377901717,36.3354037267081,0.190633540372671,160.577255472151,19.4227445278492,0.611509316770186,0.802142857142857
696149,SL,"Chandler, Bubba",221,-9.98280482782167,27.1493212669683,0.690004524886878,72.2485002020119,107.751499797988,0.264950226244344,0.954954751131222
702056,SL,"Yesavage, Trey",219,-0.0198382990329958,35.6164383561644,0.515931506849315,14.192595049737,165.807404950263,0.470666666666667,0.986598173515982
685126,SL,"Eisert, Brandon",330,5.66964115948341,29.0909090909091,0.542651515151515,62.6255560238558,117.374443976144,0.394521212121212,0.937172727272727
690925,SL,"Beeter, Clayton",229,-4.90346376187702,40.6113537117904,0.440646288209607,171.052064879482,8.94793512051753,0.448131004366812,0.888777292576419
608372,ST,"Sugano, Tomoyuki",329,-2.0519458534319,19.7568389057751,0.501045592705167,142.345608168295,37.654391831705,0.366963525835866,0.868009118541034
676917,KC,"Cavalli, Cade",331,6.35672271307379,38.368580060423,0.0346858006042297,175.781949261666,4.21805073833393,0.804957703927492,0.825021148036254
608566,KC,"Márquez, Germán",464,-6.02036899406823,31.8965517241379,0.789504310344828,137.221985768317,42.7780142316832,0.180012931034483,0.96951724137931
675848,ST,"Mejia, Juan",299,2.34897735544435,34.7826086956522,0.139926421404682,145.009039194106,34.9909608058942,0.606782608695652,0.746709030100335
607067,SL,"Rea, Colin",221,4.13204075644669,33.4841628959276,0.576389140271493,120.839205051642,59.1607949483581,0.29041628959276,0.866805429864253
700669,SL,"Graceffo, Gordon",212,0.144629322724127,27.3584905660377,0.753773584905661,79.7363278368615,100.263672163139,0.184528301886792,0.938301886792453
820862,SL,"Fermin, José",300,-0.0459995812896528,39.6666666666667,0.80348,59.147866236807,120.852133763193,0.13408,0.93756
702070,CU,"Cameron, Noah",302,-4.24860219853797,29.4701986754967,0.208523178807947,170.680191158799,9.31980884120055,0.686403973509934,0.894927152317881
702070,SL,"Cameron, Noah",261,-0.521913899946307,29.5019157088123,0.677609195402299,92.3596505177824,87.6403494822176,0.217034482758621,0.89464367816092
666214,SL,"Wentz, Joey",234,-6.33032064188164,27.3504273504274,0.672,71.0858847760523,108.914115223948,0.245,0.917
681347,SL,"Burrows, Mike",264,2.93247609869715,24.2424242424242,0.54269696969697,54.0387827065473,125.961217293453,0.390545454545455,0.933242424242424
677952,SL,"Ashcraft, Braxton",447,3.01293370351145,30.4250559284116,0.537941834451902,38.7889888598473,141.211011140153,0.354398210290828,0.892340044742729
677952,CU,"Ashcraft, Braxton",325,6.56160701227086,39.0769230769231,0.248753846153846,176.173433094956,3.82656690504372,0.650630769230769,0.899384615384615
657424,SL,"Gage, Matt",230,-1.64277439170155,20,0.557165217391304,84.7862997442403,95.2137002557597,0.27395652173913,0.831121739130435
666200,ST,"Luzardo, Jesús",715,-4.68874149294082,44.0559440559441,0.585713286713287,157.154371199785,22.8456288002148,0.353097902097902,0.938811188811189
669199,SL,"Bachar, Lake",215,3.01662562840495,37.6744186046512,0.722125581395349,64.5138466718175,115.486153328183,0.180344186046512,0.90246976744186
690990,ST,"Horton, Cade",206,4.2109727308622,36.4077669902913,0.262,145.593740411857,34.4062595881426,0.481,0.743
668909,ST,"Williams, Gavin",538,-1.2623627880076,43.6802973977695,0.418081784386617,169.742991848821,10.2570081511791,0.531007434944238,0.949089219330855
669160,ST,"May, Dustin",513,-6.10530198775392,26.9005847953216,0.268296296296296,173.998600168292,6.00139983170776,0.640296296296296,0.908592592592593
678022,ST,"Perkins, Jack",251,-1.4959523589827,35.0597609561753,0.548589641434263,164.827490253952,15.1725097460484,0.389378486055777,0.93796812749004
656986,SL,"Sousa, Bennett",222,13.1454534126403,49.0990990990991,0.609,92.7786423809112,87.2213576190888,0.239,0.848
656234,ST,"Bird, Jake",221,8.78121753067655,33.9366515837104,0.164162895927602,148.889305622547,31.1106943774532,0.532122171945701,0.696285067873303
676974,ST,"Meyer, Max",290,-10.6009724470349,31.3793103448276,0.485755172413793,160.615215725998,19.3847842740019,0.378613793103448,0.864368965517241
837227,SL,"Imai, Tatsuya",269,3.0382350373309,38.6617100371747,0.767,34.4060244655011,145.593975534499,0.201,0.968
