train,test,n_test,arm,axis,as_fb,as_ch
4.19323492840906,-0.356750864706806,7,30,8,0.91,0.91
6.15284210553508,-1.02952471216392,14,40,12,0.91,0.91
1.66879347060876,2.18064304629784,8,25,8,0.95,0.87
3.02894881126248,-0.988987753822798,9,40,12,0.95,0.85
3.3149163850317,0.900132748203047,13,40,12,0.91,0.91
2.30279182145189,1.21578394619265,8,55,22,0.91,0.85
2.48273878993915,0.806996407468949,9,35,10,0.85,0.93
3.04995808752342,0.41731332879859,19,25,8,0.91,0.85
4.49600362760964,-1.00165961979479,22,40,12,0.85,0.89
3.11434995679232,1.59012731299303,16,35,8,0.85,0.85
4.21724240125296,1.55657589486231,10,35,8,0.85,0.89
4.09597721537081,0.981719205091531,9,35,8,0.91,0.87
5.26198445158191,-1.38802695906813,15,40,12,0.91,0.89
4.03647970169379,0.0842802694146037,5,25,6,0.87,0.85
3.63317145592481,1.56692173033832,14,35,8,0.85,0.87
3.56641096307917,2.33041248621305,7,40,8,0.85,0.85
3.05086261384411,2.33928618900653,9,37.5,8,0.85,0.85
3.1917718988149,1.28745457505824,21,25,8,0.85,0.89
3.08634648980346,-1.16127317747974,7,50,16,0.85,0.85
2.51599254352937,0.632669989740427,17,35,12,0.93,0.89
2.75568147355351,3.2616248319844,6,40,8,0.85,0.85
4.73811812392044,0.134476365432428,15,40,12,0.93,0.85
3.46606182171977,-0.294669026896307,9,55,22,0.85,0.91
2.36215329228791,1.4233201744042,10,40,12,0.93,0.85
4.12503029159767,0.34851739754019,21,40,12,0.89,0.89
4.63315606582578,-0.252330087380582,13,40,12,0.91,0.91
1.96154754081377,2.57028594064299,6,55,20,0.89,0.85
3.01247617931486,-0.276369831759743,11,42.5,12,0.91,0.89
2.59910968886325,1.90658815136985,17,35,8,0.85,0.85
4.12722183995848,1.64659645615679,10,35,8,0.85,0.89
2.84616151343936,1.55407237999625,17,32.5,10,0.85,0.91
4.00335905927414,0.614412558452723,15,25,8,0.85,0.91
4.13039809123997,0.594850982150257,10,30,8,0.85,0.91
3.00827925468904,-2.43908325342826,6,55,24,0.85,0.93
4.3891193332959,-2.51033737859163,9,40,12,0.95,0.85
3.44090440082295,2.33291389529232,10,35,8,0.85,0.89
2.98420857741616,-1.60404449660595,14,35,12,0.89,0.95
2.38756041283335,0.691222642434598,23,35,12,0.93,0.87
4.50924725727602,0.180447035426868,19,25,8,0.89,0.89
3.19370183904767,0.507443199633632,11,40,12,0.91,0.91
3.4793246505136,2.50504023661141,7,40,8,0.85,0.85
3.14875657134638,1.20635772303479,11,35,8,0.91,0.85
3.54499441619149,0.0989872178677485,11,40,12,0.93,0.85
3.34098518285166,0.812134706360428,18,25,8,0.85,0.89
4.11036758234553,-0.739004406460262,12,35,10,0.93,0.87
2.20426681689187,1.83542310044236,19,32.5,8,0.85,0.87
3.3715092340211,1.0680008235146,20,25,8,0.85,0.89
3.29376492360062,4.27467602738885,3,30,6,0.85,0.85
4.14596968529316,-1.80050749850753,13,55,22,0.85,0.85
2.92819037617586,1.07603964413027,17,35,10,0.91,0.87
3.19206112857484,-1.14934389288577,21,52.5,22,0.89,0.85
4.60787358391511,-1.66113222822993,10,40,12,0.93,0.89
2.94300041899563,2.44891065020238,9,37.5,8,0.85,0.85
3.50593866363025,-1.05318622206942,5,42.5,10,0.85,0.85
2.91034580344773,2.50553516579118,8,37.5,8,0.85,0.85
5.01088414157234,-1.01915080929532,12,40,12,0.91,0.91
3.19814773094873,0.00504757397601033,10,25,8,0.85,0.93
3.11794755420525,0.639170473878063,18,32.5,8,0.85,0.85
3.85647439771401,-0.246454255582293,11,40,12,0.91,0.91
3.42022823292932,-0.306807592027589,19,40,12,0.87,0.89
3.8220087711572,1.30044966816642,9,35,8,0.91,0.87
3.44728959918291,1.4784156855695,4,40,10,0.93,0.85
4.16992469365241,-1.20245738767717,18,47.5,16,0.85,0.85
4.71013756494052,0.664123644605307,17,35,8,0.85,0.85
4.08272062020222,0.293875463869864,6,40,10,0.91,0.87
3.21498269626828,1.40266610456275,21,30,8,0.85,0.87
4.07978119659141,0.615449202465003,9,40,10,0.85,0.89
4.37529770042971,0.235613067852372,9,40,10,0.85,0.89
5.25220209762604,-0.696969574065574,9,40,10,0.85,0.89
3.01941769334506,1.52143767085938,16,35,8,0.85,0.85
2.93757084571513,4.03590566499569,6,35,8,0.85,0.91
2.45674719492186,3.45662334131525,9,35,8,0.85,0.89
2.92934451782503,2.92522600067662,7,35,8,0.91,0.89
4.10239424759016,-1.48965003360128,4,42.5,10,0.91,0.85
2.25018204418264,-0.256986094752202,15,47.5,16,0.85,0.87
3.81015966058901,-0.843417789829271,17,40,12,0.91,0.85
2.10371761363325,-2.55355577644487,8,52.5,22,0.85,0.95
4.48154572843995,0.559849588523075,4,40,10,0.91,0.91
3.0633463357154,2.6851958000231,9,35,8,0.85,0.89
5.01612866889254,0.458837896195466,8,40,10,0.85,0.91
2.95581900811225,0.511955868564025,11,25,8,0.85,0.93
2.2177778851143,1.10297956805252,22,32.5,12,0.89,0.91
3.39604655543428,0.269082601528274,11,40,12,0.93,0.85
3.76668796886693,-3.37471919460911,10,52.5,22,0.85,0.93
4.40030473805132,0.643328794479579,17,30,8,0.91,0.87
3.28785914344496,-1.25646439383316,6,55,26,0.85,0.95
2.98432416514759,-0.189624153246842,6,55,22,0.93,0.85
3.98736071429011,0.869178446598614,14,35,10,0.91,0.89
2.67955904808531,1.65567025452243,4,50,16,0.85,0.91
4.46809172909304,-2.66451665362924,4,42.5,10,0.91,0.85
2.54131799940552,1.90650549532053,17,35,8,0.85,0.85
3.79212199023638,0.452442406030698,12,32.5,10,0.91,0.91
3.99227566058445,-0.866425409816673,7,42.5,10,0.85,0.85
4.45013470583605,0.993453905151829,7,40,8,0.85,0.85
3.5712527538072,-1.53551569664279,7,47.5,16,0.91,0.91
2.95990782038721,0.0946417917667602,12,42.5,12,0.91,0.87
3.47647183442549,2.10361095751459,7,35,8,0.91,0.89
3.80764630362596,0.957586730685403,5,40,8,0.85,0.85
4.32233993382794,1.04340838466885,10,35,8,0.91,0.87
4.37304859113974,-0.451306036685931,5,32.5,8,0.91,0.91
5.02366224166114,-0.929910862485387,11,25,8,0.91,0.91
5.15837141557258,0.467106809587871,6,35,8,0.85,0.91
2.15154999201257,3.6222683041027,10,35,8,0.85,0.89
4.29743913901558,0.695525522931222,14,35,10,0.91,0.89
3.62556815028363,1.04489975984943,9,40,10,0.85,0.89
3.13298766233397,0.99832159308718,13,40,12,0.91,0.91
3.92431064568946,-1.50892629314905,19,30,12,0.95,0.89
4.71973195379344,-0.34323338780778,21,32.5,10,0.91,0.87
4.34719500288125,-0.59578582197447,5,35,8,0.91,0.89
3.97651210638344,0.950235710621466,17,30,8,0.91,0.87
2.85593591071225,2.25923425325552,15,35,8,0.85,0.87
3.20972385310593,-2.1184132251247,15,45,18,0.95,0.93
2.85614138442806,-1.33090215990057,8,55,22,0.85,0.89
4.52757740276603,-1.11947971310997,5,40,10,0.91,0.89
3.90717415848151,0.240114765557099,13,40,12,0.93,0.85
3.85956261022333,0.321264095370441,13,40,12,0.93,0.89
2.5008696560734,0.80216765020082,10,25,8,0.85,0.93
4.6395705937829,-1.63015823440545,10,40,12,0.93,0.89
3.71180595174071,1.01344312164952,10,30,8,0.85,0.91
3.26473576683546,-0.787119567313317,11,37.5,12,0.93,0.89
3.96869972746717,0.826057676748322,15,25,8,0.85,0.91
4.27997357720403,-1.52749677027219,3,40,8,0.85,0.89
3.6946872063538,1.32170596640572,17,35,8,0.85,0.85
2.75975051275797,1.57639046970577,12,35,10,0.91,0.89
3.07712077807274,3.856851505183,6,35,8,0.85,0.91
2.04216759077968,1.53538807274734,8,55,22,0.91,0.85
2.21623010815123,1.79643521561508,19,35,10,0.85,0.89
3.72617509100597,2.05892506120933,7,40,8,0.85,0.85
2.57071108857903,-0.876875797892396,18,50,22,0.93,0.93
2.47068582534109,1.25096768883153,21,32.5,10,0.85,0.89
2.82664734952711,0.646695968265723,15,30,8,0.91,0.85
4.79816722625309,-1.81852225246411,15,37.5,12,0.93,0.85
4.31451044699738,-0.290670048495759,11,25,8,0.91,0.91
4.4189412257671,0.051808452807872,11,35,8,0.91,0.85
3.32591732730929,-1.27187291969357,10,37.5,12,0.93,0.89
3.23736887797737,2.75005012405697,7,40,8,0.85,0.85
4.8094996113966,-0.416387345103352,13,40,12,0.91,0.91
4.46622332273838,-0.509980911566252,15,25,8,0.91,0.89
4.1868052388191,1.5802396453707,5,35,8,0.85,0.91
3.78888716967242,-0.135153991811892,11,40,12,0.91,0.91
4.21161339656881,1.180661286041,7,40,10,0.85,0.91
3.14948677390405,-0.6635185775151,8,50,16,0.85,0.85
1.8393069924907,0.55440268910687,8,25,8,0.95,0.85
3.58509187195002,3.20019555447529,4,30,6,0.85,0.85
2.40815665191357,1.8248171944557,18,40,12,0.89,0.91
3.05519441805536,0.911608446322995,13,40,10,0.85,0.85
4.19102374189596,0.785676760839321,17,30,8,0.91,0.87
4.35830257374207,1.26176557728397,3,42.5,10,0.91,0.87
5.00205521701079,0.47256671042849,6,35,8,0.85,0.91
4.65592580579767,0.129784700890906,10,35,10,0.91,0.91
5.21009728106384,-1.7123974588391,8,42.5,10,0.85,0.85
0.86260881752545,-0.474072260490303,22,50,26,0.85,0.95
2.73611171113574,-0.520198061506054,21,50,26,0.93,0.95
2.04934410083842,2.10295191232353,23,30,8,0.85,0.87
4.30859598464497,-0.273759718410565,11,25,8,0.91,0.91
3.2006080048777,1.58510250181088,10,35,10,0.91,0.91
5.03821212163026,0.237767628557985,32,25,10,0.85,0.89
4.16832122168884,1.21702435247537,7,35,8,0.91,0.89
4.01436952174728,1.08967250164452,8,32.5,8,0.85,0.91
2.73035067721123,-0.60355879091634,10,42.5,12,0.89,0.91
3.93203933935723,-0.0911263772772396,12,40,12,0.93,0.85
4.04524105617983,0.255957585860804,22,25,8,0.91,0.85
3.35923383181355,-0.218889957055502,29,32.5,12,0.91,0.89
3.39310963889585,-1.76022664339957,17,52.5,26,0.93,0.85
2.13919272325202,1.77596010606277,18,32.5,8,0.85,0.87
2.51232564568564,-3.621882010989,9,45,14,0.93,0.85
2.36205423662152,1.45323083807042,19,30,8,0.85,0.85
3.73097491615889,1.34697880084168,23,30,8,0.85,0.87
4.00216644363631,1.10195529790554,3,35,8,0.85,0.93
3.91186660740105,1.74794213965376,8,40,10,0.85,0.91
3.9866366275795,-0.358386146233443,15,32.5,10,0.91,0.89
4.6646660123705,-3.65747415408305,9,47.5,16,0.91,0.89
4.60825802122439,0.609906013804127,5,35,8,0.85,0.91
4.57156333554164,0.933961938580699,8,40,10,0.85,0.91
4.17830242517395,0.832855539788193,16,35,8,0.85,0.85
3.00193607364013,3.11417498412247,7,40,10,0.85,0.91
1.74884408450825,-0.127061660019004,14,37.5,12,0.95,0.85
4.31469760037246,-2.23887446256926,6,50,16,0.85,0.87
2.50208760260644,0.0775386456764812,25,40,12,0.85,0.85
2.80641995845194,4.14244106627755,6,35,8,0.85,0.91
4.72757089346053,0.178611684105325,14,40,12,0.91,0.91
3.90200906226652,0.0927541772481259,12,37.5,10,0.91,0.87
3.25627754749295,0.848899688960226,19,25,8,0.89,0.89
3.95514987640092,-2.03097762200555,15,47.5,16,0.85,0.85
3.10574362869129,-2.5144816041794,11,52.5,20,0.85,0.85
1.87605631216714,1.88995627156865,7,35,10,0.93,0.89
3.31861733263215,-0.272402637020698,6,42.5,10,0.85,0.85
1.95799608891441,2.09671437431073,18,30,8,0.85,0.87
3.22135832793473,1.15468716391853,4,32.5,8,0.91,0.91
3.82849487571269,1.18311931212658,17,35,8,0.85,0.85
3.28529773130779,-1.50444083503207,13,40,12,0.91,0.85
2.99201219302782,1.65572855706198,15,35,10,0.85,0.91
4.72942509328529,0.191360226185556,26,25,8,0.87,0.85
3.75411120490153,-2.17421426503855,6,55,20,0.85,0.85
3.58652802527965,0.757077931395231,14,40,10,0.85,0.85
3.78762392080964,1.45359278889537,14,35,8,0.85,0.87
4.5346322762391,0.246032966955578,20,25,8,0.85,0.89
4.87162268333844,0.172239215395912,7,35,8,0.91,0.89
2.99833518246764,1.11907237762468,11,35,8,0.85,0.85
4.00656056572705,1.17895589790279,12,37.5,10,0.85,0.91
4.41647623008292,-1.57662775689751,14,42.5,12,0.91,0.85
4.15740459846993,-1.04237360351613,8,40,10,0.91,0.85
3.56878745464503,2.20503084147024,10,35,8,0.85,0.89
3.81787047511184,0.669530190075944,14,25,8,0.89,0.91
3.62853441329261,0.285752770824097,7,25,6,0.85,0.85
4.51184759007589,-0.0286582069736928,11,35,8,0.91,0.85
2.69098178541787,0.929243187570878,20,37.5,12,0.93,0.85
5.71554447669869,-0.74471651995513,20,40,12,0.85,0.91
4.05352448564984,0.872818328884285,8,37.5,8,0.85,0.85
4.00354173736148,0.316602531276549,13,40,12,0.91,0.91
4.1689171487138,0.0459108184606862,5,25,6,0.87,0.85
2.89847983496828,1.04197843211261,20,30,10,0.85,0.91
3.15173289111238,-0.167040577981954,8,40,12,0.93,0.85
2.99478560064869,3.01033862480892,8,40,10,0.85,0.91
3.96218932219019,1.19176640553365,12,37.5,10,0.85,0.91
3.04958780485704,1.01231663265358,7,25,6,0.85,0.85
3.36628540730287,0.931177759882995,8,35,10,0.91,0.91
3.53736649982412,2.16781504851398,8,40,10,0.85,0.91
4.76332301763473,0.335303146713334,12,40,10,0.85,0.87
3.59103163110218,0.754220155226284,23,25,8,0.89,0.87
3.22810975217896,2.46029200614144,9,35,8,0.85,0.89
2.45985394968638,5.87529338212617,4,30,6,0.85,0.85
2.52549168138641,0.454894667409405,31,32.5,12,0.89,0.89
3.88518532444333,0.495275849243163,11,35,8,0.91,0.85
4.48570991122414,-0.45894338676817,10,35,8,0.91,0.85
3.39643243140239,0.836984943802038,21,30,10,0.85,0.91
2.81000811712445,1.71567130780738,16,35,8,0.85,0.85
3.58926120069777,-0.538841177377795,17,30,10,0.93,0.87
2.85685673563844,1.29038363559689,14,40,10,0.85,0.85
4.29126342021257,-0.753915065287906,11,40,12,0.91,0.91
4.16985900051499,0.615851506173591,10,35,10,0.91,0.91
2.9009341470766,-0.123419730527284,6,55,22,0.93,0.85
3.02582248328658,1.28752627009164,25,25,8,0.89,0.87
2.86455316585154,4.17795968123029,6,35,8,0.85,0.91
2.50109303693045,1.90294266391856,7,25,6,0.85,0.85
3.97182736418197,1.08901760649541,9,35,8,0.91,0.87
3.49146329774537,0.92078429237467,22,32.5,10,0.85,0.89
3.38950271607184,0.863935909039026,14,40,12,0.93,0.85
3.16086856705231,2.97455251329949,7,40,8,0.85,0.85
4.9790224205904,-0.54513806853504,7,40,10,0.91,0.87
5.02536893781786,-2.7798075866192,9,40,12,0.91,0.91
3.93707913501004,0.956985791604973,16,35,8,0.85,0.85
3.99050419331245,0.372263586261559,14,40,10,0.85,0.85
4.30275383305528,0.720948960521669,29,25,8,0.87,0.85
2.16643046470752,1.82818433423908,13,40,12,0.93,0.85
3.03720300201097,2.7366152941043,10,35,8,0.85,0.89
3.8817580757535,1.22648989739743,17,35,8,0.85,0.85
5.00626877538296,-1.16253665512284,17,35,12,0.93,0.91
2.76616398480379,1.35704425935175,13,40,12,0.91,0.91
5.37900404722583,-0.489129253911988,14,40,12,0.91,0.91
3.85026291452264,-0.104650704879429,7,25,6,0.85,0.85
3.09195688543937,-2.18714178647437,9,52.5,26,0.93,0.95
3.605480484195,1.59794112292945,15,35,8,0.85,0.87
3.56798457066425,-1.2998340411362,8,50,16,0.85,0.85
2.97128116459544,1.94916546035934,11,37.5,10,0.85,0.91
3.38863854489376,-1.29435854389324,16,52.5,26,0.85,0.95
3.37568691688277,-0.732524738441352,6,50,16,0.85,0.87
2.22176933826305,0.483630897291762,10,42.5,12,0.93,0.85
4.18234100106069,-0.196301623268302,6,40,10,0.91,0.87
4.37892856753481,0.253489013856333,6,35,8,0.91,0.89
3.01117646365912,1.0199389399501,24,37.5,12,0.89,0.91
3.51789754597248,0.261322675686444,19,37.5,10,0.85,0.85
4.76934181373942,1.00447648237585,10,35,8,0.85,0.89
3.54773655763202,2.03619130487278,9,35,8,0.85,0.89
2.45960169838182,1.76025325925029,18,32.5,10,0.85,0.91
2.35774980645687,0.81798883353951,14,55,22,0.89,0.85
2.92249205864226,1.22139365003554,7,25,6,0.85,0.85
2.95193356967475,1.77322436644517,8,40,10,0.85,0.89
4.57431310955226,-1.93696805590624,11,55,26,0.91,0.85
4.74066797313463,-0.265944820478581,18,40,12,0.91,0.87
3.41401395907341,2.96414739092857,3,35,8,0.85,0.93
3.033715480799,2.63838067809619,8,35,8,0.85,0.89
3.7651790151017,-0.677657084740794,20,45,18,0.93,0.93
3.8400102356267,-1.60175170360488,17,42.5,12,0.85,0.85
4.48544372096992,-0.0678706013677701,6,35,8,0.91,0.89
4.55009068013191,0.539523526340074,14,35,10,0.91,0.89
4.28760306072798,1.07814525776881,10,35,8,0.91,0.87
4.51238329887149,-0.648766103871075,22,45,16,0.85,0.91
3.75025917676971,0.195997350047061,7,25,6,0.85,0.85
3.31165652165794,1.4936829426002,17,35,8,0.85,0.85
4.22323176194158,1.04789932020982,9,37.5,8,0.85,0.85
3.69307886599229,-0.451132515886976,6,25,8,0.85,0.95
3.10152145739954,0.796377549288907,12,40,12,0.93,0.85
3.62114297007497,1.05997040581685,16,30,8,0.85,0.89
2.6231555038319,-1.97961033340482,16,45,18,0.95,0.87
4.23281303586407,1.25811731482657,9,35,8,0.85,0.89
5.09449740979136,-1.10276407751434,12,40,12,0.91,0.91
3.00776019347898,1.27923795422769,14,25,8,0.85,0.91
3.85882955852892,1.25644199350153,17,35,8,0.85,0.85
3.69065493533864,-0.834985412072717,7,35,10,0.93,0.89
3.30610714807325,0.320057731003524,8,37.5,10,0.93,0.85
3.57969850078104,1.33649460043578,12,40,10,0.85,0.87
5.63284231116719,-0.438434477646017,15,40,12,0.93,0.85
3.23955295834929,0.0419119915247775,14,40,12,0.91,0.89
3.93296074482637,0.41504423262439,14,40,10,0.85,0.85
3.32890820478357,0.799941353963193,14,40,10,0.85,0.85
3.23329610598922,2.09062468327379,5,42.5,10,0.85,0.87
4.12758518329098,0.267570452778338,14,40,10,0.85,0.85
