pitcher,name,ht_in
695243,Mason Miller,77
676879,Aaron Ashby,72
687396,Brent Headrick,78
518585,Fernando Cruz,74
605483,Blake Snell,76
642397,Gregory Soto,73
623352,Josh Hader,75
656730,Trevor Megill,80
673540,Kodai Senga,73
607192,Tyler Glasnow,80
472610,Luis García,74
663855,Jordan Hicks,74
669093,Jeremiah Estrada,73
683000,Riley Cornelio,75
600917,José Leclerc,72
669062,Erik Miller,77
667755,José Soriano,75
671305,Michel Otañez,76
592094,Jason Adam,75
682842,Abner Uribe,75
683175,Connor Phillips,74
675911,Spencer Strider,72
664776,Jake Cousins,76
688158,David Morgan,72
663432,Tanner Rainey,75
642547,Freddy Peralta,72
607259,Nick Martinez,73
691587,Eury Pérez,80
662253,Andrés Muñoz,74
678061,Ray Kerr,75
678692,Ronny Henriquez,70
594580,Sam Moll,69
690925,Clayton Beeter,74
670950,Trevor Richards,74
656731,Tylor Megill,79
815083,Mitch Farris,74
670280,David Bednar,73
676282,Joey Cantillo,76
664875,Justin Lawrence,75
606149,Giovanny Gallegos,74
689296,Anthony Nunez,74
660853,Enyel De Los Santos,75
571510,Matthew Boyd,75
686993,Justin Sterner,73
605130,Scott Barlow,75
670990,Yohan Ramírez,75
676617,Riley O'Brien,76
681343,Shane Smith,75
668968,Hans Crouse,76
572020,James Paxton,76
683232,Nick Mears,75
682120,Tim Herrin,78
622259,Trey Wingenter,79
622554,Seranthony Domínguez,73
595014,Blake Treinen,77
663893,Brendon Little,74
608678,Dominic Leone,70
682274,Yaramil Hiraldo,73
681911,Alex Vesia,73
607455,Anthony Banda,74
668964,Tobias Myers,73
681870,Erik Sabrowski,76
801139,Payton Tolle,78
642629,Emmanuel Ramirez,74
680704,Nick Sandlin,71
669199,Lake Bachar,74
642100,Gabe Speier,71
805299,Brandyn Garcia,76
675627,Michael Grove,75
663947,Tyler Holton,74
656546,Jeff Hoffman,77
605177,Andrew Chafin,74
686218,Emmet Sheehan,77
592662,Robbie Ray,74
664849,Danny Young,75
679525,Alec Marsh,74
571578,Patrick Corbin,76
694037,Daniel Palencia,71
656550,Grant Holmes,72
680686,Josiah Gray,73
543243,Sonny Gray,70
592773,Ryne Stanek,76
547973,Aroldis Chapman,76
660271,Shohei Ohtani,76
656302,Dylan Cease,74
650633,Michael King,75
605242,Michael Fulmer,74
688642,Zach Agnos,72
694973,Paul Skenes,78
665795,Edward Cabrera,77
694350,Zach Brzykcy,74
677958,Kumar Rocker,77
669111,John McMillon,75
542881,Tyler Anderson,74
671737,Taj Bradley,74
668390,Cole Winn,74
683769,Hunter Gaddis,78
677955,Jaden Hill,76
642585,Félix Bautista,80
663558,Jovani Morán,73
667297,Tommy Nance,78
656464,Kevin Ginkel,76
666200,Jesús Luzardo,72
666204,Dany Jiménez,73
554430,Zack Wheeler,76
668909,Gavin Williams,78
663969,Tyler Phillips,77
650893,Génesis Cabrera,74
669796,Jose E. Hernandez,75
656234,Jake Bird,75
571656,Buck Farmer,76
650556,Bryan Abreu,73
640462,A.J. Puk,79
674384,Eduarniel Núñez,74
656986,Bennett Sousa,75
647336,Michael Soroka,77
664854,Ryan Helsley,74
670102,Bowden Francis,77
683004,Jack Leiter,73
657585,Reed Garrett,74
663986,Trevor Stephan,77
695505,Chase Burns,75
675848,Juan Mejia,75
806188,Cade Gibson,74
680694,Kyle Bradish,75
477132,Clayton Kershaw,76
805123,AJ Blubaugh,74
681857,Reese Olson,73
702056,Trey Yesavage,76
518886,Craig Kimbrel,72
657746,Joe Ryan,74
806185,Hayden Birdsong,77
672860,Prelander Berroa,71
682990,Quinn Priester,75
676962,Ben Brown,78
668881,Hunter Greene,77
663436,Davis Martin,74
663455,Konnor Pilkington,75
664076,Garrett Cleavinger,73
666157,Nick Lodolo,78
643410,Mark Leiter Jr.,72
641941,Emilio Pagán,74
686294,Amos Willingham,76
669373,Tarik Skubal,75
656638,Alex Lange,75
664141,JT Brubaker,76
677976,Randy Dobnak,73
680730,Mitchell Parker,76
641927,Bailey Ober,81
683409,Angel Chivilli,74
669302,Logan Gilbert,78
687863,Porter Hodge,76
673380,Dedniel Núñez,74
693433,Bryan Woo,74
676477,Garrett Whitlock,77
519043,Matt Moore,75
612434,Miguel Castro,79
519242,Chris Sale,78
641755,Tyler Kinley,76
687064,Brandon Young,78
661395,Jhoan Duran,77
806960,Luis Morales,75
679775,Kyle Backhus,76
683627,Anthony Molina,73
665622,Luis Medina,73
642232,Ryan Yarbrough,77
686790,Trevor McDonald,72
676714,Brandon Hughes,74
663556,Shane McClanahan,75
673929,Jordan Leasure,75
669276,Dylan Lee,75
640455,Sean Manaea,77
676428,Brant Hurter,78
669203,Corbin Burnes,75
687223,Carson Palmquist,75
608665,Kendall Graveman,74
641656,Ian Hamilton,73
657240,Julian Merryweather,76
691799,Grant Taylor,75
671131,Jackson Rutledge,80
663372,Ryan Feltner,76
696147,Sam Bachman,73
673513,Yuki Matsui,68
677960,Ryan Weathers,73
679885,Justin Martinez,75
694819,Jacob Misiorowski,79
593334,Domingo Germán,74
678020,Seth Halvorsen,74
656412,Alex Faedo,78
693312,Kyle Nicolas,75
641729,Joe Jiménez,75
668674,Lucas Erceg,74
628452,Raisel Iglesias,74
800311,Didier Fuentes,72
663776,Patrick Sandoval,75
829272,Shinnosuke Ogasawara,71
543135,Nathan Eovaldi,74
664126,Pete Fairbanks,78
813349,Connelly Early,75
676742,Cam Sanders,74
668941,JoJo Romero,71
521230,Liam Hendriks,72
663574,Tony Santillan,75
702674,Caden Dana,76
702273,Noah Schultz,82
571882,Derek Law,75
687931,Carson Whisenhunt,75
643377,Griffin Jax,74
625643,Reynaldo López,73
502043,Kyle Gibson,78
671922,Cade Smith,77
641745,Brad Keller,77
681293,Spencer Arrighetti,74
684049,Brandan Bidois,74
682825,Luis Mey,77
685801,Hunter Bigge,72
666201,Alek Manoah,78
666142,Cole Ragans,76
573009,Joe Mantiply,76
592848,Zack Weiss,75
690990,Cade Horton,73
665896,José Marte,75
676571,PJ Poulin,73
669022,MacKenzie Gore,74
677961,Cole Wilcox,77
700187,Troy Taylor,72
650911,Cristopher Sánchez,78
608718,Brent Suter,76
690997,Nolan McLean,74
642216,Allan Winans,74
605280,Clay Holmes,77
665660,Elvis Alvarado,78
686753,Drey Jameson,72
808963,Roki Sasaki,74
820862,José Fermin,75
572403,Drew VerHagen,78
681217,Chase Silseth,72
676917,Cade Cavalli,76
676105,Jeff Criswell,76
656529,Sam Hentges,80
605447,Jordan Romano,77
572955,Pierce Johnson,74
666808,Camilo Doval,74
663546,Sean Hjelle,83
656061,Albert Abreu,74
680742,Jonathan Bowlan,78
642701,Dennis Santana,74
670059,Colin Holderman,78
669467,Andre Pallante,72
453286,Max Scherzer,75
668933,Graham Ashcraft,74
605135,Chris Bassitt,77
663738,Daniel Lynch IV,78
683618,Edgardo Henriquez,76
656756,Jordan Montgomery,78
682610,Roddery Muñoz,74
669920,Jason Alexander,74
605488,Jeffrey Springs,75
805673,Zebby Matthews,77
665625,Elvis Peguero,76
681895,Evan Sisk,74
681982,Grant Anderson,72
608337,Lucas Giolito,78
656427,Jack Flaherty,76
605121,Justin Anderson,75
663623,Jake Irvin,78
607481,Aaron Bummer,75
543518,Scott McGough,71
681006,Josh Simpson,74
700270,Yilber Díaz,72
547179,Michael Lorenzen,73
658648,Pedro Avila,71
669854,Ronel Blanco,75
663671,Nic Enright,75
593576,Héctor Neris,74
622491,Luis Castillo,74
682254,Mason Montgomery,74
676979,Garrett Crochet,78
682171,Penn Murfee,74
656849,David Peterson,78
684007,Shota Imanaga,70
666711,Joel Peguero,70
687830,Sawyer Gipson-Long,76
606965,Chris Devenski,75
677944,Slade Cecconi,76
672391,Kaleb Ort,76
686610,Ken Waldichuk,76
657044,Ryan Thompson,77
624133,Ranger Suarez,73
621112,Paul Blackburn,73
450203,Charlie Morton,77
669432,Trevor Rogers,77
657376,Clarke Schmidt,73
689818,David Sandlin,76
518876,Merrill Kelly,74
605347,Jorge López,75
666277,George Soriano,74
592767,Drew Smyly,74
663903,Brady Singer,77
642207,Devin Williams,74
664294,Dauri Moreta,74
669713,Hayden Wesneski,75
702070,Noah Cameron,75
663158,Robert Suarez,74
694462,Hurston Waldrep,74
681676,Ryan Fernandez,72
594798,Jacob deGrom,76
656641,Jacob Latz,74
701643,Grant Hartwig,77
665152,Dean Kremer,74
666374,Matt Brash,73
607074,Carlos Rodón,74
663568,Stephen Kolek,75
669308,Sean Reynolds,80
657097,Jacob Webb,74
670124,Adam Oller,76
695380,Alex Hoppe,73
681882,Colin Selby,74
689254,Mason Fluharty,74
671096,Andrew Abbott,72
519141,Drew Pomeranz,77
623474,Jimmy Herget,75
607067,Colin Rea,77
621242,Edwin Díaz,75
669212,Eli Morgan,70
621244,José Berríos,72
669461,Matthew Liberatore,76
678906,Kai-Wei Teng,76
656492,Foster Griffin,75
676254,Ryan Walker,74
701542,Will Warren,74
592332,Kevin Gausman,74
605200,Zach Davies,72
680885,Spencer Schwellenbach,73
594902,Ben Lively,76
592866,Trevor Williams,75
670912,Johan Oviedo,78
663423,Trent Thornton,72
676130,José Buttó,72
506433,Yu Darvish,77
607536,Kyle Freeland,76
670329,Rico Garcia,69
686580,Justin Slaten,76
608379,Michael Wacha,78
676265,Cory Abbott,74
693313,Carson Seymour,77
543101,Anthony DeSclafani,74
669456,Shane Bieber,75
518489,Ryan Brasier,72
608566,Germán Márquez,73
693645,Cam Schlittler,78
686613,Hunter Brown,74
671936,Adam Macko,72
601713,Nick Pivetta,77
605397,Joe Musgrove,77
666214,Joey Wentz,77
678606,José A. Ferrer,73
696062,Wilber Dotel,75
680802,Ryan Weiss,76
677952,Braxton Ashcraft,77
500779,Jose Quintana,74
700712,Walbert Ureña,72
668678,Zac Gallen,74
502085,David Robertson,71
621139,Brooks Kriske,75
676106,Emerson Hancock,76
605452,Joe Ross,76
667463,John King,74
686642,Fraser Ellard,75
687765,Mitch Spence,73
686826,Bryce Jarvis,74
694851,Andrew Hoffmann,77
695534,Chase Petty,73
663474,Triston McKenzie,77
657649,Jared Koenig,77
542585,José Cisnero,75
669424,Jimmy Lambert,74
680897,Nick Nastrini,75
690953,Mick Abel,77
608371,Lucas Sims,74
678226,Daysbel Hernández,70
621366,Ryan Borucki,76
623211,Huascar Brazobán,75
657053,Touki Toussaint,75
688107,Robert Gasser,72
571946,Shelby Miller,75
605540,Brandon Woodruff,76
695549,Jackson Jobe,74
621107,Zach Eflin,78
656271,Brock Burke,76
670062,Julian Garcia,75
596133,Luke Weaver,74
623465,Evan Phillips,74
684320,Yariel Rodríguez,72
681190,Randy Vásquez,72
641154,Pablo López,76
656945,Tanner Scott,72
622253,Dillon Tate,74
628708,Yunior Marte,74
664062,Tony Gonsolin,75
687075,Brandon Sproat,75
519293,Will Smith,77
665871,Javier Assad,73
669371,Cole Henry,76
678022,Jack Perkins,73
664192,Joey Lucchesi,77
669622,Anthony Bender,76
656924,Ryder Ryan,74
595345,Steven Okert,74
668873,Caleb Kilian,76
641743,Anthony Kay,72
672578,Carlos Hernández,76
621121,Lance McCullers Jr.,73
669674,Sam Long,73
686973,Louis Varland,73
678495,Randy Rodríguez,72
660604,Alan Rangel,74
608723,Austin Voth,74
675660,Shane Drohan,74
667725,Kyle Tyler,72
694297,Brandon Pfaadt,76
682243,Bryce Miller,74
689017,Landon Knack,74
686839,Brendan White,71
676710,Kutter Crawford,73
685314,Andrew Saalfrank,75
656557,Tanner Houck,77
666171,Ryan Zeferjahn,77
666129,Braxton Garrett,74
685326,McCade Brown,78
664208,Phil Maton,74
674841,Andrew Alvarez,75
663878,Nate Pearson,78
691725,Andrew Painter,79
683742,Jose Franco,74
672282,Reid Detmers,74
623149,Paul Sewald,75
573124,Taylor Rogers,75
681347,Mike Burrows,73
679156,Walter Pennington,74
573204,Caleb Thielbar,72
598286,Nick Ramirez,76
687888,Brandon Walter,74
518397,Scott Alexander,74
622088,Tejay Antone,76
664285,Framber Valdez,71
669372,J.T. Ginn,74
519151,Ryan Pressly,74
605155,Colten Brewer,76
672456,Keider Montero,73
642546,Jonathan Hernández,75
543766,Bryan Shaw,73
672782,Yoendrys Gómez,75
801403,Chase Dollander,74
608331,Max Fried,76
593974,Wandy Peralta,72
592155,Cam Booser,75
519326,Hunter Strickland,75
700363,AJ Smith-Shawver,75
808967,Yoshinobu Yamamoto,70
691951,Sam Aldegheri,73
663941,Tristan Beck,76
687377,Orlando Ribalta,79
664299,Cristian Javier,73
552640,Andrew Kittredge,73
680744,Ty Madden,75
682052,Jacob Lopez,76
696270,Ryan Johnson,78
640451,Hunter Harvey,75
701656,Logan Henderson,72
701552,Andre Granillo,76
458681,Lance Lynn,77
687424,Anthony Maldonado,76
471911,Carlos Carrasco,76
593423,Frankie Montas,74
678024,Mike Vasil,77
663485,Cole Sands,75
605400,Aaron Nola,74
671212,Joe Boyle,80
641793,Zack Littell,76
676961,Caleb Boushley,75
656848,Michael Petersen,79
694813,Gavin Stone,73
669084,DL Hall,73
543339,Daniel Hudson,75
671106,Logan Allen,72
640448,Kyle Finnegan,74
656240,Scott Blewett,78
669711,Greg Weissert,74
643511,Tyler Rogers,75
621111,Walker Buehler,74
543056,Danny Coulombe,70
680570,Grayson Rodriguez,77
622786,Jesus Tinoco,76
680755,Braydon Fisher,76
657514,Brennan Bernardino,76
695445,Chase Lee,72
656288,Griffin Canning,74
621074,Michael Rucker,73
676702,Hunter Stratton,76
660761,José Suarez,70
607644,John Means,76
670970,Adrian Morejon,71
621114,Ryan Burr,76
664747,Alexis Díaz,74
669387,Carmen Mlodzinski,74
702352,Spencer Bivens,76
681892,Kody Funderburk,76
687562,Jake Bennett,78
622663,Luis Severino,74
641540,Dane Dunning,76
701487,Pierson Ohl,73
676272,Bobby Miller,77
676440,Tanner Bibee,74
693855,Ian Seymour,72
656457,Tyler Gilbert,75
596295,Austin Gomber,77
641712,Dakota Hudson,77
681869,Shawn Dubin,72
621381,Matt Strahm,74
672335,Cionel Pérez,72
605463,Tayler Scott,75
682227,Brandon Williamson,78
690986,Kyle Harrison,74
689672,Drew Thorpe,76
670046,Kenny Rosenberg,73
663704,James McArthur,79
669459,Kyle Nelson,73
642528,Jonathan Loáisiga,71
596001,Jakob Junis,75
661309,Adrián Martinez,74
682847,Luis Ortiz,74
669438,Mason Englert,76
669358,Shane Baz,75
571670,Dylan Floro,74
676684,Will Vest,72
663773,Bryan Hoeing,78
669947,Jesse Scholtens,76
605498,Andrew Suárez,72
690928,Hunter Dobbins,74
694738,Landen Roupp,74
686751,Seth Johnson,73
680732,Sean Burke,78
680767,Victor Vodnik,72
641672,Thomas Hatch,73
623167,Chris Flexen,75
686799,Jack Kochanowicz,79
592791,Jameson Taillon,77
684974,Craig Yoho,74
671345,Jason Foley,76
675512,Troy Melton,76
837227,Tatsuya Imai,71
683003,Jared Jones,72
656222,Jalen Beeks,71
669721,Davis Daniel,73
621363,Colin Poche,75
606303,Joel Payamps,75
641329,Bryan Baker,78
663321,Nick Hernandez,73
675921,Spencer Howard,75
657006,Justin Steele,74
670245,Ryan Watson,77
661403,Emmanuel Clase,74
543037,Gerrit Cole,76
694363,Jared Shuster,75
676534,Calvin Faucher,73
620454,José Castillo,78
701581,David Festa,78
640470,Adbert Alzolay,73
663687,Hogan Harris,75
687570,Connor Prielipp,74
693821,Bryce Elder,74
641871,Keynan Middleton,75
663559,Bailey Falter,76
663795,Justin Hagenman,75
622098,Drew Smith,74
700241,Michael McGreevy,76
696149,Bubba Chandler,75
678394,Brayan Bello,73
676974,Max Meyer,72
692285,Luis Guerrero,72
677161,Zack Kelly,75
642121,Cole Sulser,72
804636,Jonah Tong,73
642520,Gerson Garabito,72
605156,Aaron Brooks,76
674285,Eduardo Salazar,74
679883,Luinder Avila,75
592454,Tommy Kahnle,73
699134,Bradgley Rodriguez,73
701519,Travis Adams,73
687911,Bryan King,73
800048,Parker Messick,72
680739,Josh Winder,77
605288,Adrian Houser,76
600986,Thyago Vieira,75
681035,Christian Scott,76
607625,Seth Lugo,76
608638,JT Chargois,75
663460,Kris Bubic,75
641771,Chad Kuhl,75
571760,Andrew Heaney,74
664199,Taylor Clarke,75
702474,Mike Paredes,71
686752,Ryan Pepiot,75
669194,Ryne Nelson,75
622251,Josh Staumont,75
614179,José Ruiz,73
689225,Beau Brieske,75
681517,Kyle Leahy,77
623454,Drew Anderson,75
700669,Gordon Graceffo,76
642152,Lou Trivino III,77
543475,Jordan Lyles,77
695076,Rhett Lowder,73
689147,Orion Kerkering,74
669724,Brenan Hanifee,77
570632,José Ureña,74
543351,Jay Jackson,73
623437,Justin Topa,76
696136,Jordan Wicks,75
686930,Mason Barnett,72
663567,Peter Lambert,74
686563,Jonathan Cannon,78
669211,Keegan Akin,72
670174,Josh Winckowski,76
687792,DJ Herz,74
800049,Adam Mazur,74
622608,Antonio Senzatela,73
690916,Richard Fitts,75
543859,Michael Tonkin,79
676508,Ben Casparius,74
606996,Kyle Hart,77
670955,Edwin Uceta,72
687849,Zak Kent,75
676775,Keaton Winn,76
663767,Chase Shugart,71
621383,Tanner Banks,73
592426,Luke Jackson,74
687473,Ryan Gusto,76
666659,Sauryn Lao,74
669684,Chris Murphy,73
669912,Kirby Snead,73
680880,Grant Holman,78
668984,Casey Legumina,74
669330,Tyler Wells,80
694346,Trey Gibson,77
661440,Mauricio Llovera,71
621053,Tyler Ferguson,76
579328,Yusei Kikuchi,72
678368,Valente Bellozo,70
641401,Connor Brogdon,78
682010,Lane Ramsey,81
676760,Ron Marinaccio,74
674370,Osvaldo Bido,75
608334,Carson Fulmer,72
547943,Hyun Jin Ryu,75
527048,Martín Pérez,72
608717,Chris Stratton,74
642048,Tayler Saucedo,76
676395,Robert Garcia,76
686747,Joe La Sorsa,77
660896,Jorge Alcala,75
622065,Alex Young,75
592351,Jon Gray,76
686730,Carson Spiers,75
623433,Nick Anderson,76
523260,Joe Kelly,73
608032,Carlos Estévez,78
681810,Austin Warren,72
621051,Steven Wilson,76
694361,Will Klein,77
672710,Roansy Contreras,73
434378,Justin Verlander,77
700249,Cade Povich,75
699823,Tyler Davis,74
682608,Peyton Gray,76
668338,Tyson Miller,77
656605,Mitch Keller,75
696070,Kendry Rojas,74
669923,George Kirby,76
663531,Logan Allen,75
660825,Eduard Bazardo,72
605182,Mike Clevinger,76
694335,Matt Svanson,77
663554,Casey Mize,75
502624,Chase Anderson,73
676092,Collin Snider,76
695001,Alimber Santa,70
607179,Jordan Weems,76
685107,Anthony Veneziano,77
594943,Zach Neal,75
679358,Eric Orze,76
681402,Gus Varland,73
674003,Cody Bradford,76
628317,Kenta Maeda,73
670241,Darius Vines,73
669160,Dustin May,78
680684,Gunnar Hoglund,76
666974,Yennier Cano,76
593958,Eduardo Rodriguez,74
608372,Tomoyuki Sugano,73
664991,Grant Wolfram,79
660787,Yerry De los Santos,75
519008,T.J. McFarland,75
681799,Ethan Roberts,70
607200,Erick Fedde,76
657277,Logan Webb,74
641482,Nestor Cortes,70
655889,Manuel Rodríguez,71
687330,Kevin Kelly,74
685126,Brandon Eisert,74
663804,Jackson Kowar,77
676664,JP Sears,71
518617,Jake Diekman,76
677053,Andrew Nardi,75
663992,Richard Lovelady,72
571901,Aaron Loup,71
641585,J.P. France,72
606160,Rafael Montero,72
669020,Ryan Rolison,74
666661,Juan Morillo,73
621368,Taylor Hearn,78
676661,Max Lazar,73
657508,Mike Baumann,76
643338,Chad Green,75
646241,Enmanuel De Jesus,75
615698,Cal Quantrill,75
489446,Kirby Yates,70
681916,Dylan Smith,74
605513,Spencer Turnbull,75
645261,Sandy Alcantara,77
661563,Luis Gil,75
650644,Aaron Civale,73
628711,Julio Urías,72
613534,Austin Adams,75
663465,Kolby Allard,73
621345,A.J. Minter,72
493603,Adam Ottavino,77
657756,Connor Seabold,74
675540,Xzavion Curry,72
686539,Declan Cronin,76
608650,Dietrich Enns,73
688138,Logan Evans,76
669060,Bryse Wilson,74
687362,Connor Gillispie,71
542888,Shawn Armstrong,74
641835,Tim Mayza,75
543294,Kyle Hendricks,75
670167,John Schreiber,74
666619,Gregory Santos,75
554340,Yimi García,73
622503,Nabil Crismatt,73
641778,Eric Lauer,75
671111,Sammy Peralta,73
573186,Marcus Stroman,67
656578,Andre Jackson,75
594835,Marco Gonzales,73
672582,Angel Zerpa,72
571927,Steven Matz,74
641816,Tyler Mahle,75
656876,Drew Rasmussen,73
685299,Tanner Gordon,77
657424,Matt Gage,76
592836,Taijuan Walker,76
548384,Brooks Raley,75
630023,Yonny Chirinos,74
543521,Collin McHugh,74
572971,Dallas Keuchel,74
663399,Brandon Waddell,75
660261,Shintaro Fujinami,78
656794,Sean Newcomb,77
571948,Hoby Milner,75
695418,Brad Lord,75
686701,Ryan Bergert,73
694477,Chad Patrick,73
596057,Daniel Norris,74
669165,Kyle Hurt,75
663978,Chris Paddack,77
661527,Seth Martinez,74
544150,Albert Suárez,75
657024,Erik Swanson,75
680689,Lyon Richardson,74
547184,Michael Kelly,76
664353,José Urquidy,72
600921,Andrés Machado,73
543272,Brad Hand,75
624647,Victor González,72
663542,Bryan Hudson,80
676467,Colton Gordon,76
605154,John Brebbia,73
643493,Austin Pruitt,70
621389,Ty Blach,73
502171,Alex Cobb,75
702275,JR Ritchie,74
622072,Alex Wood,76
458677,Justin Wilson,74
676083,Janson Junk,74
641302,Tyler Alexander,73
666745,Jhony Brito,74
664139,Ian Gibaut,75
687134,Bradley Blalock,74
670036,Matt Festa,73
681168,Luis Curvelo,73
660600,Enoli Paredes,71
678215,Luarbert Arias,74
571945,Miles Mikolas,76
680573,Simeon Woods Richardson,75
672851,Joan Adon,74
425844,Zack Greinke,74
455119,Chris Martin,80
642016,Daniel Robert,76
663462,Isaiah Campbell,76
656232,Brandon Bielak,74
656686,Corbin Martin,74
663765,Jake Woodford,76
672841,Carlos Vargas,76
456501,Johnny Cueto,71
669422,Matt Sauer,76
668970,Gavin Hollowell,79
666159,Matt Manning,78
657571,Caleb Ferguson,75
666720,Yerry Rodríguez,74
621199,Matt Bowman,72
676263,Jack Dreyer,74
689690,Alek Jacob,75
641360,Phil Bickford,76
680735,Austin Cox,76
548389,Ross Stripling,73
656629,Michael Kopech,75
642028,Josh Rogers,75
608344,Cole Irvin,76
676604,Tyler Zuber,71
448179,Rich Hill,77
677865,Justin Bruihl,74
595881,Tyler Beede,74
642545,Jaime Barria,73
695611,Gage Jump,72
681867,Cooper Criswell,78
656186,Dan Altavilla,71
668868,Zack Thompson,74
666205,Kyle Muller,79
669952,Mitch White,75
674444,Steven Cruz,79
805326,Tyler Schweitzer,72
690544,Bailey Horn,74
686560,Gavin Collyer,73
489119,Wade Miley,73
647315,Zach Pop,76
543507,Trevor May,77
683155,Joey Estes,74
680736,Justin Wrobleski,73
650895,Diego Castillo,75
663362,Matt Waldron,74
693686,Spencer Miles,75
664350,Sixto Sánchez,72
641703,Brent Honeywell,74
445926,Jesse Chavez,73
676755,Isaac Mattson,74
687924,Julian Aguiar,75
607755,Andrew Vasquez,78
674072,Tommy Henry,75
691251,Andry Lara,76
572143,Burch Smith,76
680723,Drew Rom,73
668943,Ryan Miller,72
688297,Chris Roycroft,80
453268,Daniel Bard,76
689546,Nick Davila,75
641312,Shaun Anderson,78
592229,Dylan Covey,73
643256,Adam Cimber,75
425794,Adam Wainwright,79
696131,Mason Black,75
670766,Darren McCaughan,73
592789,Noah Syndergaard,78
570257,Joely Rodríguez,73
676680,Tom Cosgrove,74
668820,Max Kranick,75
676596,Josh Fleming,74
