team_id,team_name,conference,year,season_team_id,done
229,Fla. Atlantic,C-USA,2023,548144,FALSE
235,Florida,SEC,2025,596546,FALSE
235,Florida,SEC,2023,548147,FALSE
228,Florida A&M,SWAC,2025,596542,FALSE
228,Florida A&M,SWAC,2023,548143,FALSE
234,Florida St.,ACC,2025,596545,FALSE
234,Florida St.,ACC,2023,548146,FALSE
236,Fordham,Atlantic 10,2025,596547,FALSE
236,Fordham,Atlantic 10,2023,548148,FALSE
96,Fresno St.,Mountain West,2025,596707,FALSE
96,Fresno St.,Mountain West,2023,548104,FALSE
253,Ga. Southern,Sun Belt,2025,596551,FALSE
253,Ga. Southern,Sun Belt,2023,548152,FALSE
1092,Gardner-Webb,Big South,2025,596461,FALSE
1092,Gardner-Webb,Big South,2023,548056,FALSE
248,George Mason,Atlantic 10,2025,596548,FALSE
248,George Mason,Atlantic 10,2023,548149,FALSE
249,George Washington,Atlantic 10,2025,596549,FALSE
249,George Washington,Atlantic 10,2023,548150,FALSE
251,Georgetown,Big East,2025,596550,FALSE
251,Georgetown,Big East,2023,548151,FALSE
257,Georgia,SEC,2025,596554,FALSE
257,Georgia,SEC,2023,548155,FALSE
254,Georgia St.,Sun Belt,2025,596552,FALSE
254,Georgia St.,Sun Belt,2023,548153,FALSE
255,Georgia Tech,ACC,2025,596553,FALSE
255,Georgia Tech,ACC,2023,548154,FALSE
260,Gonzaga,WCC,2025,596555,FALSE
260,Gonzaga,WCC,2023,548156,FALSE
261,Grambling,SWAC,2025,596710,FALSE
261,Grambling,SWAC,2023,548157,FALSE
1104,Grand Canyon,WAC,2025,596462,FALSE
1104,Grand Canyon,WAC,2023,548057,FALSE
272,Hartford,DI Independent,2023,548158,FALSE
275,Harvard,Ivy League,2025,596556,FALSE
275,Harvard,Ivy League,2023,548159,FALSE
277,Hawaii,Big West,2025,596557,FALSE
277,Hawaii,Big West,2023,548160,FALSE
19651,High Point,Big South,2025,596705,FALSE
19651,High Point,Big South,2023,548067,FALSE
283,Hofstra,CAA,2025,596558,FALSE
283,Hofstra,CAA,2023,548161,FALSE
285,Holy Cross,Patriot,2025,596559,FALSE
285,Holy Cross,Patriot,2023,548162,FALSE
288,Houston,Big 12,2025,596561,FALSE
288,Houston,AAC,2023,548164,FALSE
287,Houston Christian,Southland,2025,596560,FALSE
287,Houston Christian,Southland,2023,548163,FALSE
301,Illinois,Big Ten,2025,596563,FALSE
301,Illinois,Big Ten,2023,548166,FALSE
299,Illinois St.,MVC,2025,596562,FALSE
299,Illinois St.,MVC,2023,548165,FALSE
306,Indiana,Big Ten,2025,596566,FALSE
306,Indiana,Big Ten,2023,548169,FALSE
305,Indiana St.,MVC,2025,596565,FALSE
305,Indiana St.,MVC,2023,548168,FALSE
310,Iona,MAAC,2025,596568,FALSE
310,Iona,MAAC,2023,548171,FALSE
312,Iowa,Big Ten,2025,596569,FALSE
312,Iowa,Big Ten,2023,548172,FALSE
314,Jackson St.,SWAC,2025,596570,FALSE
314,Jackson St.,SWAC,2023,548173,FALSE
316,Jacksonville,ASUN,2025,596572,FALSE
316,Jacksonville,ASUN,2023,548175,FALSE
315,Jacksonville St.,CUSA,2025,596571,FALSE
315,Jacksonville St.,ASUN,2023,548174,FALSE
317,James Madison,Sun Belt,2025,596573,FALSE
317,James Madison,Sun Belt,2023,548176,FALSE
328,Kansas,Big 12,2025,596575,FALSE
328,Kansas,Big 12,2023,548178,FALSE
327,Kansas St.,Big 12,2025,596574,FALSE
327,Kansas St.,Big 12,2023,548177,FALSE
1157,Kennesaw St.,CUSA,2025,596463,FALSE
1157,Kennesaw St.,ASUN,2023,548058,FALSE
331,Kent St.,MAC,2025,596576,FALSE
331,Kent St.,MAC,2023,548179,FALSE
334,Kentucky,SEC,2025,596577,FALSE
334,Kentucky,SEC,2023,548180,FALSE
361,LIU,NEC,2025,596711,FALSE
361,LIU,NEC,2023,548185,FALSE
370,LMU (CA),WCC,2025,596587,FALSE
370,LMU (CA),WCC,2023,548191,FALSE
365,LSU,SEC,2025,596583,FALSE
365,LSU,SEC,2023,548187,FALSE
342,Lafayette,Patriot,2025,596578,FALSE
342,Lafayette,Patriot,2023,548181,FALSE
346,Lamar University,Southland,2025,596579,FALSE
346,Lamar University,Southland,2023,548182,FALSE
349,Le Moyne,NEC,2025,596699,FALSE
352,Lehigh,Patriot,2025,596580,FALSE
352,Lehigh,Patriot,2023,548183,FALSE
355,Liberty,CUSA,2025,596581,FALSE
355,Liberty,ASUN,2023,548184,FALSE
30136,Lindenwood,OVC,2025,596695,FALSE
30136,Lindenwood,OVC,2023,548409,FALSE
28600,Lipscomb,ASUN,2025,596472,FALSE
28600,Lipscomb,ASUN,2023,548069,FALSE
32,Little Rock,OVC,2025,596488,FALSE
32,Little Rock,OVC,2023,548086,FALSE
99,Long Beach St.,Big West,2025,596507,FALSE
99,Long Beach St.,Big West,2023,548106,FALSE
363,Longwood,Big South,2025,596582,FALSE
363,Longwood,Big South,2023,548186,FALSE
671,Louisiana,Sun Belt,2025,596687,FALSE
671,Louisiana,Sun Belt,2023,548299,FALSE
366,Louisiana Tech,CUSA,2025,596584,FALSE
366,Louisiana Tech,C-USA,2023,548188,FALSE
367,Louisville,ACC,2025,596585,FALSE
367,Louisville,ACC,2023,548189,FALSE
380,Maine,America East,2025,596588,FALSE
380,Maine,America East,2023,548192,FALSE
381,Manhattan,MAAC,2025,596589,FALSE
381,Manhattan,MAAC,2023,548193,FALSE
386,Marist,MAAC,2025,596590,FALSE
386,Marist,MAAC,2023,548194,FALSE
388,Marshall,Sun Belt,2025,596591,FALSE
388,Marshall,Sun Belt,2023,548195,FALSE
392,Maryland,Big Ten,2025,596593,FALSE
392,Maryland,Big Ten,2023,548197,FALSE
400,Massachusetts,Atlantic 10,2025,596595,FALSE
400,Massachusetts,Atlantic 10,2023,548199,FALSE
402,McNeese,Southland,2025,596596,FALSE
402,McNeese,Southland,2023,548200,FALSE
404,Memphis,American,2025,596597,FALSE
404,Memphis,AAC,2023,548201,FALSE
406,Mercer,SoCon,2025,596598,FALSE
406,Mercer,SoCon,2023,548202,FALSE
,Mercyhurst,NEC,2025,596906,FALSE
410,Merrimack,MAAC,2025,596458,FALSE
410,Merrimack,NEC,2023,548052,FALSE
415,Miami (FL),ACC,2025,596600,FALSE
415,Miami (FL),ACC,2023,548204,FALSE
414,Miami (OH),MAC,2025,596599,FALSE
414,Miami (OH),MAC,2023,548203,FALSE
418,Michigan,Big Ten,2025,596602,FALSE
418,Michigan,Big Ten,2023,548206,FALSE
416,Michigan St.,Big Ten,2025,596601,FALSE
416,Michigan St.,Big Ten,2023,548205,FALSE
419,Middle Tenn.,CUSA,2025,596603,FALSE
419,Middle Tenn.,C-USA,2023,548207,FALSE
797,Milwaukee,Horizon,2025,596452,FALSE
797,Milwaukee,Horizon,2023,548046,FALSE
428,Minnesota,Big Ten,2025,596604,FALSE
428,Minnesota,Big Ten,2023,548208,FALSE
430,Mississippi St.,SEC,2025,596605,FALSE
430,Mississippi St.,SEC,2023,548209,FALSE
432,Mississippi Val.,SWAC,2025,596606,FALSE
432,Mississippi Val.,SWAC,2023,548210,FALSE
434,Missouri,SEC,2025,596608,FALSE
434,Missouri,SEC,2023,548212,FALSE
669,Missouri St.,MVC,2025,596685,FALSE
669,Missouri St.,MVC,2023,548297,FALSE
439,Monmouth,CAA,2025,596609,FALSE
439,Monmouth,CAA,2023,548213,FALSE
444,Morehead St.,OVC,2025,596610,FALSE
444,Morehead St.,OVC,2023,548214,FALSE
450,Mount St. Mary's,MAAC,2025,596611,FALSE
450,Mount St. Mary's,MAAC,2023,548215,FALSE
454,Murray St.,MVC,2025,596612,FALSE
454,Murray St.,MVC,2023,548216,FALSE
488,N.C. A&T,CAA,2025,596627,FALSE
488,N.C. A&T,CAA,2023,548233,FALSE
490,NC State,ACC,2025,596628,FALSE
490,NC State,ACC,2023,548234,FALSE
503,NIU,MAC,2025,596633,FALSE
503,NIU,MAC,2023,548239,FALSE
471,NJIT,America East,2025,596621,FALSE
471,NJIT,America East,2023,548226,FALSE
726,Navy,Patriot,2025,596431,FALSE
726,Navy,Patriot,2023,547916,FALSE
463,Nebraska,Big Ten,2025,596712,FALSE
463,Nebraska,Big Ten,2023,548222,FALSE
466,Nevada,Mountain West,2025,596620,FALSE
466,Nevada,Mountain West,2023,548225,FALSE
473,New Mexico,Mountain West,2025,596623,FALSE
473,New Mexico,Mountain West,2023,548228,FALSE
472,New Mexico St.,CUSA,2025,596622,FALSE
472,New Mexico St.,WAC,2023,548227,FALSE
474,New Orleans,Southland,2025,596624,FALSE
474,New Orleans,Southland,2023,548229,FALSE
482,Niagara,MAAC,2025,596625,FALSE
482,Niagara,MAAC,2023,548230,FALSE
483,Nicholls,Southland,2025,596713,FALSE
483,Nicholls,Southland,2023,548231,FALSE
485,Norfolk St.,NEC,2025,596626,FALSE
485,Norfolk St.,NEC,2023,548232,FALSE
487,North Ala.,ASUN,2025,596475,FALSE
487,North Ala.,ASUN,2023,548072,FALSE
457,North Carolina,ACC,2025,596614,FALSE
457,North Carolina,ACC,2023,548218,FALSE
493,North Dakota St.,Summit League,2025,596629,FALSE
493,North Dakota St.,Summit League,2023,548235,FALSE
2711,North Florida,ASUN,2025,596467,FALSE
2711,North Florida,ASUN,2023,548062,FALSE
500,Northeastern,CAA,2025,596631,FALSE
500,Northeastern,CAA,2023,548237,FALSE
502,Northern Colo.,Summit League,2025,596632,FALSE
502,Northern Colo.,Summit League,2023,548238,FALSE
505,Northern Ky.,Horizon,2025,596634,FALSE
505,Northern Ky.,Horizon,2023,548240,FALSE
509,Northwestern,Big Ten,2025,596636,FALSE
509,Northwestern,Big Ten,2023,548242,FALSE
508,Northwestern St.,Southland,2025,596635,FALSE
508,Northwestern St.,Southland,2023,548241,FALSE
513,Notre Dame,ACC,2025,596637,FALSE
513,Notre Dame,ACC,2023,548243,FALSE
514,Oakland,Horizon,2025,596638,FALSE
514,Oakland,Horizon,2023,548244,FALSE
519,Ohio,MAC,2025,596640,FALSE
519,Ohio,MAC,2023,548246,FALSE
518,Ohio St.,Big Ten,2025,596639,FALSE
518,Ohio St.,Big Ten,2023,548245,FALSE
522,Oklahoma,SEC,2025,596641,FALSE
522,Oklahoma,Big 12,2023,548248,FALSE
521,Oklahoma St.,Big 12,2025,596714,FALSE
521,Oklahoma St.,Big 12,2023,548247,FALSE
523,Old Dominion,Sun Belt,2025,596642,FALSE
523,Old Dominion,Sun Belt,2023,548249,FALSE
433,Ole Miss,SEC,2025,596607,FALSE
433,Ole Miss,SEC,2023,548211,FALSE
464,Omaha,Summit League,2025,596618,FALSE
464,Omaha,Summit League,2023,548223,FALSE
527,Oral Roberts,Summit League,2025,596715,FALSE
527,Oral Roberts,Summit League,2023,548250,FALSE
529,Oregon,Big Ten,2025,596644,FALSE
529,Oregon,Pac-12,2023,548252,FALSE
528,Oregon St.,DI Independent,2025,596643,FALSE
528,Oregon St.,Pac-12,2023,548251,FALSE
534,Pacific,WCC,2025,596645,FALSE
534,Pacific,WCC,2023,548253,FALSE
540,Penn,Ivy League,2025,596716,FALSE
540,Penn,Ivy League,2023,548256,FALSE
539,Penn St.,Big Ten,2025,596647,FALSE
539,Penn St.,Big Ten,2023,548255,FALSE
541,Pepperdine,WCC,2025,596648,FALSE
541,Pepperdine,WCC,2023,548257,FALSE
545,Pittsburgh,ACC,2025,596649,FALSE
545,Pittsburgh,ACC,2023,548258,FALSE
551,Portland,WCC,2025,596650,FALSE
551,Portland,WCC,2023,548259,FALSE
553,Prairie View,SWAC,2025,596651,FALSE
553,Prairie View,SWAC,2023,548260,FALSE
1320,Presbyterian,Big South,2025,596464,FALSE
1320,Presbyterian,Big South,2023,548059,FALSE
554,Princeton,Ivy League,2025,596652,FALSE
554,Princeton,Ivy League,2023,548261,FALSE
559,Purdue,Big Ten,2025,596653,FALSE
559,Purdue,Big Ten,2023,548262,FALSE
308,Purdue Fort Wayne,Horizon,2025,596567,FALSE
308,Purdue Fort Wayne,Horizon,2023,548170,FALSE
11504,Queens (NC),ASUN,2025,596696,FALSE
11504,Queens (NC),ASUN,2023,548435,FALSE
562,Quinnipiac,MAAC,2025,596654,FALSE
562,Quinnipiac,MAAC,2023,548263,FALSE
563,Radford,Big South,2025,596655,FALSE
563,Radford,Big South,2023,548264,FALSE
572,Rhode Island,Atlantic 10,2025,596656,FALSE
572,Rhode Island,Atlantic 10,2023,548265,FALSE
574,Rice,American,2025,596657,FALSE
574,Rice,C-USA,2023,548266,FALSE
575,Richmond,Atlantic 10,2025,596658,FALSE
575,Richmond,Atlantic 10,2023,548267,FALSE
576,Rider,MAAC,2025,596659,FALSE
576,Rider,MAAC,2023,548268,FALSE
587,Rutgers,Big Ten,2025,596660,FALSE
587,Rutgers,Big Ten,2023,548269,FALSE
676,SFA,Southland,2025,596689,FALSE
676,SFA,WAC,2023,548301,FALSE
660,SIUE,OVC,2025,596683,FALSE
660,SIUE,OVC,2023,548294,FALSE
102,Sacramento St.,WAC,2025,596509,FALSE
102,Sacramento St.,WAC,2023,548108,FALSE
590,Sacred Heart,MAAC,2025,596661,FALSE
590,Sacred Heart,NEC,2023,548270,FALSE
606,Saint Joseph's,Atlantic 10,2025,596663,FALSE
606,Saint Joseph's,Atlantic 10,2023,548273,FALSE
609,Saint Louis,Atlantic 10,2025,596664,FALSE
609,Saint Louis,Atlantic 10,2023,548274,FALSE
610,Saint Mary's (CA),WCC,2025,596665,FALSE
610,Saint Mary's (CA),WCC,2023,548275,FALSE
617,Saint Peter's,MAAC,2025,596666,FALSE
617,Saint Peter's,MAAC,2023,548276,FALSE
624,Sam Houston,CUSA,2025,596667,FALSE
624,Sam Houston,WAC,2023,548277,FALSE
625,Samford,SoCon,2025,596668,FALSE
625,Samford,SoCon,2023,548278,FALSE
627,San Diego,WCC,2025,596670,FALSE
627,San Diego,WCC,2023,548280,FALSE
626,San Diego St.,Mountain West,2025,596669,FALSE
626,San Diego St.,Mountain West,2023,548279,FALSE
629,San Francisco,WCC,2025,596671,FALSE
629,San Francisco,WCC,2023,548281,FALSE
630,San Jose St.,Mountain West,2025,596672,FALSE
630,San Jose St.,Mountain West,2023,548282,FALSE
631,Santa Clara,WCC,2025,596673,FALSE
631,Santa Clara,WCC,2023,548283,FALSE
1356,Seattle U,WAC,2025,596465,FALSE
1356,Seattle U,WAC,2023,548060,FALSE
635,Seton Hall,Big East,2025,596674,FALSE
635,Seton Hall,Big East,2023,548284,FALSE
639,Siena,MAAC,2025,596675,FALSE
639,Siena,MAAC,2023,548285,FALSE
646,South Alabama,Sun Belt,2025,596676,FALSE
646,South Alabama,Sun Belt,2023,548286,FALSE
648,South Carolina,SEC,2025,596677,FALSE
648,South Carolina,SEC,2023,548287,FALSE
649,South Dakota St.,Summit League,2025,596678,FALSE
649,South Dakota St.,Summit League,2023,548288,FALSE
651,South Fla.,American,2025,596679,FALSE
651,South Fla.,AAC,2023,548289,FALSE
654,Southeast Mo. St.,OVC,2025,596718,FALSE
654,Southeast Mo. St.,OVC,2023,548290,FALSE
655,Southeastern La.,Southland,2025,596680,FALSE
655,Southeastern La.,Southland,2023,548291,FALSE
657,Southern California,Big Ten,2025,596681,FALSE
657,Southern California,Pac-12,2023,548292,FALSE
659,Southern Ill.,MVC,2025,596682,FALSE
659,Southern Ill.,MVC,2023,548293,FALSE
661,Southern Ind.,OVC,2025,596697,FALSE
661,Southern Ind.,OVC,2023,548531,FALSE
664,Southern Miss.,Sun Belt,2025,596719,FALSE
664,Southern Miss.,Sun Belt,2023,548295,FALSE
665,Southern U.,SWAC,2025,596684,FALSE
665,Southern U.,SWAC,2023,548296,FALSE
596,St. Bonaventure,Atlantic 10,2025,596662,FALSE
596,St. Bonaventure,Atlantic 10,2023,548271,FALSE
603,St. John's (NY),Big East,2025,596717,FALSE
603,St. John's (NY),Big East,2023,548272,FALSE
620,St. Thomas (MN),Summit League,2025,596417,FALSE
620,St. Thomas (MN),Summit League,2023,547857,FALSE
674,Stanford,ACC,2025,596688,FALSE
674,Stanford,Pac-12,2023,548300,FALSE
678,Stetson,ASUN,2025,596720,FALSE
678,Stetson,ASUN,2023,548302,FALSE
682,Stonehill,NEC,2025,596698,FALSE
682,Stonehill,NEC,2023,548532,FALSE
683,Stony Brook,CAA,2025,596690,FALSE
683,Stony Brook,CAA,2023,548303,FALSE
698,TCU,Big 12,2025,596421,FALSE
698,TCU,Big 12,2023,547862,FALSE
1395,Tarleton St.,WAC,2025,596700,FALSE
1395,Tarleton St.,WAC,2023,547858,FALSE
694,Tennessee,SEC,2025,596721,FALSE
694,Tennessee,SEC,2023,548305,FALSE
692,Tennessee Tech,OVC,2025,596691,FALSE
692,Tennessee Tech,OVC,2023,548304,FALSE
703,Texas,SEC,2025,596425,FALSE
703,Texas,Big 12,2023,547866,FALSE
697,Texas A&M,SEC,2025,596420,FALSE
697,Texas A&M,SEC,2023,547861,FALSE
699,Texas Southern,SWAC,2025,596422,FALSE
699,Texas Southern,SWAC,2023,547863,FALSE
670,Texas St.,Sun Belt,2025,596686,FALSE
670,Texas St.,Sun Belt,2023,548298,FALSE
700,Texas Tech,Big 12,2025,596423,FALSE
700,Texas Tech,Big 12,2023,547864,FALSE
141,The Citadel,SoCon,2025,596522,FALSE
141,The Citadel,SoCon,2023,548121,FALSE
709,Toledo,MAC,2025,596427,FALSE
709,Toledo,MAC,2023,547868,FALSE
711,Towson,CAA,2025,596428,FALSE
711,Towson,CAA,2023,547869,FALSE
716,Troy,Sun Belt,2025,596429,FALSE
716,Troy,Sun Belt,2023,547872,FALSE
718,Tulane,American,2025,596701,FALSE
718,Tulane,AAC,2023,547879,FALSE
9,UAB,American,2025,596481,FALSE
9,UAB,C-USA,2023,548078,FALSE
14,UAlbany,America East,2025,596482,FALSE
14,UAlbany,America East,2023,548079,FALSE
108,UC Davis,Big West,2025,596512,FALSE
108,UC Davis,Big West,2023,548111,FALSE
109,UC Irvine,Big West,2025,596513,FALSE
109,UC Irvine,Big West,2023,548112,FALSE
111,UC Riverside,Big West,2025,596515,FALSE
111,UC Riverside,Big West,2023,548114,FALSE
112,UC San Diego,Big West,2025,596694,FALSE
112,UC San Diego,Big West,2023,548308,FALSE
104,UC Santa Barbara,Big West,2025,596510,FALSE
104,UC Santa Barbara,Big West,2023,548109,FALSE
128,UCF,Big 12,2025,596519,FALSE
128,UCF,AAC,2023,548118,FALSE
110,UCLA,Big Ten,2025,596514,FALSE
110,UCLA,Pac-12,2023,548113,FALSE
164,UConn,Big East,2025,596526,FALSE
164,UConn,Big East,2023,548125,FALSE
302,UIC,MVC,2025,596564,FALSE
302,UIC,MVC,2023,548167,FALSE
2743,UIW,Southland,2025,596468,FALSE
2743,UIW,Southland,2023,548063,FALSE
498,ULM,Sun Belt,2025,596630,FALSE
498,ULM,Sun Belt,2023,548236,FALSE
391,UMBC,America East,2025,596592,FALSE
391,UMBC,America East,2023,548196,FALSE
393,UMES,NEC,2025,596594,FALSE
393,UMES,NEC,2023,548198,FALSE
368,UMass Lowell,America East,2025,596586,FALSE
368,UMass Lowell,America East,2023,548190,FALSE
456,UNC Asheville,Big South,2025,596613,FALSE
456,UNC Asheville,Big South,2023,548217,FALSE
459,UNC Greensboro,SoCon,2025,596616,FALSE
459,UNC Greensboro,SoCon,2023,548220,FALSE
460,UNCW,CAA,2025,596617,FALSE
460,UNCW,CAA,2023,548221,FALSE
465,UNLV,Mountain West,2025,596619,FALSE
465,UNLV,Mountain West,2023,548224,FALSE
10411,USC Upstate,Big South,2025,596469,FALSE
10411,USC Upstate,Big South,2023,548065,FALSE
702,UT Arlington,WAC,2025,596424,FALSE
702,UT Arlington,WAC,2023,547865,FALSE
695,UT Martin,OVC,2025,596692,FALSE
695,UT Martin,OVC,2023,548306,FALSE
536,UTRGV,Southland,2025,596646,FALSE
536,UTRGV,WAC,2023,548254,FALSE
706,UTSA,American,2025,596426,FALSE
706,UTSA,C-USA,2023,547867,FALSE
732,Utah,Big 12,2025,596432,FALSE
732,Utah,Pac-12,2023,547934,FALSE
30095,Utah Tech,WAC,2025,596418,FALSE
30095,Utah Tech,WAC,2023,547859,FALSE
30024,Utah Valley,WAC,2025,596474,FALSE
30024,Utah Valley,WAC,2023,548071,FALSE
740,VCU,Atlantic 10,2025,596436,FALSE
740,VCU,Atlantic 10,2023,547984,FALSE
741,VMI,SoCon,2025,596437,FALSE
741,VMI,SoCon,2023,547996,FALSE
735,Valparaiso,MVC,2025,596433,FALSE
735,Valparaiso,MVC,2023,547947,FALSE
736,Vanderbilt,SEC,2025,596434,FALSE
736,Vanderbilt,SEC,2023,547958,FALSE
739,Villanova,Big East,2025,596435,FALSE
739,Villanova,Big East,2023,547973,FALSE
746,Virginia,ACC,2025,596439,FALSE
746,Virginia,ACC,2023,548019,FALSE
742,Virginia Tech,ACC,2025,596438,FALSE
742,Virginia Tech,ACC,2023,548006,FALSE
748,Wagner,NEC,2025,596440,FALSE
748,Wagner,NEC,2023,548030,FALSE
749,Wake Forest,ACC,2025,596441,FALSE
749,Wake Forest,ACC,2023,548035,FALSE
756,Washington,Big Ten,2025,596443,FALSE
756,Washington,Pac-12,2023,548037,FALSE
754,Washington St.,Mountain West,2025,596442,FALSE
754,Washington St.,Pac-12,2023,548036,FALSE
,West Ga.,ASUN,2025,596947,FALSE
768,West Virginia,Big 12,2025,596444,FALSE
768,West Virginia,Big 12,2023,548038,FALSE
769,Western Caro.,SoCon,2025,596445,FALSE
769,Western Caro.,SoCon,2023,548039,FALSE
771,Western Ill.,OVC,2025,596446,FALSE
771,Western Ill.,Summit League,2023,548040,FALSE
772,Western Ky.,CUSA,2025,596447,FALSE
772,Western Ky.,C-USA,2023,548041,FALSE
774,Western Mich.,MAC,2025,596448,FALSE
774,Western Mich.,MAC,2023,548042,FALSE
782,Wichita St.,American,2025,596449,FALSE
782,Wichita St.,AAC,2023,548043,FALSE
786,William & Mary,CAA,2025,596450,FALSE
786,William & Mary,CAA,2023,548044,FALSE
792,Winthrop,Big South,2025,596451,FALSE
792,Winthrop,Big South,2023,548045,FALSE
2915,Wofford,SoCon,2025,596704,FALSE
2915,Wofford,SoCon,2023,548064,FALSE
810,Wright St.,Horizon,2025,596453,FALSE
810,Wright St.,Horizon,2023,548047,FALSE
812,Xavier,Big East,2025,596454,FALSE
812,Xavier,Big East,2023,548048,FALSE
813,Yale,Ivy League,2025,596455,FALSE
813,Yale,Ivy League,2023,548049,FALSE
817,Youngstown St.,Horizon,2025,596456,FALSE
817,Youngstown St.,Horizon,2023,548050,FALSE
