team_id,team_name,conference,year,season_team_id
26172,A&M-Corpus Christi,Southland,2025,596471
26172,A&M-Corpus Christi,Southland,2024,573989
26172,A&M-Corpus Christi,Southland,2023,548068
2,Abilene Christian,WAC,2025,596477
2,Abilene Christian,WAC,2024,573995
2,Abilene Christian,WAC,2023,548074
721,Air Force,Mountain West,2025,596430
721,Air Force,Mountain West,2024,573924
721,Air Force,Mountain West,2023,547889
5,Akron,MAC,2025,596419
5,Akron,MAC,2024,573912
5,Akron,MAC,2023,547860
8,Alabama,SEC,2025,596480
8,Alabama,SEC,2024,573998
8,Alabama,SEC,2023,548077
6,Alabama A&M,SWAC,2025,596478
6,Alabama A&M,SWAC,2024,573996
6,Alabama A&M,SWAC,2023,548075
7,Alabama St.,SWAC,2025,596479
7,Alabama St.,SWAC,2024,573997
7,Alabama St.,SWAC,2023,548076
17,Alcorn,SWAC,2025,596483
17,Alcorn,SWAC,2024,574001
17,Alcorn,SWAC,2023,548080
27,App State,Sun Belt,2025,596484
27,App State,Sun Belt,2024,574002
27,App State,Sun Belt,2023,548081
29,Arizona,Big 12,2025,596706
29,Arizona,Pac-12,2024,574004
29,Arizona,Pac-12,2023,548083
28,Arizona St.,Big 12,2025,596485
28,Arizona St.,Pac-12,2024,574003
28,Arizona St.,Pac-12,2023,548082
2678,Ark.-Pine Bluff,SWAC,2025,596466
2678,Ark.-Pine Bluff,SWAC,2024,573982
2678,Ark.-Pine Bluff,SWAC,2023,548061
31,Arkansas,SEC,2025,596487
31,Arkansas,SEC,2024,574006
31,Arkansas,SEC,2023,548085
30,Arkansas St.,Sun Belt,2025,596486
30,Arkansas St.,Sun Belt,2024,574005
30,Arkansas St.,Sun Belt,2023,548084
725,Army West Point,Patriot,2025,596702
725,Army West Point,Patriot,2024,573925
725,Army West Point,Patriot,2023,547902
37,Auburn,SEC,2025,596489
37,Auburn,SEC,2024,574008
37,Auburn,SEC,2023,548087
43,Austin Peay,ASUN,2025,596490
43,Austin Peay,ASUN,2024,574009
43,Austin Peay,ASUN,2023,548088
77,BYU,Big 12,2025,596499
77,BYU,Big 12,2024,574018
77,BYU,WCC,2023,548097
47,Ball St.,MAC,2025,596491
47,Ball St.,MAC,2024,574010
47,Ball St.,MAC,2023,548089
51,Baylor,Big 12,2025,596493
51,Baylor,Big 12,2024,574012
51,Baylor,Big 12,2023,548091
52,Bellarmine,ASUN,2025,596693
52,Bellarmine,ASUN,2024,574228
52,Bellarmine,ASUN,2023,548307
14927,Belmont,MVC,2025,596470
14927,Belmont,MVC,2024,573987
14927,Belmont,MVC,2023,548066
61,Bethune-Cookman,SWAC,2025,596494
61,Bethune-Cookman,SWAC,2024,574013
61,Bethune-Cookman,SWAC,2023,548092
62,Binghamton,America East,2025,596495
62,Binghamton,America East,2024,574014
62,Binghamton,America East,2023,548093
67,Boston College,ACC,2025,596496
67,Boston College,ACC,2024,574015
67,Boston College,ACC,2023,548094
71,Bowling Green,MAC,2025,596497
71,Bowling Green,MAC,2024,574016
71,Bowling Green,MAC,2023,548095
72,Bradley,MVC,2025,596498
72,Bradley,MVC,2024,574017
72,Bradley,MVC,2023,548096
80,Brown,Ivy League,2025,596500
80,Brown,Ivy League,2024,574019
80,Brown,Ivy League,2023,548098
81,Bryant,America East,2025,596501
81,Bryant,America East,2024,574020
81,Bryant,America East,2023,548099
83,Bucknell,Patriot,2025,596502
83,Bucknell,Patriot,2024,574021
83,Bucknell,Patriot,2023,548100
87,Butler,Big East,2025,596503
87,Butler,Big East,2024,574022
87,Butler,Big East,2023,548101
94,CSU Bakersfield,Big West,2025,596505
94,CSU Bakersfield,Big West,2024,574024
94,CSU Bakersfield,Big West,2023,548103
101,CSUN,Big West,2025,596508
101,CSUN,Big West,2024,574028
101,CSUN,Big West,2023,548107
90,Cal Poly,Big West,2025,596504
90,Cal Poly,Big West,2024,574023
90,Cal Poly,Big West,2023,548102
97,Cal St. Fullerton,Big West,2025,596506
97,Cal St. Fullerton,Big West,2024,574026
97,Cal St. Fullerton,Big West,2023,548105
107,California,ACC,2025,596511
107,California,Pac-12,2024,574031
107,California,Pac-12,2023,548110
30135,California Baptist,WAC,2025,596476
30135,California Baptist,WAC,2024,573994
30135,California Baptist,WAC,2023,548073
115,Campbell,CAA,2025,596516
115,Campbell,CAA,2024,574036
115,Campbell,Big South,2023,548115
116,Canisius,MAAC,2025,596517
116,Canisius,MAAC,2024,574037
116,Canisius,MAAC,2023,548116
1004,Central Ark.,ASUN,2025,596457
1004,Central Ark.,ASUN,2024,573972
1004,Central Ark.,ASUN,2023,548051
127,Central Conn. St.,NEC,2025,596518
127,Central Conn. St.,NEC,2024,574038
127,Central Conn. St.,NEC,2023,548117
129,Central Mich.,MAC,2025,596520
129,Central Mich.,MAC,2024,574040
129,Central Mich.,MAC,2023,548119
48,Charleston So.,Big South,2025,596492
48,Charleston So.,Big South,2024,574011
48,Charleston So.,Big South,2023,548090
458,Charlotte,American,2025,596615
458,Charlotte,AAC,2024,574140
458,Charlotte,C-USA,2023,548219
140,Cincinnati,Big 12,2025,596521
140,Cincinnati,Big 12,2024,574041
140,Cincinnati,AAC,2023,548120
147,Clemson,ACC,2025,596523
147,Clemson,ACC,2024,574043
147,Clemson,ACC,2023,548122
149,Coastal Carolina,Sun Belt,2025,596524
149,Coastal Carolina,Sun Belt,2024,574044
149,Coastal Carolina,Sun Belt,2023,548123
1014,Col. of Charleston,CAA,2025,596459
1014,Col. of Charleston,CAA,2024,573974
1014,Col. of Charleston,CAA,2023,548053
158,Columbia,Ivy League,2025,596525
158,Columbia,Ivy League,2024,574045
158,Columbia,Ivy League,2023,548124
165,Coppin St.,NEC,2025,596527
165,Coppin St.,NEC,2024,574047
165,Coppin St.,NEC,2023,548126
167,Cornell,Ivy League,2025,596528
167,Cornell,Ivy League,2024,574048
167,Cornell,Ivy League,2023,548127
169,Creighton,Big East,2025,596529
169,Creighton,Big East,2024,574049
169,Creighton,Big East,2023,548128
1045,DBU,CUSA,2025,596703
1045,DBU,CUSA,2024,573975
1045,DBU,C-USA,2023,548054
172,Dartmouth,Ivy League,2025,596530
172,Dartmouth,Ivy League,2024,574050
172,Dartmouth,Ivy League,2023,548129
173,Davidson,Atlantic 10,2025,596531
173,Davidson,Atlantic 10,2024,574051
173,Davidson,Atlantic 10,2023,548130
175,Dayton,Atlantic 10,2025,596532
175,Dayton,Atlantic 10,2024,574052
175,Dayton,Atlantic 10,2023,548131
180,Delaware,CAA,2025,596534
180,Delaware,CAA,2024,574054
180,Delaware,CAA,2023,548133
178,Delaware St.,NEC,2025,596533
178,Delaware St.,NEC,2024,574053
178,Delaware St.,NEC,2023,548132
193,Duke,ACC,2025,596708
193,Duke,ACC,2024,574055
193,Duke,ACC,2023,548134
198,ETSU,SoCon,2025,596536
198,ETSU,SoCon,2024,574057
198,ETSU,SoCon,2023,548136
196,East Carolina,American,2025,596535
196,East Carolina,AAC,2024,574056
196,East Carolina,AAC,2023,548135
201,Eastern Ill.,OVC,2025,596537
201,Eastern Ill.,OVC,2024,574058
201,Eastern Ill.,OVC,2023,548137
202,Eastern Ky.,ASUN,2025,596538
202,Eastern Ky.,ASUN,2024,574059
202,Eastern Ky.,ASUN,2023,548138
204,Eastern Mich.,MAC,2025,596539
204,Eastern Mich.,MAC,2024,574060
204,Eastern Mich.,MAC,2023,548139
1068,Elon,CAA,2025,596460
1068,Elon,CAA,2024,573976
1068,Elon,CAA,2023,548055
219,Evansville,MVC,2025,596709
219,Evansville,MVC,2024,574061
219,Evansville,MVC,2023,548140
222,FDU,NEC,2025,596541
222,FDU,NEC,2024,574063
28755,FGCU,ASUN,2025,596473
28755,FGCU,ASUN,2024,573991
28755,FGCU,ASUN,2023,548070
231,FIU,CUSA,2025,596544
231,FIU,CUSA,2024,574066
231,FIU,C-USA,2023,548145
220,Fairfield,MAAC,2025,596540
220,Fairfield,MAAC,2024,574062
220,Fairfield,MAAC,2023,548141
222,Fairleigh Dickinson,NEC,2023,548142
229,Fla. Atlantic,American,2025,596543
229,Fla. Atlantic,AAC,2024,574065
229,Fla. Atlantic,C-USA,2023,548144
235,Florida,SEC,2025,596546
235,Florida,SEC,2024,574068
235,Florida,SEC,2023,548147
228,Florida A&M,SWAC,2025,596542
228,Florida A&M,SWAC,2024,574064
228,Florida A&M,SWAC,2023,548143
234,Florida St.,ACC,2025,596545
234,Florida St.,ACC,2024,574067
234,Florida St.,ACC,2023,548146
236,Fordham,Atlantic 10,2025,596547
236,Fordham,Atlantic 10,2024,574069
236,Fordham,Atlantic 10,2023,548148
96,Fresno St.,Mountain West,2025,596707
96,Fresno St.,Mountain West,2024,574025
96,Fresno St.,Mountain West,2023,548104
253,Ga. Southern,Sun Belt,2025,596551
253,Ga. Southern,Sun Belt,2024,574073
253,Ga. Southern,Sun Belt,2023,548152
1092,Gardner-Webb,Big South,2025,596461
1092,Gardner-Webb,Big South,2024,573977
1092,Gardner-Webb,Big South,2023,548056
248,George Mason,Atlantic 10,2025,596548
248,George Mason,Atlantic 10,2024,574070
248,George Mason,Atlantic 10,2023,548149
249,George Washington,Atlantic 10,2025,596549
249,George Washington,Atlantic 10,2024,574071
249,George Washington,Atlantic 10,2023,548150
251,Georgetown,Big East,2025,596550
251,Georgetown,Big East,2024,574072
251,Georgetown,Big East,2023,548151
257,Georgia,SEC,2025,596554
257,Georgia,SEC,2024,574076
257,Georgia,SEC,2023,548155
254,Georgia St.,Sun Belt,2025,596552
254,Georgia St.,Sun Belt,2024,574074
254,Georgia St.,Sun Belt,2023,548153
255,Georgia Tech,ACC,2025,596553
255,Georgia Tech,ACC,2024,574075
255,Georgia Tech,ACC,2023,548154
260,Gonzaga,WCC,2025,596555
260,Gonzaga,WCC,2024,574077
260,Gonzaga,WCC,2023,548156
261,Grambling,SWAC,2025,596710
261,Grambling,SWAC,2024,574078
261,Grambling,SWAC,2023,548157
1104,Grand Canyon,WAC,2025,596462
1104,Grand Canyon,WAC,2024,573978
1104,Grand Canyon,WAC,2023,548057
272,Hartford,DI Independent,2023,548158
275,Harvard,Ivy League,2025,596556
275,Harvard,Ivy League,2024,574080
275,Harvard,Ivy League,2023,548159
277,Hawaii,Big West,2025,596557
277,Hawaii,Big West,2024,574081
277,Hawaii,Big West,2023,548160
19651,High Point,Big South,2025,596705
19651,High Point,Big South,2024,573988
19651,High Point,Big South,2023,548067
283,Hofstra,CAA,2025,596558
283,Hofstra,CAA,2024,574082
283,Hofstra,CAA,2023,548161
285,Holy Cross,Patriot,2025,596559
285,Holy Cross,Patriot,2024,574083
285,Holy Cross,Patriot,2023,548162
288,Houston,Big 12,2025,596561
288,Houston,Big 12,2024,574085
288,Houston,AAC,2023,548164
287,Houston Christian,Southland,2025,596560
287,Houston Christian,Southland,2024,574084
287,Houston Christian,Southland,2023,548163
301,Illinois,Big Ten,2025,596563
301,Illinois,Big Ten,2024,574087
301,Illinois,Big Ten,2023,548166
299,Illinois St.,MVC,2025,596562
299,Illinois St.,MVC,2024,574086
299,Illinois St.,MVC,2023,548165
306,Indiana,Big Ten,2025,596566
306,Indiana,Big Ten,2024,574090
306,Indiana,Big Ten,2023,548169
305,Indiana St.,MVC,2025,596565
305,Indiana St.,MVC,2024,574089
305,Indiana St.,MVC,2023,548168
310,Iona,MAAC,2025,596568
310,Iona,MAAC,2024,574092
310,Iona,MAAC,2023,548171
312,Iowa,Big Ten,2025,596569
312,Iowa,Big Ten,2024,574093
312,Iowa,Big Ten,2023,548172
314,Jackson St.,SWAC,2025,596570
314,Jackson St.,SWAC,2024,574094
314,Jackson St.,SWAC,2023,548173
316,Jacksonville,ASUN,2025,596572
316,Jacksonville,ASUN,2024,574096
316,Jacksonville,ASUN,2023,548175
315,Jacksonville St.,CUSA,2025,596571
315,Jacksonville St.,CUSA,2024,574095
315,Jacksonville St.,ASUN,2023,548174
317,James Madison,Sun Belt,2025,596573
317,James Madison,Sun Belt,2024,574097
317,James Madison,Sun Belt,2023,548176
328,Kansas,Big 12,2025,596575
328,Kansas,Big 12,2024,574099
328,Kansas,Big 12,2023,548178
327,Kansas St.,Big 12,2025,596574
327,Kansas St.,Big 12,2024,574098
327,Kansas St.,Big 12,2023,548177
1157,Kennesaw St.,CUSA,2025,596463
1157,Kennesaw St.,ASUN,2024,573979
1157,Kennesaw St.,ASUN,2023,548058
331,Kent St.,MAC,2025,596576
331,Kent St.,MAC,2024,574100
331,Kent St.,MAC,2023,548179
334,Kentucky,SEC,2025,596577
334,Kentucky,SEC,2024,574101
334,Kentucky,SEC,2023,548180
361,LIU,NEC,2025,596711
361,LIU,NEC,2024,574106
361,LIU,NEC,2023,548185
370,LMU (CA),WCC,2025,596587
370,LMU (CA),WCC,2024,574112
370,LMU (CA),WCC,2023,548191
365,LSU,SEC,2025,596583
365,LSU,SEC,2024,574108
365,LSU,SEC,2023,548187
342,Lafayette,Patriot,2025,596578
342,Lafayette,Patriot,2024,574102
342,Lafayette,Patriot,2023,548181
346,Lamar University,Southland,2025,596579
346,Lamar University,Southland,2024,574103
346,Lamar University,Southland,2023,548182
349,Le Moyne,NEC,2025,596699
349,Le Moyne,NEC,2024,574412
352,Lehigh,Patriot,2025,596580
352,Lehigh,Patriot,2024,574104
352,Lehigh,Patriot,2023,548183
355,Liberty,CUSA,2025,596581
355,Liberty,CUSA,2024,574105
355,Liberty,ASUN,2023,548184
30136,Lindenwood,OVC,2025,596695
30136,Lindenwood,OVC,2024,574230
30136,Lindenwood,OVC,2023,548409
28600,Lipscomb,ASUN,2025,596472
28600,Lipscomb,ASUN,2024,573990
28600,Lipscomb,ASUN,2023,548069
32,Little Rock,OVC,2025,596488
32,Little Rock,OVC,2024,574007
32,Little Rock,OVC,2023,548086
99,Long Beach St.,Big West,2025,596507
99,Long Beach St.,Big West,2024,574027
99,Long Beach St.,Big West,2023,548106
363,Longwood,Big South,2025,596582
363,Longwood,Big South,2024,574107
363,Longwood,Big South,2023,548186
671,Louisiana,Sun Belt,2025,596687
671,Louisiana,Sun Belt,2024,574220
671,Louisiana,Sun Belt,2023,548299
366,Louisiana Tech,CUSA,2025,596584
366,Louisiana Tech,CUSA,2024,574109
366,Louisiana Tech,C-USA,2023,548188
367,Louisville,ACC,2025,596585
367,Louisville,ACC,2024,574110
367,Louisville,ACC,2023,548189
380,Maine,America East,2025,596588
380,Maine,America East,2024,574113
380,Maine,America East,2023,548192
381,Manhattan,MAAC,2025,596589
381,Manhattan,MAAC,2024,574114
381,Manhattan,MAAC,2023,548193
386,Marist,MAAC,2025,596590
386,Marist,MAAC,2024,574115
386,Marist,MAAC,2023,548194
388,Marshall,Sun Belt,2025,596591
388,Marshall,Sun Belt,2024,574116
388,Marshall,Sun Belt,2023,548195
392,Maryland,Big Ten,2025,596593
392,Maryland,Big Ten,2024,574118
392,Maryland,Big Ten,2023,548197
400,Massachusetts,Atlantic 10,2025,596595
400,Massachusetts,Atlantic 10,2024,574120
400,Massachusetts,Atlantic 10,2023,548199
402,McNeese,Southland,2025,596596
402,McNeese,Southland,2024,574121
402,McNeese,Southland,2023,548200
404,Memphis,American,2025,596597
404,Memphis,AAC,2024,574122
404,Memphis,AAC,2023,548201
406,Mercer,SoCon,2025,596598
406,Mercer,SoCon,2024,574123
406,Mercer,SoCon,2023,548202
,Mercyhurst,NEC,2025,596906
410,Merrimack,MAAC,2025,596458
410,Merrimack,NEC,2024,573973
410,Merrimack,NEC,2023,548052
415,Miami (FL),ACC,2025,596600
415,Miami (FL),ACC,2024,574125
415,Miami (FL),ACC,2023,548204
414,Miami (OH),MAC,2025,596599
414,Miami (OH),MAC,2024,574124
414,Miami (OH),MAC,2023,548203
418,Michigan,Big Ten,2025,596602
418,Michigan,Big Ten,2024,574127
418,Michigan,Big Ten,2023,548206
416,Michigan St.,Big Ten,2025,596601
416,Michigan St.,Big Ten,2024,574126
416,Michigan St.,Big Ten,2023,548205
419,Middle Tenn.,CUSA,2025,596603
419,Middle Tenn.,CUSA,2024,574128
419,Middle Tenn.,C-USA,2023,548207
797,Milwaukee,Horizon,2025,596452
797,Milwaukee,Horizon,2024,573967
797,Milwaukee,Horizon,2023,548046
428,Minnesota,Big Ten,2025,596604
428,Minnesota,Big Ten,2024,574129
428,Minnesota,Big Ten,2023,548208
430,Mississippi St.,SEC,2025,596605
430,Mississippi St.,SEC,2024,574130
430,Mississippi St.,SEC,2023,548209
432,Mississippi Val.,SWAC,2025,596606
432,Mississippi Val.,SWAC,2024,574131
432,Mississippi Val.,SWAC,2023,548210
434,Missouri,SEC,2025,596608
434,Missouri,SEC,2024,574133
434,Missouri,SEC,2023,548212
669,Missouri St.,MVC,2025,596685
669,Missouri St.,MVC,2024,574218
669,Missouri St.,MVC,2023,548297
439,Monmouth,CAA,2025,596609
439,Monmouth,CAA,2024,574134
439,Monmouth,CAA,2023,548213
444,Morehead St.,OVC,2025,596610
444,Morehead St.,OVC,2024,574135
444,Morehead St.,OVC,2023,548214
450,Mount St. Mary's,MAAC,2025,596611
450,Mount St. Mary's,MAAC,2024,574136
450,Mount St. Mary's,MAAC,2023,548215
454,Murray St.,MVC,2025,596612
454,Murray St.,MVC,2024,574137
454,Murray St.,MVC,2023,548216
488,N.C. A&T,CAA,2025,596627
488,N.C. A&T,CAA,2024,574154
488,N.C. A&T,CAA,2023,548233
490,NC State,ACC,2025,596628
490,NC State,ACC,2024,574155
490,NC State,ACC,2023,548234
503,NIU,MAC,2025,596633
503,NIU,MAC,2024,574160
503,NIU,MAC,2023,548239
471,NJIT,America East,2025,596621
471,NJIT,America East,2024,574147
471,NJIT,America East,2023,548226
726,Navy,Patriot,2025,596431
726,Navy,Patriot,2024,573946
726,Navy,Patriot,2023,547916
463,Nebraska,Big Ten,2025,596712
463,Nebraska,Big Ten,2024,574143
463,Nebraska,Big Ten,2023,548222
466,Nevada,Mountain West,2025,596620
466,Nevada,Mountain West,2024,574146
466,Nevada,Mountain West,2023,548225
473,New Mexico,Mountain West,2025,596623
473,New Mexico,Mountain West,2024,574149
473,New Mexico,Mountain West,2023,548228
472,New Mexico St.,CUSA,2025,596622
472,New Mexico St.,CUSA,2024,574148
472,New Mexico St.,WAC,2023,548227
474,New Orleans,Southland,2025,596624
474,New Orleans,Southland,2024,574150
474,New Orleans,Southland,2023,548229
482,Niagara,MAAC,2025,596625
482,Niagara,MAAC,2024,574151
482,Niagara,MAAC,2023,548230
483,Nicholls,Southland,2025,596713
483,Nicholls,Southland,2024,574152
483,Nicholls,Southland,2023,548231
485,Norfolk St.,NEC,2025,596626
485,Norfolk St.,NEC,2024,574153
485,Norfolk St.,NEC,2023,548232
487,North Ala.,ASUN,2025,596475
487,North Ala.,ASUN,2024,573993
487,North Ala.,ASUN,2023,548072
457,North Carolina,ACC,2025,596614
457,North Carolina,ACC,2024,574139
457,North Carolina,ACC,2023,548218
493,North Dakota St.,Summit League,2025,596629
493,North Dakota St.,Summit League,2024,574156
493,North Dakota St.,Summit League,2023,548235
2711,North Florida,ASUN,2025,596467
2711,North Florida,ASUN,2024,573983
2711,North Florida,ASUN,2023,548062
500,Northeastern,CAA,2025,596631
500,Northeastern,CAA,2024,574158
500,Northeastern,CAA,2023,548237
502,Northern Colo.,Summit League,2025,596632
502,Northern Colo.,Summit League,2024,574159
502,Northern Colo.,Summit League,2023,548238
505,Northern Ky.,Horizon,2025,596634
505,Northern Ky.,Horizon,2024,574161
505,Northern Ky.,Horizon,2023,548240
509,Northwestern,Big Ten,2025,596636
509,Northwestern,Big Ten,2024,574163
509,Northwestern,Big Ten,2023,548242
508,Northwestern St.,Southland,2025,596635
508,Northwestern St.,Southland,2024,574162
508,Northwestern St.,Southland,2023,548241
513,Notre Dame,ACC,2025,596637
513,Notre Dame,ACC,2024,574164
513,Notre Dame,ACC,2023,548243
514,Oakland,Horizon,2025,596638
514,Oakland,Horizon,2024,574165
514,Oakland,Horizon,2023,548244
519,Ohio,MAC,2025,596640
519,Ohio,MAC,2024,574167
519,Ohio,MAC,2023,548246
518,Ohio St.,Big Ten,2025,596639
518,Ohio St.,Big Ten,2024,574166
518,Ohio St.,Big Ten,2023,548245
522,Oklahoma,SEC,2025,596641
522,Oklahoma,Big 12,2024,574169
522,Oklahoma,Big 12,2023,548248
521,Oklahoma St.,Big 12,2025,596714
521,Oklahoma St.,Big 12,2024,574168
521,Oklahoma St.,Big 12,2023,548247
523,Old Dominion,Sun Belt,2025,596642
523,Old Dominion,Sun Belt,2024,574170
523,Old Dominion,Sun Belt,2023,548249
433,Ole Miss,SEC,2025,596607
433,Ole Miss,SEC,2024,574132
433,Ole Miss,SEC,2023,548211
464,Omaha,Summit League,2025,596618
464,Omaha,Summit League,2024,574144
464,Omaha,Summit League,2023,548223
527,Oral Roberts,Summit League,2025,596715
527,Oral Roberts,Summit League,2024,574171
527,Oral Roberts,Summit League,2023,548250
529,Oregon,Big Ten,2025,596644
529,Oregon,Pac-12,2024,574173
529,Oregon,Pac-12,2023,548252
528,Oregon St.,DI Independent,2025,596643
528,Oregon St.,Pac-12,2024,574172
528,Oregon St.,Pac-12,2023,548251
534,Pacific,WCC,2025,596645
534,Pacific,WCC,2024,574174
534,Pacific,WCC,2023,548253
540,Penn,Ivy League,2025,596716
540,Penn,Ivy League,2024,574177
540,Penn,Ivy League,2023,548256
539,Penn St.,Big Ten,2025,596647
539,Penn St.,Big Ten,2024,574176
539,Penn St.,Big Ten,2023,548255
541,Pepperdine,WCC,2025,596648
541,Pepperdine,WCC,2024,574178
541,Pepperdine,WCC,2023,548257
545,Pittsburgh,ACC,2025,596649
545,Pittsburgh,ACC,2024,574179
545,Pittsburgh,ACC,2023,548258
551,Portland,WCC,2025,596650
551,Portland,WCC,2024,574180
551,Portland,WCC,2023,548259
553,Prairie View,SWAC,2025,596651
553,Prairie View,SWAC,2024,574181
553,Prairie View,SWAC,2023,548260
1320,Presbyterian,Big South,2025,596464
1320,Presbyterian,Big South,2024,573980
1320,Presbyterian,Big South,2023,548059
554,Princeton,Ivy League,2025,596652
554,Princeton,Ivy League,2024,574182
554,Princeton,Ivy League,2023,548261
559,Purdue,Big Ten,2025,596653
559,Purdue,Big Ten,2024,574183
559,Purdue,Big Ten,2023,548262
308,Purdue Fort Wayne,Horizon,2025,596567
308,Purdue Fort Wayne,Horizon,2024,574091
308,Purdue Fort Wayne,Horizon,2023,548170
11504,Queens (NC),ASUN,2025,596696
11504,Queens (NC),ASUN,2024,574231
11504,Queens (NC),ASUN,2023,548435
562,Quinnipiac,MAAC,2025,596654
562,Quinnipiac,MAAC,2024,574184
562,Quinnipiac,MAAC,2023,548263
563,Radford,Big South,2025,596655
563,Radford,Big South,2024,574185
563,Radford,Big South,2023,548264
572,Rhode Island,Atlantic 10,2025,596656
572,Rhode Island,Atlantic 10,2024,574186
572,Rhode Island,Atlantic 10,2023,548265
574,Rice,American,2025,596657
574,Rice,AAC,2024,574187
574,Rice,C-USA,2023,548266
575,Richmond,Atlantic 10,2025,596658
575,Richmond,Atlantic 10,2024,574188
575,Richmond,Atlantic 10,2023,548267
576,Rider,MAAC,2025,596659
576,Rider,MAAC,2024,574189
576,Rider,MAAC,2023,548268
587,Rutgers,Big Ten,2025,596660
587,Rutgers,Big Ten,2024,574190
587,Rutgers,Big Ten,2023,548269
676,SFA,Southland,2025,596689
676,SFA,WAC,2024,574222
676,SFA,WAC,2023,548301
660,SIUE,OVC,2025,596683
660,SIUE,OVC,2024,574215
660,SIUE,OVC,2023,548294
102,Sacramento St.,WAC,2025,596509
102,Sacramento St.,WAC,2024,574029
102,Sacramento St.,WAC,2023,548108
590,Sacred Heart,MAAC,2025,596661
590,Sacred Heart,NEC,2024,574191
590,Sacred Heart,NEC,2023,548270
606,Saint Joseph's,Atlantic 10,2025,596663
606,Saint Joseph's,Atlantic 10,2024,574194
606,Saint Joseph's,Atlantic 10,2023,548273
609,Saint Louis,Atlantic 10,2025,596664
609,Saint Louis,Atlantic 10,2024,574195
609,Saint Louis,Atlantic 10,2023,548274
610,Saint Mary's (CA),WCC,2025,596665
610,Saint Mary's (CA),WCC,2024,574196
610,Saint Mary's (CA),WCC,2023,548275
617,Saint Peter's,MAAC,2025,596666
617,Saint Peter's,MAAC,2024,574197
617,Saint Peter's,MAAC,2023,548276
624,Sam Houston,CUSA,2025,596667
624,Sam Houston,CUSA,2024,574198
624,Sam Houston,WAC,2023,548277
625,Samford,SoCon,2025,596668
625,Samford,SoCon,2024,574199
625,Samford,SoCon,2023,548278
627,San Diego,WCC,2025,596670
627,San Diego,WCC,2024,574201
627,San Diego,WCC,2023,548280
626,San Diego St.,Mountain West,2025,596669
626,San Diego St.,Mountain West,2024,574200
626,San Diego St.,Mountain West,2023,548279
629,San Francisco,WCC,2025,596671
629,San Francisco,WCC,2024,574202
629,San Francisco,WCC,2023,548281
630,San Jose St.,Mountain West,2025,596672
630,San Jose St.,Mountain West,2024,574203
630,San Jose St.,Mountain West,2023,548282
631,Santa Clara,WCC,2025,596673
631,Santa Clara,WCC,2024,574204
631,Santa Clara,WCC,2023,548283
1356,Seattle U,WAC,2025,596465
1356,Seattle U,WAC,2024,573981
1356,Seattle U,WAC,2023,548060
635,Seton Hall,Big East,2025,596674
635,Seton Hall,Big East,2024,574205
635,Seton Hall,Big East,2023,548284
639,Siena,MAAC,2025,596675
639,Siena,MAAC,2024,574206
639,Siena,MAAC,2023,548285
646,South Alabama,Sun Belt,2025,596676
646,South Alabama,Sun Belt,2024,574207
646,South Alabama,Sun Belt,2023,548286
648,South Carolina,SEC,2025,596677
648,South Carolina,SEC,2024,574208
648,South Carolina,SEC,2023,548287
649,South Dakota St.,Summit League,2025,596678
649,South Dakota St.,Summit League,2024,574209
649,South Dakota St.,Summit League,2023,548288
651,South Fla.,American,2025,596679
651,South Fla.,AAC,2024,574210
651,South Fla.,AAC,2023,548289
654,Southeast Mo. St.,OVC,2025,596718
654,Southeast Mo. St.,OVC,2024,574211
654,Southeast Mo. St.,OVC,2023,548290
655,Southeastern La.,Southland,2025,596680
655,Southeastern La.,Southland,2024,574212
655,Southeastern La.,Southland,2023,548291
657,Southern California,Big Ten,2025,596681
657,Southern California,Pac-12,2024,574213
657,Southern California,Pac-12,2023,548292
659,Southern Ill.,MVC,2025,596682
659,Southern Ill.,MVC,2024,574214
659,Southern Ill.,MVC,2023,548293
661,Southern Ind.,OVC,2025,596697
661,Southern Ind.,OVC,2024,574232
661,Southern Ind.,OVC,2023,548531
664,Southern Miss.,Sun Belt,2025,596719
664,Southern Miss.,Sun Belt,2024,574216
664,Southern Miss.,Sun Belt,2023,548295
665,Southern U.,SWAC,2025,596684
665,Southern U.,SWAC,2024,574217
665,Southern U.,SWAC,2023,548296
596,St. Bonaventure,Atlantic 10,2025,596662
596,St. Bonaventure,Atlantic 10,2024,574192
596,St. Bonaventure,Atlantic 10,2023,548271
603,St. John's (NY),Big East,2025,596717
603,St. John's (NY),Big East,2024,574193
603,St. John's (NY),Big East,2023,548272
620,St. Thomas (MN),Summit League,2025,596417
620,St. Thomas (MN),Summit League,2024,573909
620,St. Thomas (MN),Summit League,2023,547857
674,Stanford,ACC,2025,596688
674,Stanford,Pac-12,2024,574221
674,Stanford,Pac-12,2023,548300
678,Stetson,ASUN,2025,596720
678,Stetson,ASUN,2024,574223
678,Stetson,ASUN,2023,548302
682,Stonehill,NEC,2025,596698
682,Stonehill,NEC,2024,574233
682,Stonehill,NEC,2023,548532
683,Stony Brook,CAA,2025,596690
683,Stony Brook,CAA,2024,574224
683,Stony Brook,CAA,2023,548303
698,TCU,Big 12,2025,596421
698,TCU,Big 12,2024,573914
698,TCU,Big 12,2023,547862
1395,Tarleton St.,WAC,2025,596700
1395,Tarleton St.,WAC,2024,573910
1395,Tarleton St.,WAC,2023,547858
694,Tennessee,SEC,2025,596721
694,Tennessee,SEC,2024,574226
694,Tennessee,SEC,2023,548305
692,Tennessee Tech,OVC,2025,596691
692,Tennessee Tech,OVC,2024,574225
692,Tennessee Tech,OVC,2023,548304
703,Texas,SEC,2025,596425
703,Texas,Big 12,2024,573918
703,Texas,Big 12,2023,547866
697,Texas A&M,SEC,2025,596420
697,Texas A&M,SEC,2024,573913
697,Texas A&M,SEC,2023,547861
699,Texas Southern,SWAC,2025,596422
699,Texas Southern,SWAC,2024,573915
699,Texas Southern,SWAC,2023,547863
670,Texas St.,Sun Belt,2025,596686
670,Texas St.,Sun Belt,2024,574219
670,Texas St.,Sun Belt,2023,548298
700,Texas Tech,Big 12,2025,596423
700,Texas Tech,Big 12,2024,573916
700,Texas Tech,Big 12,2023,547864
141,The Citadel,SoCon,2025,596522
141,The Citadel,SoCon,2024,574042
141,The Citadel,SoCon,2023,548121
709,Toledo,MAC,2025,596427
709,Toledo,MAC,2024,573920
709,Toledo,MAC,2023,547868
711,Towson,CAA,2025,596428
711,Towson,CAA,2024,573921
711,Towson,CAA,2023,547869
716,Troy,Sun Belt,2025,596429
716,Troy,Sun Belt,2024,573922
716,Troy,Sun Belt,2023,547872
718,Tulane,American,2025,596701
718,Tulane,AAC,2024,573923
718,Tulane,AAC,2023,547879
9,UAB,American,2025,596481
9,UAB,AAC,2024,573999
9,UAB,C-USA,2023,548078
14,UAlbany,America East,2025,596482
14,UAlbany,America East,2024,574000
14,UAlbany,America East,2023,548079
108,UC Davis,Big West,2025,596512
108,UC Davis,Big West,2024,574032
108,UC Davis,Big West,2023,548111
109,UC Irvine,Big West,2025,596513
109,UC Irvine,Big West,2024,574033
109,UC Irvine,Big West,2023,548112
111,UC Riverside,Big West,2025,596515
111,UC Riverside,Big West,2024,574035
111,UC Riverside,Big West,2023,548114
112,UC San Diego,Big West,2025,596694
112,UC San Diego,Big West,2024,574229
112,UC San Diego,Big West,2023,548308
104,UC Santa Barbara,Big West,2025,596510
104,UC Santa Barbara,Big West,2024,574030
104,UC Santa Barbara,Big West,2023,548109
128,UCF,Big 12,2025,596519
128,UCF,Big 12,2024,574039
128,UCF,AAC,2023,548118
110,UCLA,Big Ten,2025,596514
110,UCLA,Pac-12,2024,574034
110,UCLA,Pac-12,2023,548113
164,UConn,Big East,2025,596526
164,UConn,Big East,2024,574046
164,UConn,Big East,2023,548125
302,UIC,MVC,2025,596564
302,UIC,MVC,2024,574088
302,UIC,MVC,2023,548167
2743,UIW,Southland,2025,596468
2743,UIW,Southland,2024,573984
2743,UIW,Southland,2023,548063
498,ULM,Sun Belt,2025,596630
498,ULM,Sun Belt,2024,574157
498,ULM,Sun Belt,2023,548236
391,UMBC,America East,2025,596592
391,UMBC,America East,2024,574117
391,UMBC,America East,2023,548196
393,UMES,NEC,2025,596594
393,UMES,NEC,2024,574119
393,UMES,NEC,2023,548198
368,UMass Lowell,America East,2025,596586
368,UMass Lowell,America East,2024,574111
368,UMass Lowell,America East,2023,548190
456,UNC Asheville,Big South,2025,596613
456,UNC Asheville,Big South,2024,574138
456,UNC Asheville,Big South,2023,548217
459,UNC Greensboro,SoCon,2025,596616
459,UNC Greensboro,SoCon,2024,574141
459,UNC Greensboro,SoCon,2023,548220
460,UNCW,CAA,2025,596617
460,UNCW,CAA,2024,574142
460,UNCW,CAA,2023,548221
465,UNLV,Mountain West,2025,596619
465,UNLV,Mountain West,2024,574145
465,UNLV,Mountain West,2023,548224
10411,USC Upstate,Big South,2025,596469
10411,USC Upstate,Big South,2024,573986
10411,USC Upstate,Big South,2023,548065
702,UT Arlington,WAC,2025,596424
702,UT Arlington,WAC,2024,573917
702,UT Arlington,WAC,2023,547865
695,UT Martin,OVC,2025,596692
695,UT Martin,OVC,2024,574227
695,UT Martin,OVC,2023,548306
536,UTRGV,Southland,2025,596646
536,UTRGV,WAC,2024,574175
536,UTRGV,WAC,2023,548254
706,UTSA,American,2025,596426
706,UTSA,AAC,2024,573919
706,UTSA,C-USA,2023,547867
732,Utah,Big 12,2025,596432
732,Utah,Pac-12,2024,573947
732,Utah,Pac-12,2023,547934
30095,Utah Tech,WAC,2025,596418
30095,Utah Tech,WAC,2024,573911
30095,Utah Tech,WAC,2023,547859
30024,Utah Valley,WAC,2025,596474
30024,Utah Valley,WAC,2024,573992
30024,Utah Valley,WAC,2023,548071
740,VCU,Atlantic 10,2025,596436
740,VCU,Atlantic 10,2024,573951
740,VCU,Atlantic 10,2023,547984
741,VMI,SoCon,2025,596437
741,VMI,SoCon,2024,573952
741,VMI,SoCon,2023,547996
735,Valparaiso,MVC,2025,596433
735,Valparaiso,MVC,2024,573948
735,Valparaiso,MVC,2023,547947
736,Vanderbilt,SEC,2025,596434
736,Vanderbilt,SEC,2024,573949
736,Vanderbilt,SEC,2023,547958
739,Villanova,Big East,2025,596435
739,Villanova,Big East,2024,573950
739,Villanova,Big East,2023,547973
746,Virginia,ACC,2025,596439
746,Virginia,ACC,2024,573954
746,Virginia,ACC,2023,548019
742,Virginia Tech,ACC,2025,596438
742,Virginia Tech,ACC,2024,573953
742,Virginia Tech,ACC,2023,548006
748,Wagner,NEC,2025,596440
748,Wagner,NEC,2024,573955
748,Wagner,NEC,2023,548030
749,Wake Forest,ACC,2025,596441
749,Wake Forest,ACC,2024,573956
749,Wake Forest,ACC,2023,548035
756,Washington,Big Ten,2025,596443
756,Washington,Pac-12,2024,573958
756,Washington,Pac-12,2023,548037
754,Washington St.,Mountain West,2025,596442
754,Washington St.,Pac-12,2024,573957
754,Washington St.,Pac-12,2023,548036
,West Ga.,ASUN,2025,596947
768,West Virginia,Big 12,2025,596444
768,West Virginia,Big 12,2024,573959
768,West Virginia,Big 12,2023,548038
769,Western Caro.,SoCon,2025,596445
769,Western Caro.,SoCon,2024,573960
769,Western Caro.,SoCon,2023,548039
771,Western Ill.,OVC,2025,596446
771,Western Ill.,OVC,2024,573961
771,Western Ill.,Summit League,2023,548040
772,Western Ky.,CUSA,2025,596447
772,Western Ky.,CUSA,2024,573962
772,Western Ky.,C-USA,2023,548041
774,Western Mich.,MAC,2025,596448
774,Western Mich.,MAC,2024,573963
774,Western Mich.,MAC,2023,548042
782,Wichita St.,American,2025,596449
782,Wichita St.,AAC,2024,573964
782,Wichita St.,AAC,2023,548043
786,William & Mary,CAA,2025,596450
786,William & Mary,CAA,2024,573965
786,William & Mary,CAA,2023,548044
792,Winthrop,Big South,2025,596451
792,Winthrop,Big South,2024,573966
792,Winthrop,Big South,2023,548045
2915,Wofford,SoCon,2025,596704
2915,Wofford,SoCon,2024,573985
2915,Wofford,SoCon,2023,548064
810,Wright St.,Horizon,2025,596453
810,Wright St.,Horizon,2024,573968
810,Wright St.,Horizon,2023,548047
812,Xavier,Big East,2025,596454
812,Xavier,Big East,2024,573969
812,Xavier,Big East,2023,548048
813,Yale,Ivy League,2025,596455
813,Yale,Ivy League,2024,573970
813,Yale,Ivy League,2023,548049
817,Youngstown St.,Horizon,2025,596456
817,Youngstown St.,Horizon,2024,573971
817,Youngstown St.,Horizon,2023,548050
