PitcherTeam,year,school,share,n,margin
GIT_YEL,2025,Eastern Ky.,0.0454545454545455,22,0.0454545454545455
OLD_MON,2024,San Francisco,0.0476190476190476,21,0.0476190476190476
GEO_PAT,2024,Sam Houston,0.05,20,0
MIA_HUR,2025,Alabama St.,0.05,20,0.05
MIZ_TIG,2025,Grand Canyon,0.05,20,0
NOT_IRI,2025,Houston Christian,0.05,20,0
SOU_GAM,2023,Manhattan,0.05,20,0.05
TEX_AGG,2024,San Diego St.,0.05,20,0.05
VIR_CAV,2024,UCLA,0.05,20,0.05
VIR_CAV,2025,UCLA,0.05,20,0.05
KEN_WIL,2024,Butler,0.0526315789473684,19,0
IOW_HAW,2024,Bryant,0.0555555555555556,18,0.0555555555555556
KEN_WIL,2025,North Ala.,0.0555555555555556,18,0
NOT_IRI,2024,Coastal Carolina,0.0555555555555556,18,0.0555555555555556
UCF_KNI,2025,Elon,0.0555555555555556,18,0.0555555555555556
VAN_COM,2025,Western Ky.,0.0555555555555556,18,0.0555555555555556
IOW_HAW,2025,Bryant,0.0588235294117647,17,0.0588235294117647
LSU_TIG,2025,Kennesaw St.,0.0588235294117647,17,0.0588235294117647
OLD_MON,2025,San Francisco,0.0588235294117647,17,0.0588235294117647
LIB_FLA,2023,VMI,0.0625,16,0.0625
NOR_CAT,2023,Louisiana Tech,0.0625,16,0.0625
STA_CAR,2025,Navy,0.0625,16,0.0625
VAN_COM,2023,NIU,0.0625,16,0
VIR_CAV,2023,UCLA,0.0666666666666667,15,0.0666666666666667
WAS_COU,2025,Kent St.,0.0666666666666667,15,0.0666666666666667
MIA_HUR,2023,Lafayette,0.0714285714285714,14,0
UTS_ROA,2024,Maine,0.0714285714285714,14,0
GEO_PAT,2023,NIU,0.0769230769230769,13,0.0769230769230769
SEA_RED,2024,Dartmouth,0.0769230769230769,13,0.0769230769230769
SOU_RED,2024,Gardner-Webb,0.0769230769230769,13,0
UTS_ROA,2023,San Diego,0.0909090909090909,11,0.0909090909090909
MIS_DEL,2023,Ball St.,0.1,10,0
NNU_CRU,2024,Santa Clara,0.2,5,0
GVU_VIK,2024,St. Thomas (MN),0.25,4,0
NOR_PAR,2025,Charlotte,0.25,4,0.25
SMU_SAI,2024,Lehigh,0.25,4,0.25
SMU_SAI,2025,Mercyhurst,0.25,4,0.25
SEA_UNI,2025,Seattle U,0.285714285714286,7,0.285714285714286
NOR_PAR,2024,Hofstra,0.333333333333333,3,0
MAR_RED,2024,Marist,0.4,15,0.333333333333333
ASU_RED,2025,Arkansas St.,0.451612903225806,31,0.419354838709677
MAR_RED,2025,Marist,0.5,14,0.428571428571429
SAN_AZT,2024,San Diego St.,0.5,12,0.5
SEA_RED,2025,Seattle U,0.541666666666667,24,0.5
TOL_ROC,2023,Toledo,0.545454545454545,11,0.454545454545455
LOU_CAJ,2025,Louisiana,0.578947368421053,19,0.526315789473684
ARI_WIL,2025,Arizona,0.620689655172414,29,0.586206896551724
ARL_MAV,2025,UT Arlington,0.666666666666667,24,0.666666666666667
MIS_DEL,2025,Mississippi Val.,0.666666666666667,6,0.666666666666667
WAS_HUS,2025,Washington,0.666666666666667,21,0.523809523809524
GEO_EAG,2025,Ga. Southern,0.68,25,0.64
MSM_MTN,2024,Mount St. Mary's,0.68421052631579,19,0.68421052631579
ORE_BEA,2025,Oregon St.,0.695652173913044,23,0.652173913043478
MSM_MTN,2023,Mount St. Mary's,0.7,10,0.7
QUI_BOB,2023,Quinnipiac,0.7,10,0.7
SAN_TOR,2025,San Diego,0.7,20,0.65
MSM_MTN,2025,Mount St. Mary's,0.705882352941177,17,0.647058823529412
UTA_WOL,2025,Utah Valley,0.708333333333333,24,0.708333333333333
WIN_EAG,2025,Winthrop,0.722222222222222,18,0.722222222222222
LOY_LIO,2025,LMU (CA),0.727272727272727,22,0.727272727272727
MAR_TER,2023,Maryland,0.727272727272727,11,0.727272727272727
SAC_PIO,2025,Sacred Heart,0.733333333333333,15,0.733333333333333
TOW_TIG,2023,Towson,0.733333333333333,15,0.733333333333333
ARK_RAZ,2025,Arkansas,0.736842105263158,19,0.736842105263158
SAC_HOR,2025,Sacramento St.,0.736842105263158,19,0.736842105263158
WAK_DEA,2024,Wake Forest,0.736842105263158,19,0.736842105263158
FDU_KNI,2023,Fairleigh Dickinson,0.75,4,0.75
KEN_OWL,2023,Kennesaw St.,0.75,16,0.75
SPU_PEA,2023,Saint Peter's,0.75,8,0.75
WOF_TER,2023,Wofford,0.75,12,0.75
CAM_CAM,2024,Campbell,0.764705882352941,17,0.705882352941176
SIE_SAI,2025,Siena,0.764705882352941,17,0.764705882352941
STJ_HAW,2025,Saint Joseph's,0.764705882352941,17,0.588235294117647
WAG_SEA,2025,Wagner,0.764705882352941,17,0.764705882352941
BRA_BRA,2025,Bradley,0.769230769230769,13,0.769230769230769
NCB,2023,Northern Colo.,0.769230769230769,13,0.769230769230769
TEX_TIG,2024,Texas Southern,0.769230769230769,13,0.769230769230769
UTR_VAQ,2023,UTRGV,0.769230769230769,13,0.769230769230769
WM_TRI,2024,William & Mary,0.769230769230769,13,0.769230769230769
GEO_PAN,2025,Georgia St.,0.777777777777778,18,0.777777777777778
SAC_HOR,2024,Sacramento St.,0.777777777777778,18,0.777777777777778
QUI_BOB,2025,Quinnipiac,0.785714285714286,14,0.785714285714286
WMI_BRO,2025,Western Mich.,0.785714285714286,14,0.785714285714286
HOU_COU,2023,Houston,0.789473684210526,19,0.736842105263158
HOU_COU,2024,Houston,0.789473684210526,19,0.736842105263158
MIS_BEA,2025,Missouri St.,0.789473684210526,19,0.789473684210526
UMBC_RET,2025,UMBC,0.789473684210526,19,0.736842105263158
AIR_FOR,2024,Air Force,0.8,15,0.733333333333333
ALC_BRA,2023,Alcorn,0.8,5,0.8
CIT_BUL,2023,The Citadel,0.8,15,0.733333333333333
FOR_MAS,2024,Purdue Fort Wayne,0.8,10,0.8
GEO_COL,2023,George Washington,0.8,15,0.733333333333333
KAN_WIL,2023,Kansas St.,0.8,15,0.8
MAR_TER,2024,Maryland,0.8,15,0.733333333333333
NIC_COL,2025,Nicholls,0.8,15,0.733333333333333
PRA_PAN,2025,Prairie View,0.8,15,0.733333333333333
QUI_BOB,2024,Quinnipiac,0.8,15,0.8
SAC_PIO,2024,Sacred Heart,0.8,10,0.8
SBU_SEA,2025,Stony Brook,0.8,15,0.8
TOW_TIG,2024,Towson,0.8,20,0.8
UMA_AMH,2025,Massachusetts,0.8,15,0.8
ARI_SUN,2025,Arizona St.,0.80952380952381,21,0.80952380952381
NIU_HUS,2025,NIU,0.80952380952381,21,0.80952380952381
NMS_AGG,2025,New Mexico St.,0.80952380952381,21,0.80952380952381
AIR_FOR,2023,Air Force,0.8125,16,0.75
AIR_FOR,2025,Air Force,0.8125,16,0.75
CAL_MUS,2024,Cal Poly,0.8125,16,0.8125
GON_BUL,2024,Gonzaga,0.8125,16,0.8125
LAF_LEP,2023,Lafayette,0.8125,16,0.8125
LON_LAN,2025,Longwood,0.8125,16,0.8125
MIC_WOL,2024,Michigan,0.8125,16,0.8125
SIE_SAI,2024,Siena,0.8125,16,0.75
WM_TRI,2023,William & Mary,0.8125,16,0.8125
SBU_SEA,2024,Stony Brook,0.818181818181818,11,0.818181818181818
SLU_BILL,2024,Saint Louis,0.818181818181818,11,0.818181818181818
STE_HAT,2025,Stetson,0.818181818181818,22,0.772727272727273
STO_COL,2024,Stonehill,0.818181818181818,11,0.818181818181818
UTA_UTE,2023,Utah,0.818181818181818,11,0.818181818181818
ALA_HOR,2025,Alabama St.,0.823529411764706,17,0.823529411764706
ARI_WIL,2024,Arizona,0.823529411764706,17,0.764705882352941
BEL_BRU,2025,Belmont,0.823529411764706,17,0.823529411764706
CAL_AGO,2025,UC Davis,0.823529411764706,17,0.823529411764706
NOR_AGG,2025,N.C. A&T,0.823529411764706,17,0.823529411764706
SAN_DON,2025,San Francisco,0.823529411764706,17,0.823529411764706
WM_TRI,2025,William & Mary,0.823529411764706,17,0.823529411764706
WRI_RAI,2024,Wright St.,0.823529411764706,17,0.823529411764706
IU,2025,Indiana,0.826086956521739,23,0.652173913043478
NEW_PRI,2025,New Orleans,0.826086956521739,23,0.782608695652174
ALC_BRA,2024,Alcorn,0.833333333333333,6,0.833333333333333
COL_LION,2025,Columbia,0.833333333333333,18,0.833333333333333
ION_GAE,2025,Iona,0.833333333333333,12,0.833333333333333
IWC,2025,UIW,0.833333333333333,12,0.833333333333333
JAC_TIG,2024,Jackson St.,0.833333333333333,6,0.833333333333333
KEN_OWL,2025,Kennesaw St.,0.833333333333333,18,0.833333333333333
KS_GF,2024,Kent St.,0.833333333333333,12,0.833333333333333
STO_COL,2025,Stonehill,0.833333333333333,18,0.777777777777778
TEX_LON,2024,Texas,0.833333333333333,18,0.833333333333333
TEX_TIG,2023,Texas Southern,0.833333333333333,12,0.833333333333333
TOW_TIG,2025,Towson,0.833333333333333,18,0.833333333333333
VCU_RAM,2024,VCU,0.833333333333333,18,0.833333333333333
WAG_SEA,2023,Wagner,0.833333333333333,12,0.833333333333333
WAK_DEA,2023,Wake Forest,0.833333333333333,12,0.833333333333333
WMI_BRO,2024,Western Mich.,0.833333333333333,12,0.833333333333333
XAV_MUS,2025,Xavier,0.833333333333333,18,0.722222222222222
BOC_EAG,2024,Boston College,0.842105263157895,19,0.842105263157895
PEP_WAV,2025,Pepperdine,0.842105263157895,19,0.842105263157895
ULM_WAR,2023,ULM,0.842105263157895,19,0.842105263157895
BYU_COU,2023,BYU,0.846153846153846,13,0.769230769230769
GAR_RUN,2023,Gardner-Webb,0.846153846153846,13,0.846153846153846
MER_UNI,2025,Mercyhurst,0.846153846153846,13,0.846153846153846
NOK_NOR,2023,Northern Ky.,0.846153846153846,13,0.846153846153846
UMASS_RIV,2025,UMass Lowell,0.846153846153846,13,0.846153846153846
USC_UPS,2025,USC Upstate,0.846153846153846,13,0.846153846153846
WOF_TER,2024,Wofford,0.846153846153846,13,0.846153846153846
AUB_TIG,2024,Auburn,0.85,20,0.85
GRA_CAN,2025,Grand Canyon,0.85,20,0.8
MAI_BLA,2025,Maine,0.85,20,0.8
PUR_BOI,2025,Purdue,0.85,20,0.85
SAL_JAG,2025,South Alabama,0.85,20,0.8
SOU_TRO,2025,Southern California,0.85,20,0.8
ARM_BLA,2023,Army West Point,0.857142857142857,14,0.857142857142857
BEL_BRU,2024,Belmont,0.857142857142857,14,0.857142857142857
CSD_TRI,2023,UC San Diego,0.857142857142857,14,0.857142857142857
EMU_EAG,2024,Eastern Mich.,0.857142857142857,14,0.857142857142857
FOR_RAM,2023,Fordham,0.857142857142857,14,0.857142857142857
IND_SYC,2023,Indiana St.,0.857142857142857,14,0.857142857142857
MAI_BLA,2023,Maine,0.857142857142857,7,0.857142857142857
MIA_RED,2024,Miami (OH),0.857142857142857,14,0.857142857142857
MIC_WOL,2023,Michigan,0.857142857142857,14,0.857142857142857
PEP_WAV,2023,Pepperdine,0.857142857142857,14,0.785714285714286
PUR_FOR,2023,Purdue Fort Wayne,0.857142857142857,7,0.857142857142857
PUR_FOR,2024,Purdue Fort Wayne,0.857142857142857,14,0.857142857142857
QUN_RYL,2025,Queens (NC),0.857142857142857,14,0.785714285714286
RAD_HIG,2023,Radford,0.857142857142857,14,0.857142857142857
RID_BRO,2024,Rider,0.857142857142857,14,0.857142857142857
RID_BRO,2025,Rider,0.857142857142857,14,0.857142857142857
SAL_JAG,2024,South Alabama,0.857142857142857,21,0.80952380952381
SIE_SAI,2023,Siena,0.857142857142857,14,0.785714285714286
SPU_PEA,2024,Saint Peter's,0.857142857142857,14,0.857142857142857
TEX_RAI,2025,Texas Tech,0.857142857142857,21,0.857142857142857
UNC_SPA,2025,UNC Greensboro,0.857142857142857,14,0.785714285714286
WAG_SEA,2024,Wagner,0.857142857142857,14,0.857142857142857
WAS_HUS,2023,Washington,0.857142857142857,14,0.857142857142857
WMI_BRO,2023,Western Mich.,0.857142857142857,14,0.857142857142857
WRI_RAI,2023,Wright St.,0.857142857142857,14,0.857142857142857
BAL_CAR,2025,Ball St.,0.866666666666667,15,0.866666666666667
BUC_BIS,2024,Bucknell,0.866666666666667,15,0.866666666666667
CAL_MUS,2025,Cal Poly,0.866666666666667,15,0.866666666666667
ECU_PIR,2025,East Carolina,0.866666666666667,15,0.8
GRA_CAN,2024,Grand Canyon,0.866666666666667,15,0.866666666666667
JUD,2024,Jacksonville,0.866666666666667,15,0.8
KS_GF,2025,Kent St.,0.866666666666667,15,0.866666666666667
MTSU_BLU,2025,Middle Tenn.,0.866666666666667,15,0.866666666666667
OKL_SOO,2025,Oklahoma,0.866666666666667,15,0.866666666666667
PEP_WAV,2024,Pepperdine,0.866666666666667,15,0.8
SAM_BEA,2025,Sam Houston,0.866666666666667,15,0.8
SOU_JAG,2025,Southern U.,0.866666666666667,15,0.866666666666667
TUL_GRE,2024,Tulane,0.866666666666667,15,0.866666666666667
UMASS_RIV,2023,UMass Lowell,0.866666666666667,15,0.866666666666667
UNL_REB,2025,UNLV,0.866666666666667,15,0.8
ARI_SUN,2023,Arizona St.,0.875,16,0.875
BOC_EAG,2023,Boston College,0.875,16,0.875
CIT_BUL,2025,The Citadel,0.875,16,0.875
COA_CHA,2023,Coastal Carolina,0.875,16,0.8125
EVA_ACE,2025,Evansville,0.875,16,0.875
HOF_PRI,2024,Hofstra,0.875,16,0.8125
HOF_PRI,2025,Hofstra,0.875,16,0.875
JUD,2023,Jacksonville,0.875,16,0.8125
LON_LAN,2024,Longwood,0.875,16,0.8125
MAN_JAS,2025,Manhattan,0.875,16,0.8125
MOY_MOY,2025,Le Moyne,0.875,8,0.875
NOF_OSP,2024,North Florida,0.875,8,0.875
OAK_GOL,2024,Oakland,0.875,16,0.8125
ORA_GOL,2025,Oral Roberts,0.875,16,0.8125
SET_PIR,2024,Seton Hall,0.875,16,0.875
SET_PIR,2025,Seton Hall,0.875,16,0.8125
SOU_COU,2025,SIUE,0.875,16,0.8125
STE_HAT,2024,Stetson,0.875,16,0.875
STJ_RED,2023,St. John's (NY),0.875,16,0.8125
TRO_TRJ,2023,Troy,0.875,16,0.875
UCO_HUS,2024,UConn,0.875,16,0.8125
ULM_WAR,2025,ULM,0.875,16,0.875
USF_BUL,2025,South Fla.,0.875,16,0.875
VCU_RAM,2023,VCU,0.875,16,0.875
VIL_WIL,2025,Villanova,0.875,16,0.875
CAM_CAM,2025,Campbell,0.882352941176471,17,0.882352941176471
CHA_BUC,2024,Charleston So.,0.882352941176471,17,0.882352941176471
CIT_BUL,2024,The Citadel,0.882352941176471,17,0.882352941176471
DIX_STE,2023,Utah Tech,0.882352941176471,17,0.882352941176471
LON_DIR,2024,Long Beach St.,0.882352941176471,17,0.823529411764706
LON_ISL22,2024,LIU,0.882352941176471,17,0.882352941176471
MIC_WOL,2025,Michigan,0.882352941176471,17,0.882352941176471
NEV_WOL,2023,Nevada,0.882352941176471,17,0.882352941176471
NMS_AGG,2024,New Mexico St.,0.882352941176471,17,0.882352941176471
OSU_BUC,2024,Ohio St.,0.882352941176471,17,0.823529411764706
PRE_BLH,2025,Presbyterian,0.882352941176471,17,0.882352941176471
SAN_DON,2024,San Francisco,0.882352941176471,17,0.823529411764706
STJ_RED,2024,St. John's (NY),0.882352941176471,17,0.882352941176471
UCLA,2025,UCLA,0.882352941176471,17,0.823529411764706
UMASS_RIV,2024,UMass Lowell,0.882352941176471,17,0.882352941176471
UMBC_RET,2024,UMBC,0.882352941176471,17,0.823529411764706
UNC_SEA,2025,UNCW,0.882352941176471,17,0.882352941176471
VCU_RAM,2025,VCU,0.882352941176471,17,0.823529411764706
WES_HIL,2025,Western Ky.,0.882352941176471,17,0.882352941176471
ALB_GRE,2023,UAlbany,0.888888888888889,9,0.888888888888889
BAY_BEA,2023,Baylor,0.888888888888889,18,0.888888888888889
CSD_TRI,2025,UC San Diego,0.888888888888889,18,0.888888888888889
DAV_WIL,2025,Davidson,0.888888888888889,18,0.888888888888889
DEL_BLU,2025,Delaware,0.888888888888889,18,0.833333333333333
DUK_BLU,2024,Duke,0.888888888888889,18,0.888888888888889
HOU_COU,2025,Houston,0.888888888888889,18,0.833333333333333
IU,2023,Indiana,0.888888888888889,18,0.888888888888889
LAF_LEP,2024,Lafayette,0.888888888888889,18,0.888888888888889
LIN_UNI,2023,Lindenwood,0.888888888888889,9,0.777777777777778
MOY_MOY,2024,Le Moyne,0.888888888888889,9,0.888888888888889
MUR_RAC,2023,Murray St.,0.888888888888889,9,0.888888888888889
NCA_BUL,2024,UNC Asheville,0.888888888888889,18,0.833333333333333
NOR_SPA,2023,Norfolk St.,0.888888888888889,9,0.888888888888889
PRE_BLH,2024,Presbyterian,0.888888888888889,18,0.833333333333333
RHO_RAM,2025,Rhode Island,0.888888888888889,18,0.833333333333333
UMBC_RET,2023,UMBC,0.888888888888889,9,0.777777777777778
UTR_VAQ,2025,UTRGV,0.888888888888889,18,0.888888888888889
VIR_KEY,2024,VMI,0.888888888888889,18,0.833333333333333
AUB_TIG,2025,Auburn,0.894736842105263,19,0.894736842105263
CAL_LAN,2025,California Baptist,0.894736842105263,19,0.842105263157895
CEN_MIC,2025,Central Mich.,0.894736842105263,19,0.842105263157895
COL_LION,2023,Columbia,0.894736842105263,19,0.894736842105263
HIG_PAN,2023,High Point,0.894736842105263,19,0.894736842105263
LON_LAN,2023,Longwood,0.894736842105263,19,0.842105263157895
UNO_MAV,2025,Omaha,0.894736842105263,19,0.842105263157895
USF_BUL,2024,South Fla.,0.894736842105263,19,0.894736842105263
WIC_SHO,2025,Wichita St.,0.894736842105263,19,0.842105263157895
WRI_RAI,2025,Wright St.,0.894736842105263,19,0.894736842105263
DAY_FLY,2024,Dayton,0.9,20,0.85
DAY_FLY,2025,Dayton,0.9,20,0.85
GEO_BUL,2025,Georgia,0.9,20,0.9
GRA_TIG,2023,Grambling,0.9,10,0.8
IU,2024,Indiana,0.9,20,0.9
JAC_TIG,2025,Jackson St.,0.9,10,0.9
MAI_BLA,2024,Maine,0.9,10,0.8
MAR_HAW,2024,UMES,0.9,10,0.8
MAR_THU,2023,Marshall,0.9,10,0.9
MSU_BDG,2025,Mississippi St.,0.9,20,0.9
NAV_MID,2024,Navy,0.9,10,0.9
NMS_AGG,2023,New Mexico St.,0.9,10,0.8
NOR_WOL,2024,NC State,0.9,20,0.85
RID_BRO,2023,Rider,0.9,10,0.9
ULM_WAR,2024,ULM,0.9,20,0.9
WES_HIL,2024,Western Ky.,0.9,20,0.9
RIC_SPI,2025,Richmond,0.904761904761905,21,0.904761904761905
TRO_TRJ,2024,Troy,0.904761904761905,21,0.904761904761905
UCO_HUS,2025,UConn,0.904761904761905,21,0.857142857142857
BIN_BEA,2024,Binghamton,0.909090909090909,11,0.909090909090909
EIU_PAN,2023,Eastern Ill.,0.909090909090909,11,0.909090909090909
GEO_PAN,2024,Georgia St.,0.909090909090909,22,0.863636363636364
MAN_JAS,2024,Manhattan,0.909090909090909,11,0.909090909090909
POR_PIL,2025,Portland,0.909090909090909,11,0.818181818181818
QUN_RYL,2023,Queens (NC),0.909090909090909,11,0.818181818181818
SOU_JAG,2024,Southern U.,0.909090909090909,11,0.818181818181818
UCO_HUS,2023,UConn,0.909090909090909,11,0.909090909090909
YAL_BUL,2024,Yale,0.909090909090909,11,0.909090909090909
ALA_CRI,2025,Alabama,0.91304347826087,23,0.91304347826087
GEO_BUL,2024,Georgia,0.91304347826087,23,0.91304347826087
AKR_ZIP,2023,Akron,0.916666666666667,12,0.916666666666667
ALB_GRE,2025,UAlbany,0.916666666666667,12,0.916666666666667
BET_WIL,2025,Bethune-Cookman,0.916666666666667,12,0.916666666666667
CEN_BEA,2025,Central Ark.,0.916666666666667,12,0.916666666666667
CEN_MIC,2023,Central Mich.,0.916666666666667,12,0.916666666666667
COR_BRE,2024,Cornell,0.916666666666667,12,0.916666666666667
CSD_TRI,2024,UC San Diego,0.916666666666667,12,0.916666666666667
DEL_HOR,2024,Delaware St.,0.916666666666667,12,0.916666666666667
EIU_PAN,2025,Eastern Ill.,0.916666666666667,12,0.916666666666667
ETS_BUC,2023,ETSU,0.916666666666667,12,0.916666666666667
FRE_BUL,2023,Fresno St.,0.916666666666667,12,0.916666666666667
HAR_CRI,2023,Harvard,0.916666666666667,12,0.916666666666667
HAR_CRI,2024,Harvard,0.916666666666667,12,0.833333333333333
KS_GF,2023,Kent St.,0.916666666666667,12,0.916666666666667
MAN_JAS,2023,Manhattan,0.916666666666667,12,0.916666666666667
MT,2023,Memphis,0.916666666666667,12,0.916666666666667
NJI_HIG,2023,NJIT,0.916666666666667,12,0.916666666666667
NOR_SPA,2025,Norfolk St.,0.916666666666667,12,0.916666666666667
SPU_PEA,2025,Saint Peter's,0.916666666666667,12,0.833333333333333
UNC_SPA,2024,UNC Greensboro,0.916666666666667,12,0.916666666666667
WIU_LEA,2025,Western Ill.,0.916666666666667,12,0.916666666666667
XAV_MUS,2023,Xavier,0.916666666666667,12,0.916666666666667
ALA_ANM,2025,Alabama A&M,0.923076923076923,13,0.923076923076923
ALA_LIO,2023,North Ala.,0.923076923076923,13,0.923076923076923
ARM_BLA,2025,Army West Point,0.923076923076923,13,0.923076923076923
BAL_CAR,2024,Ball St.,0.923076923076923,13,0.923076923076923
BEL_KNI,2023,Bellarmine,0.923076923076923,13,0.846153846153846
BIN_BEA,2023,Binghamton,0.923076923076923,13,0.846153846153846
CAL_HIG,2024,UC Riverside,0.923076923076923,13,0.923076923076923
CHA_BUC,2023,Charleston So.,0.923076923076923,13,0.923076923076923
DAV_WIL,2023,Davidson,0.923076923076923,13,0.923076923076923
FLA_GAT,2023,Florida,0.923076923076923,13,0.923076923076923
FLO_RAT,2025,Florida A&M,0.923076923076923,13,0.846153846153846
GEO_HOY,2023,Georgetown,0.923076923076923,13,0.923076923076923
GON_BUL,2025,Gonzaga,0.923076923076923,13,0.923076923076923
HAR_CRI,2025,Harvard,0.923076923076923,13,0.846153846153846
LIN_UNI,2025,Lindenwood,0.923076923076923,13,0.846153846153846
MIN_GOL,2024,Minnesota,0.923076923076923,13,0.923076923076923
NIA_EAG,2024,Niagara,0.923076923076923,13,0.846153846153846
POR_PIL,2023,Portland,0.923076923076923,13,0.923076923076923
POR_PIL,2024,Portland,0.923076923076923,13,0.923076923076923
PRI_TIG,2023,Princeton,0.923076923076923,13,0.923076923076923
SAC_PIO,2023,Sacred Heart,0.923076923076923,13,0.923076923076923
SAN_DON,2023,San Francisco,0.923076923076923,13,0.846153846153846
SIU_SAL,2024,Southern Ill.,0.923076923076923,13,0.846153846153846
SLU_BILL,2023,Saint Louis,0.923076923076923,13,0.923076923076923
STE_LUM,2023,SFA,0.923076923076923,13,0.923076923076923
STM_GAE,2023,Saint Mary's (CA),0.923076923076923,13,0.923076923076923
UIC_FLA,2023,UIC,0.923076923076923,13,0.923076923076923
UNO_MAV,2023,Omaha,0.923076923076923,13,0.923076923076923
UTA_WOL,2023,Utah Valley,0.923076923076923,13,0.923076923076923
AKR_ZIP,2024,Akron,0.928571428571429,14,0.857142857142857
BEL_BRU,2023,Belmont,0.928571428571429,14,0.928571428571429
BGS_FAL,2024,Bowling Green,0.928571428571429,14,0.928571428571429
BRY_BUL,2023,Bryant,0.928571428571429,14,0.928571428571429
BYU_COU,2024,BYU,0.928571428571429,14,0.928571428571429
CAL_HIG,2023,UC Riverside,0.928571428571429,14,0.928571428571429
CAN_GRI,2025,Canisius,0.928571428571429,14,0.928571428571429
CRE_BLU,2023,Creighton,0.928571428571429,14,0.928571428571429
EMU_EAG,2023,Eastern Mich.,0.928571428571429,14,0.857142857142857
FAU_OWL,2025,Fla. Atlantic,0.928571428571429,14,0.928571428571429
FDU_KNI,2024,FDU,0.928571428571429,14,0
GON_BUL,2023,Gonzaga,0.928571428571429,14,0.928571428571429
GRA_TIG,2025,Grambling,0.928571428571429,14,0.928571428571429
HAW_WAR,2023,Hawaii,0.928571428571429,14,0.928571428571429
HBU_HUS,2025,Houston Christian,0.928571428571429,14,0.857142857142857
JUD,2025,Jacksonville,0.928571428571429,14,0.928571428571429
LAF_LEP,2025,Lafayette,0.928571428571429,14,0.928571428571429
LON_DIR,2023,Long Beach St.,0.928571428571429,14,0.928571428571429
LOU_BUL,2023,Louisiana Tech,0.928571428571429,14,0.857142857142857
MAR_THU,2024,Marshall,0.928571428571429,14,0.928571428571429
MIN_GOL,2023,Minnesota,0.928571428571429,14,0.928571428571429
NJI_HIG,2025,NJIT,0.928571428571429,14,0.928571428571429
PEN_QUA,2025,Penn,0.928571428571429,14,0.928571428571429
PRE_BLH,2023,Presbyterian,0.928571428571429,14,0.857142857142857
QUN_RYL,2024,Queens (NC),0.928571428571429,14,0.928571428571429
RHO_RAM,2023,Rhode Island,0.928571428571429,14,0.928571428571429
RUT_SCA,2023,Rutgers,0.928571428571429,14,0.928571428571429
SOU_JAC,2024,South Dakota St.,0.928571428571429,14,0.928571428571429
SOU_JAG,2023,Southern U.,0.928571428571429,14,0.928571428571429
STE_LUM,2025,SFA,0.928571428571429,14,0.928571428571429
TEX_BOB,2024,Texas St.,0.928571428571429,14,0.928571428571429
TEX_ISL,2023,A&M-Corpus Christi,0.928571428571429,14,0.928571428571429
TEX_TIG,2025,Texas Southern,0.928571428571429,14,0.928571428571429
UIC_FLA,2024,UIC,0.928571428571429,14,0.928571428571429
UMA_AMH,2023,Massachusetts,0.928571428571429,14,0.928571428571429
UTM_SKY,2025,UT Martin,0.928571428571429,14,0.928571428571429
WIC_SHO,2023,Wichita St.,0.928571428571429,14,0.928571428571429
ARI_SUN,2024,Arizona St.,0.933333333333333,15,0.933333333333333
ARI_WIL,2023,Arizona,0.933333333333333,15,0.933333333333333
ARL_MAV,2023,UT Arlington,0.933333333333333,15,0.933333333333333
BRA_BRA,2024,Bradley,0.933333333333333,15,0.933333333333333
CAL_AGO,2024,UC Davis,0.933333333333333,15,0.933333333333333
CEN_MIC,2024,Central Mich.,0.933333333333333,15,0.866666666666667
CHA_BUC,2025,Charleston So.,0.933333333333333,15,0.866666666666667
CIN_BEA,2025,Cincinnati,0.933333333333333,15,0.933333333333333
COL_LION,2024,Columbia,0.933333333333333,15,0.933333333333333
DEL_BLU,2024,Delaware,0.933333333333333,15,0.866666666666667
ECU_PIR,2024,East Carolina,0.933333333333333,15,0.866666666666667
FAI_STA,2024,Fairfield,0.933333333333333,15,0.866666666666667
FDU_KNI,2025,FDU,0.933333333333333,15,0.133333333333333
FOR_RAM,2024,Fordham,0.933333333333333,15,0.866666666666667
GEO_COL,2024,George Washington,0.933333333333333,15,0.866666666666667
IND_SYC,2024,Indiana St.,0.933333333333333,15,0.933333333333333
JAC_GAM,2023,Jacksonville St.,0.933333333333333,15,0.866666666666667
LON_ISL22,2023,LIU,0.933333333333333,15,0.933333333333333
LON_ISL22,2025,LIU,0.933333333333333,15,0.933333333333333
MAR_THU,2025,Marshall,0.933333333333333,15,0.933333333333333
MCN_COW,2023,McNeese,0.933333333333333,15,0.933333333333333
MIA_RED,2023,Miami (OH),0.933333333333333,15,0.933333333333333
MON_HAW,2024,Monmouth,0.933333333333333,15,0.933333333333333
MON_HAW,2025,Monmouth,0.933333333333333,15,0.933333333333333
MOR_EAG,2025,Morehead St.,0.933333333333333,15,0.866666666666667
MTSU_BLU,2023,Middle Tenn.,0.933333333333333,15,0.933333333333333
NAV_MID,2025,Navy,0.933333333333333,15,0.933333333333333
NOR_AGG,2024,N.C. A&T,0.933333333333333,15,0.933333333333333
NOR_BIS,2024,North Dakota St.,0.933333333333333,15,0.933333333333333
ORE_DUC,2023,Oregon,0.933333333333333,15,0.933333333333333
PRI_TIG,2024,Princeton,0.933333333333333,15,0.933333333333333
SAN_GAU,2023,UC Santa Barbara,0.933333333333333,15,0.933333333333333
STB_BON,2025,St. Bonaventure,0.933333333333333,15,0.933333333333333
TAR_TEX,2023,Tarleton St.,0.933333333333333,15,0.933333333333333
UNC_SPA,2023,UNC Greensboro,0.933333333333333,15,0.933333333333333
UNO_MAV,2024,Omaha,0.933333333333333,15,0.866666666666667
ALB_GRE,2024,UAlbany,0.9375,16,0.9375
ARM_BLA,2024,Army West Point,0.9375,16,0.9375
BGS_FAL,2023,Bowling Green,0.9375,16,0.9375
BGS_FAL,2025,Bowling Green,0.9375,16,0.9375
CAL_AGO,2023,UC Davis,0.9375,16,0.9375
CAL_ANT,2024,UC Irvine,0.9375,16,0.875
COR_BRE,2025,Cornell,0.9375,16,0.9375
DAV_WIL,2024,Davidson,0.9375,16,0.9375
ECU_PIR,2023,East Carolina,0.9375,16,0.9375
FLO_SEM,2025,Florida St.,0.9375,16,0.875
GEO_EAG,2024,Ga. Southern,0.9375,16,0.9375
IND_SYC,2025,Indiana St.,0.9375,16,0.875
LOU_BUL,2024,Louisiana Tech,0.9375,16,0.875
MAR_TER,2025,Maryland,0.9375,16,0.875
MCN_COW,2024,McNeese,0.9375,16,0.875
MER_BEA,2023,Mercer,0.9375,16,0.875
MIC_SPA,2025,Michigan St.,0.9375,16,0.9375
NIC_COL,2024,Nicholls,0.9375,16,0.875
NOK_NOR,2025,Northern Ky.,0.9375,16,0.9375
NOR_TAR,2023,North Carolina,0.9375,16,0.9375
NOR_WOL,2023,NC State,0.9375,16,0.9375
OKL_COW,2024,Oklahoma St.,0.9375,16,0.9375
PAC_TIG,2024,Pacific,0.9375,16,0.875
RIC_OWL,2023,Rice,0.9375,16,0.875
RIC_SPI,2024,Richmond,0.9375,16,0.875
SAC_HOR,2023,Sacramento St.,0.9375,16,0.9375
SAN_GAU,2024,UC Santa Barbara,0.9375,16,0.9375
SOU_COU,2024,SIUE,0.9375,16,0.875
THO_M,2024,St. Thomas (MN),0.9375,16,0.875
UNL_REB,2023,UNLV,0.9375,16,0.875
WAS_HUS,2024,Washington,0.9375,16,0.9375
ALA_CRI,2024,Alabama,0.941176470588235,17,0.941176470588235
ASU_RED,2024,Arkansas St.,0.941176470588235,17,0.941176470588235
AUS_GOV,2024,Austin Peay,0.941176470588235,17,0.941176470588235
BIN_BEA,2025,Binghamton,0.941176470588235,17,0.941176470588235
CAL_BEA,2025,California,0.941176470588235,17,0.941176470588235
CAL_MUS,2023,Cal Poly,0.941176470588235,17,0.941176470588235
CAN_GRI,2024,Canisius,0.941176470588235,17,0.941176470588235
CHA_FOR,2023,Charlotte,0.941176470588235,17,0.941176470588235
CSU_BAK,2023,CSU Bakersfield,0.941176470588235,17,0.941176470588235
ETS_BUC,2025,ETSU,0.941176470588235,17,0.882352941176471
GEO_EAG,2023,Ga. Southern,0.941176470588235,17,0.882352941176471
HBU_HUS,2023,Houston Christian,0.941176470588235,17,0.882352941176471
LIP_BIS,2023,Lipscomb,0.941176470588235,17,0.882352941176471
LON_DIR,2025,Long Beach St.,0.941176470588235,17,0.882352941176471
LOU_CAJ,2024,Louisiana,0.941176470588235,17,0.941176470588235
LOU_CAR,2023,Louisville,0.941176470588235,17,0.941176470588235
MOR_EAG,2024,Morehead St.,0.941176470588235,17,0.941176470588235
NCA_BUL,2023,UNC Asheville,0.941176470588235,17,0.823529411764706
NCA_BUL,2025,UNC Asheville,0.941176470588235,17,0.941176470588235
NEV_WOL,2024,Nevada,0.941176470588235,17,0.941176470588235
NEW_PRI,2024,New Orleans,0.941176470588235,17,0.941176470588235
NIA_EAG,2025,Niagara,0.941176470588235,17,0.882352941176471
NIU_HUS,2023,NIU,0.941176470588235,17,0.941176470588235
NOF_OSP,2025,North Florida,0.941176470588235,17,0.941176470588235
OLD_MON,2023,Old Dominion,0.941176470588235,17,0.941176470588235
ORA_GOL,2024,Oral Roberts,0.941176470588235,17,0.941176470588235
RHO_RAM,2024,Rhode Island,0.941176470588235,17,0.882352941176471
RIC_SPI,2023,Richmond,0.941176470588235,17,0.941176470588235
SAN_BRO,2025,Santa Clara,0.941176470588235,17,0.882352941176471
SAN_GAU,2025,UC Santa Barbara,0.941176470588235,17,0.941176470588235
SLU_BILL,2025,Saint Louis,0.941176470588235,17,0.882352941176471
TAR_TEX,2025,Tarleton St.,0.941176470588235,17,0.941176470588235
TCU_HFG,2023,TCU,0.941176470588235,17,0.882352941176471
TCU_HFG,2024,TCU,0.941176470588235,17,0.941176470588235
UAB_BLA,2023,UAB,0.941176470588235,17,0.941176470588235
UCLA,2024,UCLA,0.941176470588235,17,0.882352941176471
UIC_FLA,2025,UIC,0.941176470588235,17,0.941176470588235
UTA_UTE,2025,Utah,0.941176470588235,17,0.882352941176471
WES_HIL,2023,Western Ky.,0.941176470588235,17,0.882352941176471
WES_MOU,2024,West Virginia,0.941176470588235,17,0.941176470588235
WES_MOU,2025,West Virginia,0.941176470588235,17,0.941176470588235
BEL_KNI,2024,Bellarmine,0.944444444444444,18,0.888888888888889
BEL_KNI,2025,Bellarmine,0.944444444444444,18,0.944444444444444
CLE_TIG,2024,Clemson,0.944444444444444,18,0.888888888888889
DIX_STE,2024,Utah Tech,0.944444444444444,18,0.888888888888889
DUK_BLU,2023,Duke,0.944444444444444,18,0.944444444444444
EMU_EAG,2025,Eastern Mich.,0.944444444444444,18,0.888888888888889
FGCU,2025,FGCU,0.944444444444444,18,0.888888888888889
HBU_HUS,2024,Houston Christian,0.944444444444444,18,0.888888888888889
ION_GAE,2024,Iona,0.944444444444444,18,0.944444444444444
JMU_DUK,2024,James Madison,0.944444444444444,18,0.944444444444444
LEH_MOU,2025,Lehigh,0.944444444444444,18,0.888888888888889
LOY_LIO,2023,LMU (CA),0.944444444444444,18,0.944444444444444
MIA_RED,2025,Miami (OH),0.944444444444444,18,0.944444444444444
NOK_NOR,2024,Northern Ky.,0.944444444444444,18,0.944444444444444
NOR_BIS,2025,North Dakota St.,0.944444444444444,18,0.944444444444444
OKL_SOO,2023,Oklahoma,0.944444444444444,18,0.944444444444444
OLE_REB,2024,Ole Miss,0.944444444444444,18,0.944444444444444
SAN_TOR,2024,San Diego,0.944444444444444,18,0.944444444444444
SOU_GOL,2023,Southern Miss.,0.944444444444444,18,0.888888888888889
SOU_JAC,2025,South Dakota St.,0.944444444444444,18,0.944444444444444
SOU_TRO,2024,Southern California,0.944444444444444,18,0.944444444444444
TEX_BOB,2023,Texas St.,0.944444444444444,18,0.888888888888889
TEX_ISL,2025,A&M-Corpus Christi,0.944444444444444,18,0.944444444444444
TEX_LON,2023,Texas,0.944444444444444,18,0.944444444444444
TEX_LON,2025,Texas,0.944444444444444,18,0.888888888888889
VAL_CRU,2025,Valparaiso,0.944444444444444,18,0.944444444444444
WCC,2023,Western Caro.,0.944444444444444,18,0.944444444444444
ALA_CRI,2023,Alabama,0.947368421052632,19,0.947368421052632
BUC_BIS,2025,Bucknell,0.947368421052632,19,0.947368421052632
CAM_CAM,2023,Campbell,0.947368421052632,19,0.947368421052632
CLE_TIG,2023,Clemson,0.947368421052632,19,0.947368421052632
DAY_FLY,2023,Dayton,0.947368421052632,19,0.894736842105263
ELO_PHO,2025,Elon,0.947368421052632,19,0.947368421052632
GEO_BUL,2023,Georgia,0.947368421052632,19,0.947368421052632
GEO_PAN,2023,Georgia St.,0.947368421052632,19,0.894736842105263
GRA_CAN,2023,Grand Canyon,0.947368421052632,19,0.947368421052632
ION_GAE,2023,Iona,0.947368421052632,19,0.947368421052632
JAC_GAM,2024,Jacksonville St.,0.947368421052632,19,0.947368421052632
LOU_CAR,2024,Louisville,0.947368421052632,19,0.947368421052632
LOY_LIO,2024,LMU (CA),0.947368421052632,19,0.947368421052632
MSU_BDG,2024,Mississippi St.,0.947368421052632,19,0.894736842105263
MT,2025,Memphis,0.947368421052632,19,0.947368421052632
ORE_DUC,2025,Oregon,0.947368421052632,19,0.894736842105263
OSU_BUC,2025,Ohio St.,0.947368421052632,19,0.947368421052632
SAM_BUL,2024,Samford,0.947368421052632,19,0.894736842105263
SAN_TOR,2023,San Diego,0.947368421052632,19,0.894736842105263
TUL_GRE,2023,Tulane,0.947368421052632,19,0.894736842105263
UNL_REB,2024,UNLV,0.947368421052632,19,0.894736842105263
UTA_WOL,2024,Utah Valley,0.947368421052632,19,0.947368421052632
WAK_DEA,2025,Wake Forest,0.947368421052632,19,0.947368421052632
YSU_PEN,2025,Youngstown St.,0.947368421052632,19,0.894736842105263
AKR_ZIP,2025,Akron,0.95,20,0.9
COA_CHA,2025,Coastal Carolina,0.95,20,0.9
FLO_PAN,2025,FIU,0.95,20,0.95
FOR_RAM,2025,Fordham,0.95,20,0.9
JMU_DUK,2023,James Madison,0.95,20,0.95
OAK_GOL,2025,Oakland,0.95,20,0.95
RAD_HIG,2025,Radford,0.95,20,0.95
RUT_SCA,2025,Rutgers,0.95,20,0.9
CLE_TIG,2025,Clemson,0.952380952380952,21,0.904761904761905
HIG_PAN,2024,High Point,0.952380952380952,21,0.952380952380952
SAL_JAG,2023,South Alabama,0.952380952380952,21,0.904761904761905
TEX_BOB,2025,Texas St.,0.952380952380952,21,0.904761904761905
TEX_RAI,2024,Texas Tech,0.956521739130435,23,0.956521739130435
ABI_WIL,2023,Abilene Christian,1,17,1
ABI_WIL,2024,Abilene Christian,1,17,1
ABI_WIL,2025,Abilene Christian,1,18,1
ALA_ANM,2023,Alabama A&M,1,8,1
ALA_ANM,2024,Alabama A&M,1,11,1
ALA_HOR,2023,Alabama St.,1,13,0.923076923076923
ALA_HOR,2024,Alabama St.,1,11,0.909090909090909
ALA_LIO,2024,North Ala.,1,13,1
ALA_LIO,2025,North Ala.,1,12,0.916666666666667
ALC_BRA,2025,Alcorn,1,12,0.916666666666667
APP_MOU,2023,App State,1,16,1
APP_MOU,2024,App State,1,17,1
APP_MOU,2025,App State,1,17,0.941176470588235
ARK_LIO,2023,Ark.-Pine Bluff,1,9,1
ARK_LIO,2024,Ark.-Pine Bluff,1,8,0.875
ARK_LIO,2025,Ark.-Pine Bluff,1,14,1
ARK_RAZ,2023,Arkansas,1,16,1
ARK_RAZ,2024,Arkansas,1,17,1
ARL_MAV,2024,UT Arlington,1,15,1
ASU_RED,2023,Arkansas St.,1,20,1
AUB_TIG,2023,Auburn,1,17,1
AUS_GOV,2023,Austin Peay,1,15,0.933333333333333
AUS_GOV,2025,Austin Peay,1,18,1
BAL_CAR,2023,Ball St.,1,14,0.928571428571429
BAY_BEA,2024,Baylor,1,18,1
BAY_BEA,2025,Baylor,1,18,1
BET_WIL,2023,Bethune-Cookman,1,10,1
BET_WIL,2024,Bethune-Cookman,1,7,1
BOC_EAG,2025,Boston College,1,19,0.947368421052632
BRA_BRA,2023,Bradley,1,14,1
BRO_BEA,2023,Brown,1,12,1
BRO_BEA,2024,Brown,1,10,1
BRO_BEA,2025,Brown,1,10,1
BRY_BUL,2024,Bryant,1,17,1
BRY_BUL,2025,Bryant,1,20,0.95
BUC_BIS,2023,Bucknell,1,14,1
BUT_BUL,2023,Butler,1,17,0.941176470588235
BUT_BUL,2024,Butler,1,20,1
BUT_BUL,2025,Butler,1,20,1
BYU_COU,2025,BYU,1,19,0.947368421052632
CAL_ANT,2023,UC Irvine,1,13,0.923076923076923
CAL_ANT,2025,UC Irvine,1,13,0.923076923076923
CAL_BEA,2023,California,1,14,1
CAL_BEA,2024,California,1,17,1
CAL_FUL,2023,Cal St. Fullerton,1,14,1
CAL_FUL,2024,Cal St. Fullerton,1,17,0.941176470588235
CAL_FUL,2025,Cal St. Fullerton,1,17,0.941176470588235
CAL_HIG,2025,UC Riverside,1,15,1
CAL_LAN,2023,California Baptist,1,15,0.933333333333333
CAL_LAN,2024,California Baptist,1,10,1
CAL_MAT,2023,CSUN,1,14,1
CAL_MAT,2024,CSUN,1,17,1
CAL_MAT,2025,CSUN,1,16,1
CAN_GRI,2023,Canisius,1,6,1
CCU_BLD,2023,Central Conn. St.,1,7,1
CCU_BLD,2024,Central Conn. St.,1,10,0.9
CCU_BLD,2025,Central Conn. St.,1,3,1
CEN_BEA,2023,Central Ark.,1,11,1
CEN_BEA,2024,Central Ark.,1,11,1
CHA_FOR,2024,Charlotte,1,18,0.944444444444444
CHA_FOR,2025,Charlotte,1,15,1
CIN_BEA,2023,Cincinnati,1,15,1
CIN_BEA,2024,Cincinnati,1,16,1
COA_CHA,2024,Coastal Carolina,1,16,0.9375
COL_CHA,2023,Col. of Charleston,1,14,1
COL_CHA,2024,Col. of Charleston,1,12,1
COL_CHA,2025,Col. of Charleston,1,14,1
COP_STA,2023,Coppin St.,1,9,1
COP_STA,2024,Coppin St.,1,10,1
COP_STA,2025,Coppin St.,1,13,1
COR_BRE,2023,Cornell,1,12,1
CRE_BLU,2024,Creighton,1,15,1
CRE_BLU,2025,Creighton,1,17,1
CSU_BAK,2024,CSU Bakersfield,1,8,1
CSU_BAK,2025,CSU Bakersfield,1,21,0.952380952380952
DAL_PAT,2023,DBU,1,18,0.944444444444444
DAL_PAT,2024,DBU,1,16,0.9375
DAL_PAT,2025,DBU,1,16,1
DAR_GRE,2023,Dartmouth,1,12,1
DAR_GRE,2024,Dartmouth,1,15,1
DAR_GRE,2025,Dartmouth,1,13,1
DEL_BLU,2023,Delaware,1,14,0.928571428571429
DEL_HOR,2023,Delaware St.,1,13,1
DEL_HOR,2025,Delaware St.,1,6,1
DIX_STE,2025,Utah Tech,1,17,0.941176470588235
DUK_BLU,2025,Duke,1,19,1
EIU_PAN,2024,Eastern Ill.,1,9,1
EKU_COL,2023,Eastern Ky.,1,19,1
EKU_COL,2024,Eastern Ky.,1,20,1
EKU_COL,2025,Eastern Ky.,1,18,1
ELO_PHO,2023,Elon,1,12,0.916666666666667
ELO_PHO,2024,Elon,1,16,1
ETS_BUC,2024,ETSU,1,13,0.923076923076923
EVA_ACE,2023,Evansville,1,13,1
EVA_ACE,2024,Evansville,1,14,0.928571428571429
FAI_STA,2023,Fairfield,1,13,0.923076923076923
FAI_STA,2025,Fairfield,1,16,1
FAU_OWL,2023,Fla. Atlantic,1,13,1
FAU_OWL,2024,Fla. Atlantic,1,15,1
FGCU,2023,FGCU,1,13,0.923076923076923
FGCU,2024,FGCU,1,17,1
FLA_GAT,2024,Florida,1,14,1
FLA_GAT,2025,Florida,1,18,1
FLO_PAN,2023,FIU,1,14,1
FLO_PAN,2024,FIU,1,15,1
FLO_RAT,2023,Florida A&M,1,7,1
FLO_RAT,2024,Florida A&M,1,8,1
FLO_SEM,2023,Florida St.,1,15,1
FLO_SEM,2024,Florida St.,1,16,1
FOR_MAS,2023,Purdue Fort Wayne,1,1,1
FOR_MAS,2025,Purdue Fort Wayne,1,17,1
FRE_BUL,2024,Fresno St.,1,15,0.933333333333333
FRE_BUL,2025,Fresno St.,1,15,0.933333333333333
GAR_RUN,2024,Gardner-Webb,1,18,1
GAR_RUN,2025,Gardner-Webb,1,16,1
GEO_COL,2025,George Washington,1,17,0.941176470588235
GEO_HOY,2024,Georgetown,1,14,1
GEO_HOY,2025,Georgetown,1,15,1
GRA_TIG,2024,Grambling,1,11,1
HAR_HAW,2023,Hartford,1,5,1
HAW_WAR,2024,Hawaii,1,12,0.916666666666667
HAW_WAR,2025,Hawaii,1,14,0.928571428571429
HIG_PAN,2025,High Point,1,18,0.944444444444444
HOF_PRI,2023,Hofstra,1,12,0.916666666666667
HOL_CRU,2023,Holy Cross,1,14,0.928571428571429
HOL_CRU,2024,Holy Cross,1,15,1
HOL_CRU,2025,Holy Cross,1,17,1
ILL_ILL,2023,Illinois,1,17,1
ILL_ILL,2024,Illinois,1,15,1
ILL_ILL,2025,Illinois,1,17,1
ILL_RED,2023,Illinois St.,1,14,0.928571428571429
ILL_RED,2024,Illinois St.,1,13,1
ILL_RED,2025,Illinois St.,1,16,1
IWC,2023,UIW,1,5,0.8
IWC,2024,UIW,1,14,0.928571428571429
JAC_GAM,2025,Jacksonville St.,1,21,1
JMU_DUK,2025,James Madison,1,18,0.944444444444444
KAN_JAY,2023,Kansas,1,15,1
KAN_JAY,2024,Kansas,1,18,1
KAN_JAY,2025,Kansas,1,17,0.941176470588235
KAN_WIL,2024,Kansas St.,1,15,1
KAN_WIL,2025,Kansas St.,1,15,1
KEN_OWL,2024,Kennesaw St.,1,15,1
LAM_CAR,2023,Lamar University,1,15,1
LAM_CAR,2024,Lamar University,1,14,0.928571428571429
LEH_MOU,2023,Lehigh,1,20,0.95
LEH_MOU,2024,Lehigh,1,19,0.947368421052632
LIN_UNI,2024,Lindenwood,1,11,0.909090909090909
LIP_BIS,2024,Lipscomb,1,18,1
LIP_BIS,2025,Lipscomb,1,17,1
LOU_BUL,2025,Louisiana Tech,1,16,1
LOU_CAJ,2023,Louisiana,1,18,0.944444444444444
LOU_CAR,2025,Louisville,1,22,1
MAR_HAW,2025,UMES,1,15,0.933333333333333
MAR_RED,2023,Marist,1,11,1
MCN_COW,2025,McNeese,1,15,1
MER_BEA,2024,Mercer,1,17,1
MER_BEA,2025,Mercer,1,21,1
MER_COL1,2023,Merrimack,1,7,0.857142857142857
MER_COL1,2024,Merrimack,1,15,1
MER_COL1,2025,Merrimack,1,18,1
MIC_SPA,2023,Michigan St.,1,14,1
MIC_SPA,2024,Michigan St.,1,16,1
MIN_GOL,2025,Minnesota,1,14,1
MIN_GOP,2025,Minnesota,1,2,1
MIS_BEA,2023,Missouri St.,1,14,1
MIS_BEA,2024,Missouri St.,1,15,1
MON_HAW,2023,Monmouth,1,13,0.923076923076923
MOR_EAG,2023,Morehead St.,1,14,1
MSU_BDG,2023,Mississippi St.,1,17,0.941176470588235
MT,2024,Memphis,1,16,0.9375
MTSU_BLU,2024,Middle Tenn.,1,15,0.933333333333333
MUR_RAC,2024,Murray St.,1,14,1
MUR_RAC,2025,Murray St.,1,14,1
NAV_MID,2023,Navy,1,8,1
NCB,2024,Northern Colo.,1,16,0.9375
NCB,2025,Northern Colo.,1,18,0.944444444444444
NEV_WOL,2025,Nevada,1,16,1
NEW_PRI,2023,New Orleans,1,22,1
NIC_COL,2023,Nicholls,1,14,1
NIU_HUS,2024,NIU,1,18,1
NJI_HIG,2024,NJIT,1,15,1
NOF_OSP,2023,North Florida,1,11,0.909090909090909
NOR_AGG,2023,N.C. A&T,1,12,1
NOR_BIS,2023,North Dakota St.,1,13,0.923076923076923
NOR_DEM,2023,Northwestern St.,1,13,1
NOR_DEM,2024,Northwestern St.,1,12,0.916666666666667
NOR_DEM,2025,Northwestern St.,1,17,0.941176470588235
NOR_HUS,2023,Northeastern,1,12,1
NOR_HUS,2024,Northeastern,1,13,1
NOR_HUS,2025,Northeastern,1,15,1
NOR_SPA,2024,Norfolk St.,1,8,1
NOR_TAR,2024,North Carolina,1,16,1
NOR_TAR,2025,North Carolina,1,14,0.928571428571429
NOR_WOL,2025,NC State,1,14,0.928571428571429
OAK_GOL,2023,Oakland,1,14,1
OHI_BOB,2023,Ohio,1,14,1
OHI_BOB,2024,Ohio,1,13,1
OHI_BOB,2025,Ohio,1,16,1
OKL_COW,2023,Oklahoma St.,1,17,1
OKL_COW,2025,Oklahoma St.,1,14,1
OKL_SOO,2024,Oklahoma,1,17,0.941176470588235
OLE_REB,2023,Ole Miss,1,18,1
OLE_REB,2025,Ole Miss,1,19,1
ORA_GOL,2023,Oral Roberts,1,14,1
ORE_BEA,2023,Oregon St.,1,17,0.941176470588235
ORE_BEA,2024,Oregon St.,1,19,1
ORE_DUC,2024,Oregon,1,16,1
OSU_BUC,2023,Ohio St.,1,18,0.944444444444444
PAC_TIG,2023,Pacific,1,16,0.9375
PAC_TIG,2025,Pacific,1,15,1
PEN_QUA,2023,Penn,1,16,1
PEN_QUA,2024,Penn,1,17,0.941176470588235
PIT_PAN,2023,Pittsburgh,1,13,1
PIT_PAN,2024,Pittsburgh,1,8,1
PIT_PAN,2025,Pittsburgh,1,15,1
PIT_UNI,2024,Pittsburgh,1,12,1
PRA_PAN,2023,Prairie View,1,10,1
PRA_PAN,2024,Prairie View,1,11,1
PRI_TIG,2025,Princeton,1,14,1
PUR_FOR,2025,Purdue Fort Wayne,1,2,1
RAD_HIG,2024,Radford,1,19,1
RIC_OWL,2024,Rice,1,18,0.944444444444444
RIC_OWL,2025,Rice,1,21,1
RUT_SCA,2024,Rutgers,1,14,1
SAM_BEA,2023,Sam Houston,1,14,0.928571428571429
SAM_BEA,2024,Sam Houston,1,12,0.916666666666667
SAM_BUL,2023,Samford,1,14,1
SAM_BUL,2025,Samford,1,15,1
SAN_BRO,2023,Santa Clara,1,9,1
SAN_BRO,2024,Santa Clara,1,15,0.933333333333333
SBU_SEA,2023,Stony Brook,1,13,1
SET_PIR,2023,Seton Hall,1,17,1
SIU_SAL,2023,Southern Ill.,1,7,1
SIU_SAL,2025,Southern Ill.,1,14,1
SIU_SES,2023,Southern Ind.,1,3,1
SOU_COU,2023,SIUE,1,11,1
SOU_GOL,2024,Southern Miss.,1,18,1
SOU_GOL,2025,Southern Miss.,1,18,1
SOU_IND16,2023,Southern Ind.,1,18,1
SOU_IND16,2024,Southern Ind.,1,19,0.947368421052632
SOU_IND16,2025,Southern Ind.,1,18,0.944444444444444
SOU_JAC,2023,South Dakota St.,1,13,1
SOU_LIO,2023,Southeastern La.,1,13,1
SOU_LIO,2024,Southeastern La.,1,15,1
SOU_LIO,2025,Southeastern La.,1,19,1
SOU_TRO,2023,Southern California,1,16,1
STB_BON,2023,St. Bonaventure,1,15,1
STB_BON,2024,St. Bonaventure,1,15,1
STE_HAT,2023,Stetson,1,17,0.941176470588235
STE_LUM,2024,SFA,1,15,1
STJ_HAW,2023,Saint Joseph's,1,15,0.933333333333333
STJ_HAW,2024,Saint Joseph's,1,15,0.933333333333333
STJ_RED,2025,St. John's (NY),1,16,0.9375
STM_GAE,2024,Saint Mary's (CA),1,16,1
STM_GAE,2025,Saint Mary's (CA),1,17,1
STO_COL,2023,Stonehill,1,9,0.888888888888889
TAR_TEX,2024,Tarleton St.,1,15,1
TCU_HFG,2025,TCU,1,18,0.944444444444444
TEN_VOL,2023,Tennessee,1,17,0.941176470588235
TEN_VOL,2024,Tennessee,1,18,1
TEN_VOL,2025,Tennessee,1,20,1
TEX_ISL,2024,A&M-Corpus Christi,1,11,0.909090909090909
TEX_RAI,2023,Texas Tech,1,20,1
THO_M,2023,St. Thomas (MN),1,18,1
THO_M,2025,St. Thomas (MN),1,15,1
TOL_ROC,2024,Toledo,1,17,0.941176470588235
TOL_ROC,2025,Toledo,1,16,1
TRO_TRJ,2025,Troy,1,17,0.941176470588235
TUL_GRE,2025,Tulane,1,19,0.947368421052632
UAB_BLA,2024,UAB,1,16,1
UAB_BLA,2025,UAB,1,14,1
UCLA,2023,UCLA,1,14,0.928571428571429
UMA_AMH,2024,Massachusetts,1,11,1
UNC_SEA,2023,UNCW,1,18,1
UNC_SEA,2024,UNCW,1,23,1
UNI_WES,2025,West Ga.,1,14,1
USC_UPS,2023,USC Upstate,1,17,0.941176470588235
USC_UPS,2024,USC Upstate,1,15,1
USF_BUL,2023,South Fla.,1,15,1
UTA_UTE,2024,Utah,1,13,1
UTM_SKY,2023,UT Martin,1,14,1
UTM_SKY,2024,UT Martin,1,15,1
UTR_VAQ,2024,UTRGV,1,13,1
UWM_PAN,2023,Milwaukee,1,9,1
UWM_PAN,2024,Milwaukee,1,15,1
UWM_PAN,2025,Milwaukee,1,16,1
VAL_CRU,2023,Valparaiso,1,11,1
VAL_CRU,2024,Valparaiso,1,13,1
VIL_WIL,2023,Villanova,1,16,1
VIL_WIL,2024,Villanova,1,13,1
VIR_KEY,2023,VMI,1,14,1
VIR_KEY,2025,VMI,1,14,1
VIR_MIL,2023,VMI,1,1,1
WCC,2024,Western Caro.,1,18,1
WCC,2025,Western Caro.,1,21,1
WES_GEO4,2025,West Ga.,1,4,1
WES_MOU,2023,West Virginia,1,17,1
WIC_SHO,2024,Wichita St.,1,16,0.9375
WIN_EAG,2023,Winthrop,1,14,1
WIN_EAG,2024,Winthrop,1,14,1
WIU_LEA,2023,Western Ill.,1,12,1
WIU_LEA,2024,Western Ill.,1,13,1
WOF_TER,2025,Wofford,1,17,0.941176470588235
XAV_MUS,2024,Xavier,1,17,1
YAL_BUL,2023,Yale,1,11,1
YAL_BUL,2025,Yale,1,13,1
YSU_PEN,2023,Youngstown St.,1,13,1
YSU_PEN,2024,Youngstown St.,1,16,1
