"last_name, first_name","pitcher","n_ff","n_si","n_fc","n_sl","n_ch","n_cu","n_fs","n_kn","n_st","n_sv"
"Wheeler, Zack","554430","42.4","18.3","25.0","","3.6","10.7","0.0","","",""
"Mahle, Tyler","641816","53.1","","5.6","25.6","","","15.8","","",""
"Castillo, Luis","622491","28.5","23.6","","17.4","30.5","","","","",""
"Buehler, Walker","621111","44.7","7.4","16.0","0.0","4.8","13.2","","","13.9",""
"Ray, Robbie","592662","59.2","0.3","","30.8","3.6","6.1","","","",""
"Alcantara, Sandy","645261","21.6","28.2","24.0","2.6","23.5","","","","",""
"Wainwright, Adam","425794","9.7","28.1","21.6","","6.4","34.1","","","",""
"Berríos, José","621244","26.1","30.1","","","13.2","","","","","30.5"
"Montas, Frankie","593423","30.2","28.1","7.2","12.3","","","22.2","","",""
"Gausman, Kevin","592332","52.6","0.2","","6.2","5.6","","35.5","","",""
"Morton, Charlie","450203","36.4","13.0","8.4","","5.3","36.8","","","",""
"Manaea, Sean","640455","0.7","59.4","","14.9","24.3","","","","0.7",""
"Nola, Aaron","605400","37.5","14.1","1.5","","19.8","27.0","","","",""
"Giolito, Lucas","608337","43.9","","","21.6","31.8","2.7","","","",""
"Cole, Gerrit","543037","47.2","0.8","","22.2","14.2","15.7","","","",""
"Lyles, Jordan","543475","39.3","9.1","2.8","9.2","7.2","18.2","","","14.2",""
"Cease, Dylan","656302","46.9","","","30.0","7.2","15.2","","","0.7",""
"Musgrove, Joe","605397","20.4","5.1","18.2","27.8","4.8","23.8","","","",""
"Eovaldi, Nathan","543135","42.3","","12.6","13.7","","18.8","12.6","","",""
"Gibson, Kyle","502043","12.6","34.1","15.0","14.6","13.4","8.9","","","1.6",""
"Scherzer, Max","453286","46.7","","9.8","18.8","14.9","9.8","","","",""
"Flexen, Chris","623167","40.0","0.1","29.3","1.2","15.3","14.1","","","",""
"Woodruff, Brandon","605540","33.5","26.9","","8.4","14.1","17.1","","","",""
"Hendricks, Kyle","543294","18.0","42.6","","","27.7","11.7","","","",""
"McCullers Jr., Lance","621121","","34.0","1.4","","13.7","25.0","","","25.9",""
"Márquez, Germán","608566","45.5","7.4","","26.5","2.1","18.5","","","",""
"Urías, Julio","628711","48.3","0.1","","","17.3","","","","","34.2"
"Darvish, Yu","506433","22.1","8.3","2.5","31.0","","8.5","4.9","","22.8",""
"Corbin, Patrick","571578","27.6","28.7","","38.4","4.2","1.0","","","",""
"Pivetta, Nick","601713","51.8","0.1","1.1","20.5","2.7","23.8","","","0.0",""
"Stroman, Marcus","573186","2.6","42.0","15.4","1.6","","0.4","16.1","","","21.9"
"Keuchel, Dallas","572971","2.1","37.9","24.4","7.0","28.6","","","","",""
"Rodriguez, Eduardo","593958","39.9","11.3","17.7","8.1","23.0","","","","",""
"Ryu, Hyun Jin","547943","35.2","1.4","25.4","0.4","25.3","12.3","","","",""
"Irvin, Cole","608344","41.1","18.7","0.1","15.0","21.9","3.1","","","",""
"Happ, J.A.","457918","54.0","17.7","","15.1","12.0","1.3","","","",""
"Minor, Mike","501985","42.8","0.2","","21.9","19.5","15.7","","","",""
"Anderson, Tyler","542881","37.3","10.3","26.2","0.9","24.6","0.7","","","",""
"Burnes, Corbin","669203","1.2","9.6","52.3","9.3","9.5","18.1","","","",""
"Miley, Wade","489119","16.0","1.2","46.8","5.3","27.1","3.6","","","",""
"Davies, Zach","605200","4.7","47.7","7.5","0.6","32.5","6.9","","","0.0",""
"Montgomery, Jordan","656756","16.5","22.1","12.9","0.5","24.4","23.6","","","",""
"Greinke, Zack","425844","40.0","5.8","2.1","13.2","22.2","16.7","","","",""
"Kikuchi, Yusei","579328","35.9","","32.1","20.4","10.8","0.9","","","",""
"Fried, Max","608331","38.2","11.4","0.1","21.5","2.2","25.6","","","1.1",""
"DeSclafani, Anthony","543101","27.1","18.6","","35.7","10.5","8.2","","","",""
"Matz, Steven","571927","","51.9","","8.2","23.2","16.6","","","",""
"Walker, Taijuan","592836","35.5","21.6","0.7","20.4","","7.3","14.3","","0.2",""
"Skubal, Tarik","669373","42.9","12.9","0.3","22.8","12.0","6.9","2.3","","",""
"Gray, Jon","592351","46.6","1.0","","38.1","8.0","6.3","","","",""
"Lynn, Lance","458681","41.4","20.2","30.9","0.1","4.5","3.0","","","",""
"Garcia, Luis","677651","44.7","","21.4","1.3","11.0","9.4","","","12.2",""
"Hill, Rich","448179","47.1","2.4","2.8","0.5","3.0","37.8","","","6.5",""
"Yarbrough, Ryan","642232","13.8","","40.2","","28.0","","","","18.0",""
"Kelly, Merrill","518876","32.0","18.4","14.1","","17.4","18.1","","","",""
"Fedde, Erick","607200","1.2","42.2","22.9","","8.9","18.2","1.3","","5.2",""
"Senzatela, Antonio","622608","54.6","1.6","","31.9","6.2","5.8","","","",""
"Bassitt, Chris","605135","19.2","35.7","18.1","2.4","10.2","6.5","","","7.9",""
"Lester, Jon","452657","31.1","16.7","25.5","","18.2","8.4","","","",""
"Taillon, Jameson","592791","49.7","5.6","5.7","14.1","5.7","19.1","","","0.0",""
"Mize, Casey","663554","29.7","22.2","","28.1","","6.7","13.3","","",""
"Peralta, Freddy","642547","51.7","1.3","","","9.7","10.6","","","26.7",""
"Houser, Adrian","605288","13.4","54.0","","7.3","10.9","14.4","","","",""
"Keller, Brad","641745","29.6","29.0","","34.8","6.5","","","","",""
"Snell, Blake","605483","52.4","","","24.2","9.9","13.5","","","",""
"Richards, Garrett","572070","53.0","0.6","","27.4","6.9","12.2","","","",""
"Means, John","607644","47.9","","","8.4","27.2","16.4","","","","0.0"
"Gonzales, Marco","594835","50.3","","14.3","","20.1","15.4","","","",""
"Bumgarner, Madison","518516","33.1","3.2","34.2","","7.8","21.7","","","",""
"Singer, Brady","663903","0.3","57.7","","38.2","3.8","","","","",""
"Quantrill, Cal","615698","14.0","37.2","25.9","4.7","13.8","4.2","0.2","","",""
"Heaney, Andrew","571760","59.4","","","3.6","18.0","19.0","","","",""
"Foltynewicz, Mike","592314","29.6","21.6","","23.7","12.7","12.5","","","",""
"Harvey, Matt","518774","34.1","20.8","","19.3","11.9","14.0","","","",""
"Gray, Sonny","543243","23.8","29.1","0.5","4.8","3.3","23.2","","","15.3",""
"Rodón, Carlos","607074","58.7","","","27.2","12.4","1.7","","","",""
"Webb, Logan","657277","9.8","37.8","1.1","","23.6","","","","27.7",""
"Plesac, Zach","668676","42.3","","","23.4","23.7","10.6","","","",""
"Bubic, Kris","663460","52.0","","","","30.8","17.2","","","",""
"Wood, Alex","622072","","46.4","","31.6","22.0","","","","",""
"Anderson, Ian","666120","47.2","0.2","","","31.4","19.6","","","1.5",""
"Crowe, Wil","640444","34.8","11.9","","24.6","18.2","10.5","","","0.1",""
"Rogers, Trevor","669432","57.7","","14.6","","27.4","","","","0.2",""
"López, Jorge","605347","21.1","35.9","","5.6","13.8","23.7","","","",""
"Smyly, Drew","592767","","46.5","11.5","","","42.0","","","",""
"Gilbert, Logan","669302","60.8","0.7","0.6","22.1","6.4","7.3","2.1","","",""
"Gallen, Zac","668678","53.8","0.4","8.4","8.3","16.7","12.5","","","",""
"Valdez, Framber","664285","5.0","52.1","","","12.1","30.8","","","",""
"Smith, Caleb","592761","48.1","","","29.6","14.7","7.5","","","",""
"Allard, Kolby","663465","48.0","0.3","23.8","","16.8","11.1","","","",""
"Ohtani, Shohei","660271","43.9","","12.3","0.3","","3.4","18.0","","22.1",""
"Kaprielian, James","621076","52.9","6.0","","17.4","15.8","7.9","","","",""
"Gant, John","607231","13.3","35.9","19.7","3.0","22.5","5.6","","","",""
"McKenzie, Triston","663474","61.7","","","19.1","1.1","18.0","","","",""
"Wacha, Michael","608379","35.8","4.0","24.9","","29.1","6.3","","","",""
"Lauer, Eric","641778","43.9","","18.3","12.1","11.3","14.5","","","",""
"Alzolay, Adbert","640470","18.5","27.0","6.5","39.6","7.0","1.1","","","0.3",""
"McClanahan, Shane","663556","40.9","","","33.8","8.0","17.3","","","",""
"Brubaker, JT","664141","24.4","24.7","","34.2","6.3","10.4","","","",""
"Mills, Alec","621219","17.3","42.9","","12.6","16.8","10.4","","","",""
"Dunning, Dane","641540","0.6","52.1","7.5","22.2","13.0","4.6","","","",""
"Civale, Aaron","650644","22.4","10.5","25.9","9.4","","16.2","13.5","","2.0",""
"Freeland, Kyle","607536","25.5","15.1","22.8","","16.8","19.9","","","",""
"Cueto, Johnny","456501","36.0","15.4","1.5","21.7","23.6","1.7","","","",""
"Paddack, Chris","663978","61.5","","","","26.2","12.3","","","",""
"Pérez, Martín","527048","13.1","25.3","29.0","","24.2","8.4","","","",""
"Keller, Mitch","656605","56.6","","24.2","","4.7","14.5","","","",""
"Gomber, Austin","596295","40.7","","","24.3","19.4","15.6","","","",""
"Odorizzi, Jake","543606","55.1","0.2","11.0","6.6","","5.2","22.0","","",""
"Manoah, Alek","666201","36.2","26.9","","27.8","9.2","","","","",""
"Gutierrez, Vladimir","661269","47.2","0.2","","22.8","12.2","17.6","","","",""
"Kershaw, Clayton","477132","36.8","","","47.5","0.6","15.1","","","",""
"Javier, Cristian","664299","59.4","","","0.9","5.9","7.9","","","25.9",""
"Bauer, Trevor","545333","40.1","5.9","21.6","","2.6","11.2","","","18.6",""
"Kim, Kwang Hyun","547942","41.0","0.8","","37.6","11.8","8.9","","","",""
"Maeda, Kenta","628317","25.9","5.3","","36.1","","3.6","28.5","","0.6",""
"Akin, Keegan","669211","57.2","","","20.0","19.5","3.3","","","",""
"Velasquez, Vince","592826","49.9","4.5","","13.8","15.3","16.6","","","",""
"Arrieta, Jake","453562","","52.7","","23.8","8.1","15.4","","","",""
"Espino, Paolo","502179","55.2","0.1","","0.3","4.0","24.2","","","16.1",""
"Luzardo, Jesús","666200","33.4","17.8","","28.8","20.0","","","","",""
"Hearn, Taylor","621368","46.3","21.0","0.2","19.9","12.6","","","","",""
"Pineda, Michael","501381","54.2","","","28.9","16.9","","","","",""
"Ross, Joe","605452","16.0","46.6","","31.3","6.1","","","","",""
"Ureña, José","570632","16.2","47.2","","23.0","13.6","","","","",""
"Stripling, Ross","548389","51.0","","","18.4","15.2","15.4","","","",""
"López, Pablo","641154","33.8","12.6","11.4","","32.5","9.4","","","0.2",""
"Alexander, Tyler","641302","15.2","20.6","36.5","9.3","18.4","0.1","","","",""
"González, Chi Chi","592346","46.6","5.6","8.9","24.2","9.7","5.0","","","",""
"Urquidy, José","664353","54.9","","","","18.2","7.4","","","19.5",""
"Fleming, Josh","676596","0.5","45.7","27.0","","22.0","4.7","","","",""
"Weathers, Ryan","677960","57.8","4.1","","28.6","8.3","","","","1.2",""
"Eflin, Zach","621107","12.4","41.6","0.4","24.1","10.7","10.8","","","",""
"Suarez, Ranger","624133","22.6","46.1","0.9","6.9","23.5","","","","",""
"Cobb, Alex","502171","4.3","42.3","","0.4","","15.9","37.1","","",""
"Germán, Domingo","593334","28.7","15.0","","","22.2","34.0","","","",""
"Suarez, José","660761","40.7","7.0","","","28.6","22.3","","","1.4",""
"Bieber, Shane","669456","35.5","","3.5","25.5","4.4","31.1","","","",""
"Peralta, Wily","503449","26.1","29.1","","22.3","","","22.5","","",""
"Megill, Tylor","656731","57.6","","","18.7","20.9","2.8","","","",""
"Williams, Trevor","592866","48.4","12.0","","20.6","10.0","9.0","","","",""
"Cortes, Nestor","641482","42.8","4.0","23.5","0.3","9.6","","","","19.8",""
"Bundy, Dylan","605164","34.2","17.3","","21.2","13.7","13.7","","","",""
"Anderson, Brett","474463","0.7","45.0","8.2","7.6","25.7","12.9","","","",""
"Ynoa, Huascar","660623","44.7","0.5","","48.2","6.6","","","","",""
"Ober, Bailey","641927","58.0","","","9.2","13.0","10.6","","","9.1",""
"Sheffield, Justus","656954","0.7","46.3","","32.1","20.8","","","","",""
"Sandoval, Patrick","663776","24.5","18.5","","17.0","29.6","10.1","","","0.3",""
"Kuhl, Chad","641771","25.4","13.0","0.4","45.7","4.3","11.1","","","0.1",""
"Hernández, Carlos","672578","55.8","","","16.2","","18.5","9.4","","",""
"Manning, Matt","666159","41.7","19.1","","15.1","12.5","11.3","0.3","","",""
"Morgan, Eli","669212","48.7","","0.9","23.5","23.2","3.7","","","",""
"Jax, Griffin","643377","42.0","0.2","0.4","","14.2","12.0","","","31.1",""
"Stratton, Chris","608717","48.1","1.0","","13.7","11.9","25.3","","","0.1",""
"Shaw, Bryan","543766","0.3","1.5","77.5","","4.2","5.8","","","10.7",""
"Patiño, Luis","672715","60.6","3.2","","26.5","5.0","4.8","","","",""
"Hoffman, Jeff","656546","55.7","","","21.3","","10.5","12.4","","",""
"Flaherty, Jack","656427","50.6","6.2","","28.3","1.8","13.1","","","",""
"Glasnow, Tyler","607192","51.6","","","32.3","2.5","13.5","","","",""
"Kluber, Corey","446372","4.6","25.1","27.2","","13.8","29.4","","","",""
"Crismatt, Nabil","622503","13.4","11.7","","0.1","51.2","23.6","","","",""
"Peacock, Matt","676840","0.2","68.2","","24.5","7.2","","","","",""
"Green, Chad","643338","65.0","0.5","","0.5","","16.3","","","17.6",""
"Stammen, Craig","489334","0.7","47.6","21.7","0.2","0.5","29.4","","","",""
"Martinez, Carlos","593372","27.5","13.8","21.3","22.8","13.5","1.1","","","",""
"Boyd, Matthew","571510","42.0","5.5","","22.4","22.5","7.6","","","",""
"Hentges, Sam","656529","41.3","9.3","","24.0","0.5","24.9","","","",""
"Lynch IV, Daniel","663738","40.5","11.9","","28.6","16.3","2.7","","","",""
"Moore, Matt","519043","56.4","","8.9","","19.4","15.3","","","",""
"Reyes, Alex","621052","30.7","23.9","","28.0","9.0","8.4","","","",""
"Neris, Héctor","593576","35.9","20.0","","3.5","","","40.6","","",""
"Luetge, Lucas","476595","0.1","","63.1","20.6","","15.2","","","1.0",""
"Quintana, Jose","500779","40.8","17.8","","","14.6","14.4","","","","12.4"
"Gallegos, Giovanny","606149","52.8","","","42.6","4.6","","","","",""
"Mayers, Mike","594577","38.3","0.1","29.9","31.4","0.2","0.1","","","",""
"Cishek, Steve","518553","19.4","41.3","","39.0","0.2","","","","",""
"Castro, Miguel","612434","","43.2","","35.2","21.7","","","","",""
"deGrom, Jacob","594798","57.4","","","33.4","8.9","0.3","","","",""
"Guerra, Junior","448855","17.6","38.4","","12.3","","15.8","15.8","","",""
"Barlow, Scott","605130","33.1","0.2","","46.4","","20.3","","","",""
"Suter, Brent","608718","72.3","4.3","","9.7","9.5","4.1","","","",""
"Widener, Taylor","642203","66.5","","0.1","17.3","16.0","0.1","","","",""
"Bard, Daniel","453268","33.2","15.5","","46.1","5.2","","","","",""
"Gray, Josiah","680686","51.6","","","20.0","3.3","25.1","","","",""
"Stephan, Trevor","663986","59.8","","","32.1","","","8.1","","",""
"Finnegan, Kyle","640448","68.4","","","18.9","","","12.2","","0.6",""
"Rasmussen, Drew","656876","63.8","1.3","4.7","22.6","2.2","2.7","","","2.6",""
"Cabrera, Génesis","650893","45.1","19.1","","","16.9","18.9","","","",""
"Thompson, Zach","605507","27.1","8.2","35.1","","12.7","16.9","","","",""
"Funkhouser, Kyle","608335","21.8","40.3","","30.2","7.7","","","","",""
"Robles, Hansel","570663","54.4","1.4","","14.4","29.7","0.1","","","",""
"Fulmer, Michael","605242","17.7","28.1","39.8","","11.2","3.0","","","0.2",""
"Price, David","456034","18.4","34.6","20.2","","24.9","2.0","","","",""
"Underwood Jr., Duane","621249","36.0","10.2","0.8","0.8","27.3","24.9","","","",""
"Trivino III, Lou","642152","26.4","32.7","17.0","","12.4","11.5","","","",""
"Maton, Phil","664208","47.8","","8.5","14.3","","24.2","","","5.2",""
"Stanek, Ryne","592773","59.6","0.1","","18.5","","","21.8","","",""
"Woodford, Jake","663765","21.5","37.0","0.5","3.9","6.0","12.5","","","18.6",""
"Whitlock, Garrett","676477","8.3","54.5","1.4","14.1","20.6","","","","1.0",""
"Houck, Tanner","656557","38.6","17.0","","37.1","","","7.4","","",""
"Ottavino, Adam","493603","20.7","27.5","1.7","","1.7","0.7","","","47.8",""
"Kinley, Tyler","641755","43.1","0.3","","52.2","4.0","0.4","","","",""
"Wilson, Bryse","669060","44.4","19.3","","5.0","19.8","11.5","","","",""
"Soto, Gregory","642397","7.8","54.6","","37.6","","","","","",""
"Rogers, Tyler","643511","3.7","53.5","","42.8","","","","","",""
"Kopech, Michael","656629","64.4","","","29.6","2.6","3.5","","","",""
"Holmes, Clay","605280","0.1","58.9","","27.8","","12.1","","","1.1",""
"Peterson, David","656849","29.4","29.2","","23.1","16.3","2.0","","","",""
"Diekman, Jake","518617","58.8","8.1","","","0.7","","","","32.4",""
"May, Trevor","543507","60.3","","","24.5","15.2","","","","",""
"Weaver, Luke","596133","61.2","0.2","0.6","6.0","30.0","1.9","","","",""
"Thielbar, Caleb","573204","49.0","","","","0.3","16.4","","","34.4",""
"Brentz, Jake","641394","58.6","0.9","","27.9","12.7","","","","",""
"Zimmermann, Bruce","669145","41.2","1.1","","19.5","25.8","12.4","","","",""
"Hendriks, Liam","521230","68.9","","","21.3","0.1","9.7","","","",""
"Sewald, Paul","623149","58.3","","","","0.1","","","","41.6",""
"Colomé, Alex","517008","29.5","","70.0","","0.5","","","","",""
"Pagán, Emilio","641941","61.2","","37.7","","0.7","","0.4","","",""
"Staumont, Josh","622251","44.0","21.4","","","","34.7","","","",""
"Treinen, Blake","595014","7.6","27.3","30.0","0.4","0.1","","","","34.7",""
"Hembree, Heath","592390","52.3","","","47.2","","0.5","","","",""
"Oviedo, Johan","670912","51.3","","","24.8","10.8","13.2","","","",""
"Guerra, Deolis","500610","37.7","7.8","","14.2","30.9","9.4","","","",""
"Loáisiga, Jonathan","642528","3.9","54.9","","2.4","18.4","20.4","","","",""
"Petit, Yusmeiro","433589","45.9","","22.8","","17.7","13.6","","","",""
"Sborz, Josh","622250","54.5","","","29.4","","16.1","","","",""
"Smith, Will","519293","47.3","","","41.7","","11.0","","","",""
"Canning, Griffin","656288","40.4","","0.1","27.0","21.4","11.1","","","",""
"Hand, Brad","543272","41.3","16.2","","","","","","","42.6",""
"Floro, Dylan","571670","30.8","33.9","","13.1","22.2","","","","",""
"Boxberger, Brad","502202","56.1","","","23.7","20.2","","","","",""
"Jansen, Kenley","445276","","26.0","58.6","15.4","","","","","",""
"Smith, Riley","642092","0.5","57.3","10.0","4.5","17.0","10.7","","","",""
"Sulser, Cole","642121","51.1","","","13.5","33.2","2.2","","","",""
"Chacín, Jhoulys","468504","8.7","32.3","20.3","","3.6","35.1","","","",""
"Cisnero, José","542585","41.0","25.1","15.9","12.1","5.9","","","","",""
"Matzek, Tyler","554431","70.7","","","27.1","","2.2","","","",""
"Shoemaker, Matt","533167","24.4","16.5","","24.5","","1.2","33.3","","",""
"Santana, Ervin","429722","45.2","","","51.6","3.3","","","","",""
"Richards, Trevor","670950","56.7","","","13.8","29.5","","","","",""
"Iglesias, Raisel","628452","35.1","9.4","","30.8","24.6","","","","",""
"Jackson, Luke","592426","35.6","","","51.6","","12.8","","","",""
"Melancon, Mark","453343","2.8","","62.6","0.1","","34.4","0.2","","",""
"Duffey, Tyler","608648","44.6","4.2","","0.1","","51.1","","","",""
"Heuer, Codi","676051","56.1","0.1","","23.2","20.7","","","","",""
"Alvarado, José","621237","3.2","77.2","16.3","","","3.3","","","",""
"Johnson, Pierce","572955","32.5","","","","","67.5","","","",""
"Romo, Sergio","489265","1.9","31.4","","55.7","10.9","","","","",""
"Tate, Dillon","622253","1.6","58.9","23.0","","15.8","","","","0.6",""
"Clase, Emmanuel","661403","0.9","","69.4","29.8","","","","","",""
"Ruiz, José","614179","59.0","0.5","","2.2","3.7","34.6","","","",""
"Scott, Tanner","656945","45.4","3.0","","51.6","","","","","",""
"Romano, Jordan","605447","62.3","1.0","","36.8","","","","","",""
"Cimber, Adam","643256","32.1","35.9","","32.0","","","","","",""
"Voth, Austin","608723","59.5","","13.6","","","26.6","0.3","","",""
"Wittgren, Nick","621295","56.0","0.6","9.7","10.6","23.1","","","","",""
"Familia, Jeurys","544727","14.5","59.2","","23.4","","","2.9","","",""
"Plutko, Adam","592644","49.9","","33.0","10.2","","6.9","","","",""
"King, Michael","650633","8.8","53.0","15.2","","12.5","0.3","","","10.2",""
"Duffy, Danny","518633","42.8","12.8","","18.2","15.4","10.8","","","",""
"Steckenrider, Drew","608716","65.9","","","","15.9","18.3","","","",""
"Karinchak, James","675916","68.1","","","","","31.9","","","",""
"Estévez, Carlos","608032","65.8","","","14.8","19.3","0.1","","","",""
"Chapman, Aroldis","547973","56.6","5.7","","26.7","","","11.1","","",""
"García, Jarlín","606424","48.9","1.1","","25.4","24.6","","","","",""
"Díaz, Edwin","621242","61.6","0.6","","37.8","","","","","",""
"Brothers, Rex","571521","65.5","","","34.5","","","","","",""
"Holland, Greg","518813","40.3","","","48.3","","11.3","","","",""
"Littell, Zack","641793","57.6","0.2","","37.2","","","5.0","","",""
"Williams, Devin","642207","34.7","","","1.4","63.8","","","","",""
"Gonsolin, Tony","664062","43.5","","","26.0","","8.8","21.7","","",""
"Norris, Daniel","596057","47.5","","","22.7","29.9","","","","",""
"Feyereisen, J.P.","656420","51.5","0.1","","28.6","19.9","","","","",""
"Kimbrel, Craig","518886","59.3","","","","","40.7","","","",""
"Kremer, Dean","665152","54.6","1.2","20.7","","6.3","15.8","1.4","","",""
"Mejía, J.C.","650496","16.1","42.2","","23.7","11.5","6.5","","","",""
"Kittredge, Andrew","552640","10.5","44.0","","45.2","0.3","","","","",""
"Strickland, Hunter","519326","51.3","5.8","","40.8","2.0","","","","",""
"Bender, Anthony","669622","1.2","51.8","","38.3","0.7","","","","7.9",""
"McHugh, Collin","543521","10.8","","33.1","","0.1","3.1","","","52.9",""
"Alvarez, Jose","501625","12.5","45.6","3.6","10.3","28.0","","","","",""
"Thompson, Keegan","624522","46.2","1.4","27.2","0.2","2.2","22.6","","","0.2",""
"Hader, Josh","623352","0.1","65.4","","27.8","6.7","","","","",""
"Steele, Justin","657006","45.2","20.6","","16.5","2.1","15.6","","","",""
"Adams, Austin","613534","12.2","0.7","","87.1","","","","","",""
"Hill, Tim","657612","51.7","32.8","0.6","14.7","0.2","","","","",""
"Watkins, Spenser","657093","46.6","0.3","30.9","0.3","5.7","15.8","0.3","","",""
"Bass, Anthony","542914","8.1","41.2","","49.9","","","0.7","","",""
"Pressly, Ryan","519151","39.5","0.2","","35.8","","24.5","","","",""
"Bummer, Aaron","607481","0.1","61.9","7.8","","0.6","","","","29.6",""
"Cessa, Luis","570666","21.1","10.2","0.1","56.7","11.9","","","","",""
"Tepera, Ryan","572193","33.3","10.8","","44.9","10.4","0.5","","","",""
"Chafin, Andrew","605177","29.8","43.7","","26.4","0.1","","","","",""
"Sawamura, Hirokazu","617228","45.4","","","15.1","","","39.4","","",""
"Rodríguez, Richard","593144","86.1","","","13.9","","","","","",""
"García, Yimi","554340","39.1","6.3","","29.7","6.4","18.5","","","0.1",""
"López, Reynaldo","625643","57.9","","","33.8","3.7","4.6","","","",""
"Pop, Zach","647315","1.4","66.3","0.7","31.5","","","","","",""
"Howard, Spencer","675921","59.7","4.0","12.0","3.6","9.0","8.3","","","3.4",""
"Castillo, Diego","650895","4.0","29.6","","66.5","","","","","",""
"Shreve, Chasen","592741","40.2","","","22.2","","","36.9","","0.6",""
"Bednar, David","670280","55.8","","","","","23.6","20.7","","",""
"Zimmer, Kyle","622092","50.4","0.3","","36.8","2.2","10.2","","","",""
"Brogdon, Connor","641401","44.9","0.3","19.2","","35.6","","","","",""
"Bradley, Archie","605151","47.1","23.6","","","13.8","15.5","","","",""
"Barnes, Matt","598264","49.8","","","","1.7","48.4","","","",""
"Martin, Brett","656685","24.1","30.3","","24.5","","21.1","","","",""
"Barria, Jaime","642545","36.3","18.9","","36.4","8.4","","","","",""
"Crochet, Garrett","676979","64.2","","","3.2","8.0","","","","24.7",""
"Young, Alex","622065","13.9","25.3","22.6","","19.2","19.0","","","",""
"de Geus, Brett","676969","0.5","55.1","24.8","","0.4","19.1","","","",""
"Thornton, Trent","663423","38.9","0.7","21.0","8.1","6.3","25.1","","","",""
"Santana, Dennis","642701","6.1","42.1","0.6","28.2","20.6","2.5","","","",""
"Kennedy, Ian","453178","82.5","","1.2","2.6","8.0","5.1","0.6","","",""
"Misiewicz, Anthony","664948","35.6","","33.8","0.2","","30.4","","","",""
"Wells, Tyler","669330","58.6","","27.0","","10.4","4.0","","","",""
"Carrasco, Carlos","471911","39.9","10.7","","19.9","24.6","4.8","","","",""
"Detwiler, Ross","446321","33.9","17.3","36.8","","4.4","7.5","","","",""
"McGee, Jake","459429","90.1","","","9.9","","","","","",""
"Minter, A.J.","621345","42.5","","44.2","","13.4","","","","",""
"Chargois, JT","608638","4.8","35.5","","59.7","","","","","",""
"Allen, Logan","663531","41.9","1.5","0.5","2.3","16.1","8.8","","","28.9",""
"Givens, Mychal","571710","46.7","0.1","","15.7","37.5","","","","",""
"Fry, Paul","643316","54.5","","","45.0","0.6","","","","",""
"Montero, Rafael","606160","35.4","25.9","","19.5","19.2","","","","",""
"Graveman, Kendall","608665","8.5","63.0","","17.6","6.9","4.0","","","",""
"Almonte, Yency","622075","45.1","3.7","","22.4","10.2","","","","18.6",""
"Dunn, Justin","643290","51.7","","","14.8","1.3","32.2","","","",""
"Alcala, Jorge","660896","37.6","6.1","","40.7","15.5","","","","",""
"Jiménez, Joe","641729","54.0","","","32.9","13.0","","","","",""
"Watson, Tony","453265","25.1","17.6","","24.1","33.3","","","","",""
"Doolittle, Sean","448281","81.1","","","5.4","","9.0","4.5","","",""
"Raley, Brooks","548384","7.1","15.1","32.4","","3.8","12.7","","","28.9",""
"Hudson, Daniel","543339","67.7","0.7","","28.8","2.8","","","","",""
"Andriese, Matt","542882","43.9","4.4","5.1","","33.9","12.6","","","",""
"Anderson, Chase","502624","32.9","6.2","18.1","4.3","29.5","9.0","","","",""
"Leone, Dominic","608678","47.4","1.4","23.6","27.6","","","","","",""
"Howard, Sam","607572","43.3","","","55.0","1.8","","","","",""
"Mayza, Tim","641835","0.1","71.5","","28.4","","","","","",""
"Bielak, Brandon","656232","40.0","15.9","5.3","6.1","11.5","10.4","","","10.8",""
"Holland, Derek","502706","9.8","46.8","","","9.6","33.8","","","",""
"Loup, Aaron","571901","","51.9","32.9","","8.6","6.6","","","",""
"Lamet, Dinelson","659275","44.4","3.4","","50.5","1.8","","","","",""
"Garrett, Amir","607237","46.6","2.3","","51.1","","","","","",""
"Payamps, Joel","606303","41.1","19.5","","0.2","9.7","","","","29.5",""
"Toussaint, Touki","657053","3.9","47.7","","","","27.2","21.2","","",""
"Hernández, Elieser","622694","51.5","1.8","","34.5","12.2","","","","",""
"Sims, Lucas","608371","41.2","","","34.5","0.4","23.9","","","",""
"Tomlin, Josh","458708","22.5","","47.2","","1.5","28.8","","","",""
"Helsley, Ryan","664854","54.0","1.7","","34.7","2.7","6.8","","","",""
"Clay, Sam","621348","","66.0","","24.4","9.6","","","","",""
"LeBlanc, Wade","453281","15.0","23.9","28.0","","22.3","10.8","","","",""
"Taylor, Josh","657031","37.2","11.9","","46.0","","4.9","","","",""
"Winkler, Dan","595465","19.9","6.4","66.6","","","7.1","","","",""
"Wisler, Matt","605538","9.1","","","90.9","","","","","",""
"Peralta, Wandy","593974","15.0","22.5","","14.3","48.1","","","","",""
"Bickford, Phil","641360","64.2","0.1","","35.3","0.4","","","","",""
"Turnbull, Spencer","605513","38.6","21.9","","24.5","7.5","7.5","","","",""
"De Jong, Chase","608328","48.8","0.3","","22.7","4.6","23.6","","","",""
"Fairbanks, Pete","664126","57.6","","","42.1","0.3","","","","",""
"Davis, Wade","451584","40.3","6.5","32.0","","1.6","19.6","","","",""
"Stephenson, Robert","596112","49.4","","1.2","28.9","","19.7","0.8","","",""
"Dobnak, Randy","677976","0.8","58.7","","33.2","7.3","","","","",""
"White, Mitch","669952","52.5","0.3","","3.7","1.3","28.0","","","14.3",""
"Rodríguez, Joely","570257","15.6","43.1","","3.8","37.5","","","","",""
"Santillan, Tony","663574","47.0","","","45.3","6.4","","","","","1.2"
"Suero, Wander","593833","","","75.8","","15.8","8.4","","","",""
"Valdez, César","491624","8.7","11.2","","5.2","74.9","","","","",""
"Hernández, Darwinzon","650382","73.2","0.8","","20.6","","5.4","","","",""
"Wells, Alex","649144","50.8","","","16.0","13.8","19.4","","","",""
"Clarke, Taylor","664199","53.4","","","29.0","15.7","2.0","","","",""
"Springs, Jeffrey","605488","41.9","","","30.2","27.8","","","","",""
"Wendelken, J.B.","605525","50.5","13.8","","23.6","9.6","2.5","","","",""
"Taylor, Blake","642130","72.5","","","27.5","","","","","",""
"Sale, Chris","519242","47.6","1.4","","31.5","19.6","","","","",""
"Long, Sam","669674","42.2","1.0","","2.2","20.5","34.2","","","",""
"Garcia, Bryan","650530","2.9","52.9","","26.4","17.8","","","","",""
"Gilbreath, Lucas","656458","63.1","","","35.3","","","1.6","","",""
"Lugo, Seth","607625","29.0","24.9","","14.4","3.2","28.5","","","",""
"Foster, Matt","641582","63.5","","3.4","10.6","22.5","","","","",""
"Castellanos, Humberto","528748","21.9","34.7","6.3","","10.9","26.2","","","",""
"Farmer, Buck","571656","47.2","2.1","","26.7","24.0","","","","",""
"Parker, Blake","453284","46.3","","11.1","","","7.9","34.8","","",""
"Kelly, Joe","523260","7.3","33.4","","0.3","16.2","42.8","","","",""
"Ponce, Cody","664074","42.1","","18.8","14.2","8.3","16.6","","","",""
"Coonrod, Sam","656322","19.8","53.5","1.7","15.0","8.1","0.1","","","1.7",""
"Mikolas, Miles","571945","26.4","23.0","","25.7","7.2","17.8","","","",""
"Patton, Spencer","607359","56.5","0.4","","33.6","","","9.5","","",""
"Curtiss, John","595928","50.2","","","49.6","0.1","","","","",""
"De Los Santos, Enyel","660853","68.4","","","20.5","11.0","","","","",""
"Arihara, Kohei","685503","30.3","15.9","12.8","17.5","13.5","2.4","7.5","","",""
"King, John","667463","0.1","56.9","7.3","10.2","19.8","","","","5.6",""
"Díaz, Miguel","622766","45.2","1.0","","1.9","51.9","","","","",""
"Abreu, Bryan","650556","43.3","2.0","","37.4","","17.3","","","",""
"Bleier, Richard","542947","1.3","61.6","23.2","12.6","1.3","","","","",""
"Armstrong, Shawn","542888","55.2","","33.1","","","","","","","11.7"
"Valdez, Phillips","570488","0.3","40.1","","10.5","49.1","","","","",""
"Blackburn, Paul","621112","6.5","41.6","23.9","1.6","14.2","12.2","","","",""
"Smith, Burch","572143","68.9","","0.1","1.8","13.6","15.6","","","",""
"Muller, Kyle","666205","41.4","1.0","","35.0","1.9","20.7","","","",""
"Bowden, Ben","641386","70.9","","","10.5","18.5","","","","",""
"Kranick, Max","668820","48.4","0.1","","31.9","7.4","12.2","","","",""
"Newcomb, Sean","656794","57.7","0.1","24.4","","1.3","15.9","","","","0.6"
"Cahill, Trevor","502239","6.2","29.8","18.5","","23.9","21.7","","","",""
"Rainey, Tanner","663432","64.7","","","35.2","0.2","","","","",""
"Holloway, Jordan","656548","33.4","12.2","","41.3","2.7","10.4","","","",""
"Martin, Chris","455119","39.2","14.0","18.4","","","7.8","12.5","","8.0",""
"Minaya, Juan","573668","51.4","","","3.6","44.9","","","","",""
"Barnes, Charlie","656212","0.9","43.2","","24.3","29.2","2.4","","","",""
"Keller, Kyle","664918","55.7","","","","","44.3","","","",""
"Ponce de Leon, Daniel","594965","73.7","0.2","10.0","","12.1","4.1","","","",""
"Vesia, Alex","681911","72.4","","","17.5","10.1","","","","",""
"Smith, Joe","501925","23.4","39.5","","34.9","2.2","","","","",""
"Kay, Anthony","641743","58.4","","10.8","8.9","11.4","10.5","","","",""
"Lucchesi, Joey","664192","2.8","60.2","0.3","","","35.0","1.7","","",""
"Abreu, Albert","656061","15.3","33.8","","34.9","15.9","0.2","","","",""
"Rogers, Taylor","573124","","46.0","","","","","","","54.0",""
"Lange, Alex","656638","45.2","0.2","","0.2","15.2","39.3","","","",""
"Faria, Jake","607188","56.0","0.2","","7.5","","15.8","20.5","","",""
"Kowar, Jackson","663804","55.3","","","13.0","30.4","1.3","","","",""
"Junis, Jakob","596001","34.8","4.1","17.4","","3.3","","","","40.4",""
"Machado, Andrés","600921","57.1","13.6","","19.3","10.0","","","","",""
"Mantiply, Joe","573009","7.2","44.1","","","18.4","30.3","","","",""
"Miller, Andrew","453192","16.3","19.0","","64.7","","","","","",""
"Smith, Drew","622098","51.8","4.4","27.2","4.4","4.6","7.5","","","",""
"Banda, Anthony","607455","47.9","","1.0","0.8","37.2","13.1","","","",""
"Santana, Edgar","650828","1.5","63.4","","35.1","","","","","",""
"Vest, Will","676684","56.8","","","23.6","19.6","","","","",""
"Soria, Joakim","465657","59.3","0.7","","21.3","14.4","4.3","","","",""
"Dolis, Rafael","503569","0.2","65.0","","23.0","","","11.9","","",""
"Garrett, Braxton","666129","33.4","15.7","","","11.8","17.9","","","21.2",""
"Wilson, Justin","458677","58.1","","35.6","6.3","","","","","",""
"Sandlin, Nick","680704","15.9","35.5","","46.4","","","2.2","","",""
"Okert, Steven","595345","32.1","8.3","","59.6","","","","","",""
"Gilbert, Tyler","656457","24.5","16.5","45.0","","","7.7","6.3","","",""
"Neidert, Nick","663734","47.0","","0.2","30.3","12.0","10.5","","","",""
"Sanchez, Aaron","592717","18.7","30.6","","","20.2","30.6","","","",""
"Burr, Ryan","621114","50.3","","39.3","10.5","","","","","",""
"Yang, Hyeon-Jong","660365","45.8","","","23.0","27.4","3.9","","","",""
"Chatwood, Tyler","543022","8.0","46.0","36.2","","3.6","6.3","","","",""
"Claudio, Alex","592222","14.3","34.2","","27.1","24.4","","","","",""
"Sadler, Casey","594987","0.3","27.0","40.8","","0.3","31.5","","","",""
"Oviedo, Luis","665854","50.5","","","21.2","6.2","22.1","","","",""
"Brach, Brad","542960","47.5","3.5","0.2","13.0","35.9","","","","",""
"Ramirez, Noé","598287","37.5","","","","29.9","32.6","","","",""
"Lowther, Zac","675912","54.1","","","13.1","17.2","15.6","","","",""
"Barnes, Jacob","606930","54.7","","37.0","0.9","7.4","","","","",""
"Webb, Jacob","657097","44.5","","","","46.1","9.3","","","",""
"Harper, Ryne","607560","21.9","","","15.5","","62.6","","","",""
"Slegers, Aaron","642083","15.9","41.5","","33.4","9.2","","","","",""
"Maples, Dillon","596027","33.1","18.6","","35.8","","12.6","","","",""
"Swanson, Erik","657024","59.9","","","19.0","","","21.1","","",""
"Goudeau, Ashton","623485","45.3","","","","22.0","32.7","","","",""
"González, Victor","624647","","55.3","","44.7","","","","","",""
"Ginkel, Kevin","656464","59.5","0.2","","40.3","","","","","",""
"Sampson, Adrian","592716","21.3","37.7","3.6","13.0","24.4","","","","",""
"Falter, Bailey","663559","5.4","62.7","","23.4","5.8","2.7","","","",""
"Poteet, Cody","547001","48.8","","","19.3","18.2","13.7","","","",""
"Head, Louis","545343","52.4","","","47.1","0.5","","","","",""
"Cotton, Jharel","605194","46.2","","1.3","13.9","30.3","8.3","","","",""
"Hendrix, Ryan","641682","43.1","1.3","0.4","55.0","","0.2","","","",""
"Rogers, Josh","642028","50.7","0.8","","35.1","12.9","0.6","","","",""
"Cousins, Jake","664776","","37.5","","","1.5","","","","61.0",""
"Ashby, Aaron","676879","3.0","32.9","","38.5","21.6","3.9","","","",""
"Gil, Luis","661563","53.4","","","39.3","7.3","","","","",""
"Middleton, Keynan","641871","57.7","","","30.0","12.3","","","","",""
"Coulombe, Danny","543056","25.1","8.1","","42.0","","24.8","","","",""
"Antone, Tejay","622088","32.1","","","32.3","","35.5","","","",""
"Chavez, Jesse","445926","3.4","35.0","44.1","7.6","9.8","","","","",""
"Graterol, Brusdar","660813","2.5","58.7","7.5","31.4","","","","","",""
"Nelson, Jimmy","519076","33.1","","","32.5","","34.4","","","",""
"Evans, Demarcus","663770","60.3","","24.9","","","14.8","","","",""
"Tapia, Domingo","593619","15.0","58.1","1.5","19.2","6.2","","","","",""
"McGowin, Kyle","641851","10.8","20.5","","68.7","","","","","",""
"Workman, Brandon","519443","35.3","","13.8","","","50.9","","","",""
"Knehr, Reiss","663753","54.4","0.2","15.2","7.6","22.6","","","","",""
"McFarland, T.J.","519008","","68.6","0.2","6.4","23.0","","","","1.8",""
"Diplán, Marcos","650959","62.3","","","0.2","10.5","27.0","","","",""
"Kintzler, Brandon","445213","0.6","74.5","","13.9","11.0","","","","",""
"Zuber, Tyler","676604","57.9","","","18.0","6.3","4.9","","","12.8",""
"Rodriguez, Chris","669735","2.4","63.0","","5.7","4.8","24.2","","","",""
"Garza, Justin","621057","53.7","","28.8","9.3","8.2","","","","",""
"Lakins, Travis","664042","35.3","2.2","37.5","","6.2","18.8","","","",""
"García, Luis","472610","1.4","58.1","","28.7","","","11.8","","",""
"Quijada, José","650671","73.3","","","13.0","13.6","","","","",""
"Nolin, Sean","543594","46.1","0.6","23.4","0.2","15.6","14.0","","","",""
"Brault, Steven","643230","39.6","13.9","","21.1","21.5","4.0","","","",""
"Selman, Sam","572125","55.1","0.4","","44.5","","","","","",""
"Santiago, Héctor","502327","65.4","1.6","","7.3","25.5","0.2","","","",""
"Rucker, Michael","621074","29.6","7.3","24.9","10.8","7.3","20.0","","","",""
"Murphy, Patrick","641907","36.4","29.2","","","1.4","32.9","","","",""
"Garza Jr., Ralph","621248","19.0","29.7","8.7","31.1","8.5","3.1","","","",""
"Thompson, Ryan","657044","15.3","40.6","4.8","38.1","1.2","","","","",""
"Wantz, Andrew","681806","45.5","","29.0","15.9","7.7","","","","1.9",""
"Cabrera, Edward","665795","38.6","","","20.5","23.7","17.2","","","",""
"Ellis, Chris","595939","48.1","","","30.7","8.5","12.7","","","",""
"Lorenzen, Michael","547179","27.2","9.1","29.1","13.3","18.3","2.7","","","0.2",""
"Davis, Austin","656354","51.0","1.1","","37.0","9.9","1.1","","","",""
"Farrell, Luke","608652","40.2","","","51.6","1.9","6.3","","","",""
"Sánchez, Miguel","667376","37.9","","","10.9","51.3","","","","",""
"Campbell, Paul","669294","44.9","1.3","","29.1","6.0","18.8","","","",""
"Bedrosian, Cam","592135","50.2","","","24.6","","","25.2","","",""
"Greene, Shane","572888","1.1","33.5","29.3","","7.9","","","","28.2",""
"Hale, David","571735","46.9","8.7","","","24.3","20.2","","","",""
"Benjamin, Wes","605138","43.8","","28.2","0.7","12.6","14.8","","","",""
"Dugger, Robert","667498","32.5","10.0","","21.0","3.9","32.5","","","",""
"Megill, Trevor","656730","66.5","","","18.0","","15.4","","","",""
"Ríos, Yacksel","605441","29.5","31.4","","24.7","","","14.4","","",""
"Nance, Tommy","667297","18.6","43.4","","11.0","","27.0","","","",""
"Sheffield, Jordan","642068","64.5","0.2","","18.4","16.9","","","","",""
"Barlow, Joe","669618","45.5","1.1","","40.7","","12.7","","","",""
"Pérez, Cionel","672335","64.3","","","","7.7","","","","","28.0"
"Castro, Anthony","621593","50.9","0.7","","47.4","1.1","","","","",""
"Mears, Nick","683232","64.2","","","","","35.8","","","",""
"Doval, Camilo","666808","0.7","","40.9","58.4","","","","","",""
"Otto Jr., Glenn","657248","48.4","2.9","","","3.6","9.8","","","35.3",""
"Fulmer, Carson","608334","39.3","1.1","24.6","","15.0","20.1","","","",""
"Greene, Conner","641632","35.8","12.3","","31.1","8.9","11.9","","","",""
"Díaz, Yennsy","660546","64.2","","","7.6","28.2","","","","",""
"Peters, Dillon","596071","34.8","16.7","","","32.3","16.3","","","",""
"Morgan, Adam","605388","13.8","21.0","","47.1","7.5","10.6","","","",""
"Eshelman, Thomas","664045","5.4","43.1","","26.8","14.3","10.4","","","",""
"Romano, Sal","607219","1.4","61.1","","35.5","","2.1","","","",""
"Anderson, Shaun","641312","33.2","2.7","","61.1","1.4","1.6","","","",""
"Ramírez, Yohan","670990","53.0","1.4","","","","","","","45.6",""
"Marshall, Evan","605359","24.1","12.4","","","35.2","28.3","","","",""
"Crick, Kyle","605195","37.1","1.6","","60.8","0.5","","","","",""
"Saucedo, Tayler","642048","10.0","46.5","","21.8","10.4","11.3","","","",""
"Pomeranz, Drew","519141","75.3","","","","","24.7","","","",""
"Gsellman, Robert","607229","5.2","57.4","","19.7","16.4","1.4","","","",""
"Thompson, Mason","666168","2.6","82.5","","13.7","1.2","","","","",""
"Alexy, A.J.","669935","54.5","","","19.3","18.2","8.0","","","",""
"Mejía, Humberto","650668","43.0","20.2","","17.1","15.9","3.8","","","",""
"Mazza, Chris","607391","4.4","28.8","35.8","29.1","1.9","","","","",""
"Rodriguez, Jefry","622446","51.5","23.1","0.5","","2.9","22.1","","","",""
"Ryan, Joe","657746","65.8","","","16.0","10.4","7.8","","","",""
"Clippard, Tyler","461325","25.6","17.8","","2.4","34.1","4.9","15.1","","",""
"Poppen, Sean","664092","0.2","53.2","","37.9","8.6","","","","",""
"Hammer, JD","670456","59.3","2.2","","37.3","","1.2","","","",""
"Crichton, Stefan","592233","0.7","67.4","","","4.0","27.9","","","",""
"Whitley, Kodi","676831","56.9","","","15.2","27.9","","","","",""
"Wick, Rowan","592858","60.3","","8.3","9.5","","22.0","","","",""
"Knebel, Corey","608349","58.1","","","","","41.9","","","",""
"Milner, Hoby","571948","52.9","3.3","","","7.9","","","","35.9",""
"Ramírez, Erasmo","541640","6.6","38.8","45.2","0.8","8.2","0.5","","","",""
"Webb, Tyler","643778","38.8","29.1","","","18.6","13.5","","","",""
"Jackson, Jay","543351","34.5","","","64.7","0.8","","","","",""
"Naughton, Packy","676050","32.4","24.5","","13.1","27.7","2.3","","","",""
"Detmers, Reid","672282","45.1","","","24.0","4.7","26.1","","","",""
"Fernández, Junior","658551","43.3","4.0","","21.2","31.5","","","","",""
"Reid-Foley, Sean","656887","62.8","0.3","","24.0","12.9","","","","",""
"Feliz, Michael","593140","58.1","","","34.3","7.6","","","","",""
"Borucki, Ryan","621366","","58.3","","32.8","8.9","","","","",""
"May, Dustin","669160","19.0","39.7","18.5","4.9","","","","","17.9",""
"Hess, David","605276","58.0","","","38.1","3.5","0.3","","","",""
"Albers, Andrew","452027","31.8","32.1","","14.8","14.5","6.8","","","",""
"Strasburg, Stephen","544931","29.8","24.0","","","16.0","30.1","","","",""
"Uceta, Edwin","670955","44.3","","","","41.3","14.4","","","",""
"Enns, Dietrich","608650","58.6","","36.9","","2.5","1.9","","","",""
"Guenther, Sean","674944","56.9","","","34.2","8.9","","","","",""
"Baragar, Caleb","670056","81.0","","","17.3","","1.7","","","",""
"Eickhoff, Jerad","595191","48.5","0.3","","28.6","7.3","15.4","","","",""
"Cleavinger, Garrett","664076","53.4","1.1","","45.5","","","","","",""
"Scrubb, Andre","668687","","","54.0","4.5","","41.5","","","",""
"Perdomo, Angel","622780","65.0","","","22.9","12.1","","","","",""
"Anderson, Drew","623454","49.4","","","20.2","14.2","16.2","","","",""
"Abbott, Cory","676265","59.1","","","17.9","6.3","16.8","","","",""
"Krol, Ian","571871","18.3","17.2","0.9","38.7","13.5","11.5","","","",""
"De León, José","592254","62.8","","","","22.5","","","","14.7",""
"Lindblom, Josh","458676","37.1","4.4","16.7","14.3","12.3","10.5","4.7","","",""
"Martin, Corbin","656686","64.0","","","9.6","14.9","11.4","","","",""
"Hutchison, Drew","571800","46.3","6.5","","35.7","11.5","","","","",""
"Nelson, Nick","656793","53.8","","","8.3","34.0","3.8","","","",""
"Warren, Art","605521","40.5","","","59.5","","","","","",""
"Castano, Daniel","641447","40.2","10.2","0.9","35.1","13.5","","","","",""
"Brebbia, John","605154","49.4","","","49.1","1.5","","","","",""
"Archer, Chris","502042","45.0","","","41.9","12.8","0.3","","","",""
"Britton, Zack","502154","","83.8","","16.2","","","","","",""
"Lawrence, Justin","664875","","65.0","","","","","","","35.0",""
"Wright Jr., Mike","605541","38.5","22.2","","30.2","9.2","","","","",""
"Lovelady, Richard","663992","33.7","16.5","","49.8","","","","","",""
"Yardley, Eric","642233","","73.0","","","6.3","20.6","","","",""
"Ramirez, Nick","598286","1.3","29.0","18.5","10.8","39.5","1.0","","","",""
"Jones, Nate","518858","26.2","36.6","","36.2","1.0","","","","",""
"Stashak, Cody","664054","45.5","","","51.9","2.6","","","","",""
"Davidson, Tucker","656353","49.8","","","40.3","0.7","9.2","","","",""
"Pearson, Nate","663878","62.8","","","34.6","1.0","1.7","","","",""
"Rodríguez, Manuel","655889","29.0","42.7","","28.3","","","","","",""
"Herget, Jimmy","623474","17.1","32.4","","24.1","1.3","","","","25.1",""
"Abad, Fernando","472551","6.4","46.5","5.4","","15.7","26.1","","","",""
"Conley, Adam","543045","54.1","","","17.2","28.7","","","","",""
"Miller, Justin","502522","52.5","19.7","","27.8","","","","","",""
"Buchter, Ryan","488748","51.4","","11.2","","","37.4","","","",""
"Gustave, Jandel","594311","19.7","54.8","","25.5","","","","","",""
"Wieck, Brad","623364","84.6","","","3.4","","11.9","","","",""
"Law, Derek","571882","22.6","5.1","2.7","55.8","3.8","9.9","","","",""
"Zeuch, T.J.","643615","1.7","56.3","15.4","19.2","7.3","","","","",""
"Bukauskas, J.B.","656266","43.4","3.8","","42.0","10.8","","","","",""
"Warren, Austin","681810","34.6","18.5","0.7","43.0","3.1","","","","",""
"García, Edgar","658305","18.1","34.2","","40.2","7.5","","","","",""
"Sherriff, Ryan","595411","","56.5","","41.7","1.8","","","","",""
"Newsome, Ljay","664714","58.0","","","","23.6","18.5","","","",""
"Brice, Austin","592169","44.5","14.2","","","2.6","38.7","","","",""
"Overton, Connor","656818","38.7","12.4","1.5","19.0","24.1","4.0","","","0.4",""
"Miller, Shelby","571946","63.4","","22.3","","","","","","14.3",""
"Duplantier, Jon","641541","36.7","24.8","","16.3","8.9","13.3","","","",""
"Barraclough, Kyle","607457","50.7","1.5","","44.8","3.0","","","","",""
"Burrows, Beau","663366","57.7","","","29.6","10.9","1.9","","","",""
"Frankoff, Seth","571676","39.6","","","30.4","18.5","11.5","","","",""
"Margevicius, Nick","676606","72.6","","","6.6","","17.8","3.1","","",""
"Alexander, Scott","518397","","74.1","","17.4","8.5","","","","",""
"Bruihl, Justin","677865","","12.2","58.0","","","","","","29.8",""
"Paredes, Enoli","660600","66.1","","","29.1","","4.7","","","",""
"Thorpe, Lewis","626929","45.4","","","31.1","14.3","9.2","","","",""
"Dayton, Grant","594795","64.4","0.8","","","","34.8","","","",""
"Heasley, Jonathan","669169","46.0","3.2","","0.4","23.6","26.8","","","",""
"Wade, Konner","592831","1.2","31.9","30.6","","33.9","2.4","","","",""
"Menez, Conner","669214","34.0","","","61.9","","4.0","","","",""
"Junk, Janson","676083","51.8","","","","2.8","21.9","0.4","","23.1",""
"Lambert, Jimmy","669424","52.4","","","21.5","21.1","4.9","","","",""
"Phillips, Evan","623465","43.0","1.6","0.4","","10.7","","","","44.3",""
"Puk, A.J.","640462","40.3","24.7","","28.0","4.5","2.5","","","",""
"Milone, Tommy","543548","31.1","","","10.8","43.2","14.9","","","",""
"Emanuel, Kent","592288","","52.9","","","18.8","","","","28.3",""
"Yajure, Miguel","664337","27.2","6.3","15.9","12.6","23.8","14.2","","","",""
"Díaz, Jhonathan","646242","27.0","28.3","","29.1","13.9","1.7","","","",""
"Stewart, Kohl","640464","5.5","38.0","39.7","8.0","5.1","3.8","","","",""
"Osich, Josh","592612","3.5","6.9","64.9","5.6","19.0","","","","",""
"Mills, Wyatt","670090","23.9","47.0","","29.1","","","","","",""
"Sherfy, James","642073","35.2","","","63.0","0.9","0.9","","","",""
"Guduan, Reymin","594056","60.7","3.1","","36.2","","","","","",""
"Solomon, Peter","656981","51.1","","14.1","6.6","7.5","20.7","","","",""
"Ryan, Kyle","594986","26.2","40.0","22.7","","","11.1","","","",""
"Effross, Scott","664123","18.9","40.1","","","9.9","","","","31.1",""
"Elledge, Seth","676220","","69.2","","29.9","0.9","","","","",""
"Jefferies, Daulton","641726","12.3","45.9","14.1","10.0","17.7","","","","",""
"Williams, Taylor","592865","31.5","22.8","","45.7","","","","","",""
"Adam, Jason","592094","57.3","","","15.6","10.6","16.5","","","",""
"Merryweather, Julian","657240","54.4","","","23.5","13.4","7.8","","","0.9",""
"Jewell, Jake","657228","37.2","30.2","","20.0","12.6","","","","",""
"Baldonado, Alberto","593604","60.0","0.5","","34.4","5.1","","","","",""
"López, Yoan","661255","51.6","","","48.4","","","","","",""
"Madero, Luís","650347","36.9","2.8","","50.0","10.3","","","","",""
"Hartlieb, Geoff","664129","23.0","32.9","8.0","36.2","","","","","",""
"Waddell, Brandon","663399","46.9","4.7","","41.8","6.6","","","","",""
"Sánchez, Cristopher","650911","","63.0","","15.6","21.3","","","","",""
"Cody, Kyle","621129","39.2","9.6","","36.8","14.4","","","","",""
"Robertson, David","502085","0.5","","73.6","9.1","","16.8","","","",""
"Kazmir, Scott","431148","54.1","0.5","","14.5","30.9","","","","",""
"Hicks, Jordan","663855","1.4","68.1","15.5","","","","3.4","","11.6",""
"Kela, Keone","605309","53.2","","","","0.5","46.3","","","",""
"Castro, Kervin","665645","73.6","0.5","0.5","","","25.4","","","",""
"Jackson, Andre","656578","46.2","","","12.6","39.2","2.0","","","",""
"Bettinger, Alec","676424","63.8","","9.5","5.0","4.5","17.1","","","",""
"Swarzak, Anthony","461872","42.7","1.5","","55.8","","","","","",""
"Morimando, Shawn","596049","32.7","9.5","30.2","","2.5","25.1","","","",""
"Sceroler, Mac","669135","56.1","","","11.1","","12.1","20.7","","",""
"Foley, Jason","671345","12.6","59.6","","24.7","3.0","","","","",""
"Rowen, Ben","594985","2.5","46.0","","51.5","","","","","",""
"Beasley, Jeremy","676886","55.6","","","24.7","","1.0","18.7","","",""
"Baz, Shane","669358","54.5","","","21.2","5.6","18.7","","","",""
"Brasier, Ryan","518489","68.5","","","25.9","","5.6","","","",""
"Klobosits, Gabe","656620","66.0","","","13.4","","","20.6","","",""
"Kriske, Brooks","621139","54.1","","1.0","5.7","","","38.1","","1.0",""
"Tyler, Kyle","667725","","","62.6","31.1","2.6","3.7","","","",""
"Kolarek, Adam","592473","1.1","72.1","","10.5","16.3","","","","",""
"O'Day, Darren","503285","45.5","5.8","","48.7","","","","","",""
"Hanhold, Eric","621098","49.7","7.9","","24.9","17.5","","","","",""
"Phelps, David","475479","29.6","10.6","29.6","","4.2","25.9","","","",""
"Bergen, Travis","664157","87.2","","","1.6","","11.2","","","",""
"Knight, Dusten","643400","38.7","","0.5","","33.3","27.4","","","",""
"Biddle, Jesse","592145","45.7","7.5","","16.7","","30.1","","","",""
"Baumann, Mike","657508","55.7","","","35.1","3.2","5.9","","","",""
"Hoyt, James","624586","8.2","24.7","","64.8","2.2","","","","",""
"Vincent, Nick","543883","47.8","1.1","40.7","2.7","7.7","","","","",""
"Sanmartin, Reiver","665665","28.7","19.3","","27.6","24.3","","","","",""
"Burdi, Zack","641420","51.4","","","31.1","17.5","","","","",""
"Santos, Antonio","665733","59.7","3.4","","8.5","12.5","15.9","","","",""
"Nelson, Kyle","669459","17.6","","41.5","","","","","","40.9",""
"Acevedo, Domingo","642758","50.0","0.6","","28.7","20.7","","","","",""
"Camarena, Daniel","547176","19.5","33.3","","29.9","6.3","10.9","","","",""
"Romero, JoJo","668941","35.1","27.5","2.3","14.6","20.5","","","","",""
"Stock, Robert","476594","61.3","","13.1","11.9","11.9","1.8","","","",""
"Moll, Sam","594580","1.8","53.3","","","","","","","44.9",""
"Hatch, Thomas","641672","42.2","15.7","19.3","","22.9","","","","",""
"Morán, Jovani","663558","52.5","","","0.6","46.9","","","","",""
"Reed, Jake","596082","2.5","34.4","","63.1","","","","","",""
"Weber, Ryan","543901","","65.6","1.9","21.9","6.9","3.8","","","",""
"Oswalt, Corey","621261","55.8","","","17.3","26.9","","","","",""
"García, Deivi","665620","41.2","","","4.6","19.6","19.0","","","15.7",""
"Fiers, Mike","571666","23.0","32.9","","25.0","11.2","7.9","","","",""
"Meisinger, Ryan","664682","37.6","20.8","","34.2","7.4","","","","",""
"Reed, Cody","642003","6.8","54.1","","37.2","2.0","","","","",""
"Guerra, Javy","457915","45.9","8.8","","33.8","2.7","8.8","","","",""
"McCaughan, Darren","670766","8.8","44.9","","31.3","15.0","","","","",""
"Llovera, Mauricio","661440","51.7","0.7","2.8","34.5","10.3","","","","",""
"Devenski, Chris","606965","33.8","","","9.0","48.3","5.5","","","3.4",""
"Rosso, Ramón","665759","59.0","","","35.4","5.6","","","","",""
"Schmidt, Clarke","657376","20.3","23.1","","18.2","9.8","28.7","","","",""
"Feltner, Ryan","663372","53.5","","0.7","28.9","7.7","9.2","","","",""
"Tice, Ty","676709","43.0","0.7","","37.3","0.7","18.3","","","",""
"Ortega, Oliver","661383","55.4","","","","","44.6","","","",""
"Harvey, Hunter","640451","63.3","","","7.9","","20.1","8.6","","",""
"Medina, Adonis","658431","23.4","18.2","","22.6","24.1","11.7","","","",""
"Fry, Jace","605240","14.0","35.3","22.8","","11.8","16.2","","","",""
"Strahm, Matt","621381","46.3","10.3","22.1","","8.1","13.2","","","",""
"Petricka, Jake","502593","","52.6","","11.1","36.3","","","","",""
"Harris, Will","501789","2.2","","78.5","","","19.3","","","",""
"Weems, Jordan","607179","59.7","","","29.9","","0.7","9.7","","",""
"Krehbiel, Joey","607216","38.3","0.8","43.6","1.5","15.8","","","","",""
"Wright, Kyle","657140","34.6","17.3","","27.1","6.8","14.3","","","",""
"Roark, Tanner","543699","22.9","17.6","","22.9","14.5","22.1","","","",""
"Crouse, Hans","668968","26.7","19.8","","37.4","16.0","","","","",""
"Hudson, Dakota","641712","11.5","44.3","","24.4","3.8","16.0","","","",""
"Northcraft, Aaron","573062","8.5","64.3","","13.2","14.0","","","","",""
"Núñez, Darien","628345","45.7","4.7","","2.4","47.2","","","","",""
"Lambert, Peter","663567","38.2","","","4.9","38.2","18.7","","","",""
"Pérez, Francisco","660906","54.1","0.8","","32.8","12.3","","","","",""
"Tropeano, Nick","607374","16.7","28.3","","28.3","15.8","","10.8","","",""
"Fernández, Julian","642759","84.6","","","","15.4","","","","",""
"Gose, Anthony","543238","73.0","","","27.0","","","","","",""
"Rodriguez, Nivaldo","670550","34.2","23.7","","15.8","14.9","11.4","","","",""
"Cole, A.J.","595918","42.1","","19.3","23.7","3.5","11.4","","","",""
"Yamamoto, Jordan","657141","23.4","9.0","27.0","22.5","12.6","5.4","","","",""
"Edwards Jr., Carl","605218","63.1","","","","","36.9","","","",""
"Snead, Kirby","669912","17.1","25.2","","40.5","17.1","","","","",""
"Pruitt, Austin","643493","35.5","","","38.2","5.5","20.9","","","",""
"Hunter, Tommy","488984","2.8","41.3","42.2","","","13.8","","","",""
"Coleman, Dylan","669395","58.7","1.8","","38.5","","","","","0.9",""
"Avilán, Luis","501593","","42.6","","","50.9","6.5","","","",""
"Bolaños, Ronald","671790","17.9","34.0","","28.3","3.8","16.0","","","",""
"Speier, Gabe","642100","24.8","36.2","","36.2","2.9","","","","",""
"Aguilar, Miguel","620396","59.6","","","19.2","2.9","18.3","","","",""
"Gibaut, Ian","664139","40.4","","","27.9","31.7","","","","",""
"Anderson, Nick","623433","56.9","9.8","","","1.0","32.4","","","",""
"Newberry, Jake","623470","45.0","","","52.0","3.0","","","","",""
"Severino, Luis","622663","43.9","","2.0","27.6","26.5","","","","",""
"Peacock, Brad","502748","22.1","22.1","","","21.1","3.2","","","31.6",""
"Norwood, James","656803","70.2","","","4.3","","","25.5","","",""
"Adon, Joan","672851","50.0","4.3","","38.3","6.4","1.1","","","",""
"Weigel, Patrick","622256","33.3","8.6","","55.9","2.2","","","","",""
"Blewett, Scott","656240","48.9","19.6","","27.2","4.3","","","","",""
"Mattson, Isaac","676755","65.9","","","13.2","7.7","13.2","","","",""
"Rea, Colin","607067","31.9","14.3","28.6","","11.0","14.3","","","",""
"Teheran, Julio","527054","10.0","53.3","","30.0","6.7","","","","",""
"Topa, Justin","623437","","68.2","","","","","","","31.8",""
"Hahn, Jesse","534910","","65.9","","8.0","1.1","22.7","","","2.3",""
"Godley, Zack","643327","9.1","11.4","40.9","","1.1","37.5","","","",""
"Fletcher, Aaron","667465","","58.1","","16.3","25.6","","","","",""
"Latz, Jacob","656641","48.8","","","14.3","23.8","13.1","","","",""
"Marte, José","665896","4.8","54.8","7.1","33.3","","","","","",""
"Avila, Pedro","658648","46.4","4.8","","9.5","28.6","10.7","","","",""
"Wojciechowski, Asher","592879","45.8","","16.9","37.3","","","","","",""
"Bellatti, Andrew","571479","54.2","","","38.6","7.2","","","","",""
"Gonsalves, Stephen","624427","51.2","","2.4","18.3","","28.0","","","",""
"Zimmermann, Jordan","519455","8.5","32.9","","42.7","8.5","7.3","","","",""
"Spitzbarth, Shea","665661","45.1","","2.4","","39.0","13.4","","","",""
"Szapucki, Thomas","663378","68.3","","","","25.6","6.1","","","",""
"Sittinger, Brandyn","670087","70.0","","","30.0","","","","","",""
"Del Pozo, Miguel","600887","60.0","","","","1.3","38.8","","","",""
"Morejon, Adrian","670970","36.3","26.3","","5.0","2.5","12.5","","13.8","3.8",""
"Ivey, Tyler","663959","50.6","","","19.0","13.9","16.5","","","",""
"Romero, Jhon","664584","64.1","","","21.8","14.1","","","","",""
"Honeywell, Brent","641703","50.0","","16.7","9.0","23.1","","","","",""
"Ridings, Stephen","670050","36.5","37.8","","25.7","","","","","",""
"Carlton, Drew","656290","57.5","","","28.8","13.7","","","","",""
"Blandino, Alex","607468","70.8","","","","","18.1","","11.1","",""
"Johnson, DJ","597113","56.9","","","","15.3","27.8","","","",""
"Jannis, Mickey","595263","12.7","","","","","7.0","","80.3","",""
"Alaniz, R.J.","595798","","52.1","","23.9","23.9","","","","",""
"Bush, Matt","456713","53.6","","1.4","27.5","","17.4","","","",""
"James, Josh","657624","58.0","","","26.1","15.9","","","","",""
"Frías, Luis","666818","54.4","","1.5","38.2","5.9","","","","",""
"Zerpa, Angel","672582","57.4","8.8","1.5","23.5","8.8","","","","",""
"Feliz, Neftalí","491703","70.1","","","17.9","11.9","","","","",""
"Mitchell, Bryan","571951","58.2","","19.4","","","22.4","","","",""
"Wood, Hunter","621056","30.3","","","28.8","7.6","33.3","","","",""
"Guerra, Javy","642770","6.1","83.3","","10.6","","","","","",""
"Peña, Félix","570240","20.0","23.1","","38.5","18.5","","","","",""
"Castellani, Ryan","624418","16.9","27.7","","43.1","6.2","6.2","","","",""
"Zamora, Daniel","623354","21.5","","","78.5","","","","","",""
"Peguero, Elvis","665625","","68.8","","31.3","","","","","",""
"Anderson, Tanner","664196","23.4","39.1","10.9","23.4","3.1","","","","",""
"Martinez, Seth","661527","58.7","7.9","4.8","","6.3","","","","22.2",""
"Ramos, AJ","573109","32.3","6.5","16.1","16.1","29.0","","","","",""
"Guzmán, Jorge","660422","55.7","4.9","","14.8","24.6","","","","",""
"Flaa, Jay","664852","60.7","8.2","","","23.0","8.2","","","",""
"Báez, Pedro","520980","30.5","","","8.5","61.0","","","","",""
"Snyder, Nick","676766","78.0","","","22.0","","","","","",""
"Hildenberger, Trevor","657610","","46.6","","36.2","17.2","","","","",""
"Crawford, Kutter","676710","49.1","","26.3","","1.8","22.8","","","",""
"Moreta, Dauri","664294","71.9","","","15.8","12.3","","","","",""
"García, Rony","665621","55.4","5.4","","","5.4","33.9","","","",""
"Schreiber, John","670167","42.9","21.4","","","5.4","","","","30.4",""
"Pérez, Oliver","424144","21.4","46.4","","32.1","","","","","",""
"Santos, Gregory","666619","41.5","1.9","","56.6","","","","","",""
"Smeltzer, Devin","656970","40.4","","","7.7","50.0","1.9","","","",""
"Koerner, Brody","621259","3.8","44.2","25.0","11.5","11.5","3.8","","","",""
"Bazardo, Eduard","660825","34.6","","","","1.9","","","","63.5",""
"Mella, Keury","622492","30.0","46.0","","18.0","6.0","","","","",""
"McRae, Alex","656725","32.7","24.5","","","26.5","16.3","","","",""
"Rosscup, Zac","573127","31.3","","","33.3","","35.4","","","",""
"Nogosek, Stephen","668665","62.5","","4.2","25.0","2.1","6.3","","","",""
"Barreda, Manny","518435","66.7","","","27.1","6.3","","","","",""
"Moronta, Reyes","606625","39.6","","","45.8","14.6","","","","",""
"Hartman, Ryan","670057","63.0","","","4.3","26.1","6.5","","","",""
"Contreras, Roansy","672710","63.0","","","23.9","2.2","10.9","","","",""
"Strop, Pedro","467008","20.0","17.8","33.3","28.9","","","","","",""
"Kickham, Mike","592464","4.4","2.2","","84.4","","8.9","","","",""
"Seabold, Connor","657756","62.8","","","","11.6","25.6","","","",""
"Brennan, Brandon","592165","16.7","45.2","","2.4","35.7","","","","",""
"O'Brien, Riley","676617","","","54.8","","21.4","","","","23.8",""
"Criswell, Cooper","681867","","48.8","","","17.1","","","","34.1",""
"Biagini, Joe","607352","19.5","24.4","","26.8","19.5","9.8","","","",""
"Strider, Spencer","675911","78.9","","","21.1","","","","","",""
"Espinal, Raynel","642659","69.4","5.6","","","25.0","","","","",""
"Dickson, Brandon","505447","25.7","31.4","","40.0","2.9","","","","",""
"Lobstein, Kyle","543456","29.4","29.4","","14.7","17.6","8.8","","","",""
"Paulino, David","600944","65.6","","","","","34.4","","","",""
"Tinoco, Jesus","622786","34.4","28.1","","3.1","","31.3","3.1","","",""
"Hardy, Blaine","543278","3.2","","48.4","","41.9","6.5","","","",""
"Brewer, Colten","605155","","","56.7","23.3","","20.0","","","",""
"Rondón, Angel","667373","48.3","","","24.1","24.1","3.4","","","",""
"Guilmet, Preston","543258","37.9","","","10.3","","","51.7","","",""
"Lee, Dylan","669276","41.4","","","31.0","27.6","","","","",""
"Lail, Brady","621078","28.6","7.1","","28.6","10.7","25.0","","","",""
"Mejía, Francisco","642336","3.6","","3.6","75.0","","17.9","","","",""
"Beede, Tyler","595881","46.4","","","","25.0","28.6","","","",""
"Vasquez, Andrew","607755","","11.1","","88.9","","","","","",""
"Drury, Brandon","592273","","","","40.7","25.9","33.3","","","",""
"Nittoli, Vinny","657697","76.9","","","","","23.1","","","",""
"Syndergaard, Noah","592789","30.8","26.9","","","42.3","","","","",""
"Paxton, James","572020","66.7","","29.2","","","4.2","","","",""
"Roe, Chaz","475054","","47.8","","","","","","","52.2",""
"Ramírez, Yefry","606162","39.1","","","26.1","26.1","8.7","","","",""
"Altavilla, Dan","656186","50.0","","","50.0","","","","","",""
"Axford, John","446099","18.2","68.2","","","","13.6","","","",""
"Eaton, Adam","594809","66.7","9.5","","14.3","","9.5","","","",""
"Betances, Dellin","476454","57.1","","","","","42.9","","","",""
"Carpenter, Matt","572761","","","","","90.5","9.5","","","",""
"Quackenbush, Kevin","534812","45.0","","","15.0","","40.0","","","",""
"Dohy, Kyle","675971","90.0","","","","10.0","","","","",""
"Baker, Bryan","641329","73.7","","","26.3","","","","","",""
"Muñoz, Andrés","662253","70.6","","","29.4","","","","","",""
"Burns, Andy","542992","","","","","82.4","17.6","","","",""
"Stiever, Jonathan","680692","60.0","","","13.3","26.7","","","","",""
"Tarpley, Stephen","605501","13.3","46.7","","","","40.0","","","",""
"Bostick, Akeem","641384","35.7","","","7.1","50.0","7.1","","","",""
"Ramírez, Roel","641995","64.3","","","35.7","","","","","",""
"Allgeyer, Nick","680430","50.0","","","","14.3","35.7","","","",""
"Domínguez, Seranthony","622554","57.1","14.3","","28.6","","","","","",""
"Maile, Luke","571912","","","","","","","","100.0","",""
"Flores Jr., Bernardo","641576","16.7","41.7","","","16.7","25.0","","","",""
"Ort, Kaleb","672391","58.3","","","","","","","","41.7",""
"Jones, Damon","676103","81.8","","","18.2","","","","","",""
"Nogowski, John","596056","","","","","","100.0","","","",""