"last_name, first_name","pitcher","ff_avg_spin","si_avg_spin","fc_avg_spin","sl_avg_spin","ch_avg_spin","cu_avg_spin","fs_avg_spin","kn_avg_spin","st_avg_spin","sv_avg_spin"
"Wheeler, Zack","554430","2388","2199","2391",,"1570","2638","1611",,,
"Mahle, Tyler","641816","2336",,"2432","2538",,,"1840",,,
"Castillo, Luis","622491","2325","2142",,"2441","1971",,,,,
"Buehler, Walker","621111","2472","2341","2615","2787","1522","2861",,,"2801",
"Ray, Robbie","592662","2272","2293",,"2186","1726","2125",,,,
"Alcantara, Sandy","645261","2239","2324","2361","2391","2005",,,,,
"Wainwright, Adam","425794","2233","2229","2408",,"1714","2835",,,,
"Berríos, José","621244","2231","2137",,,"1521",,,,,"2338"
"Montas, Frankie","593423","2395","2305","2443","2477",,,"1595",,,
"Gausman, Kevin","592332","2283","2206",,"2197","1641",,"1527",,,
"Morton, Charlie","450203","2338","2117","2425",,"2100","3051",,,,
"Manaea, Sean","640455","1958","1997",,"2010","1371",,,,"2109",
"Nola, Aaron","605400","2198","2137","2179",,"1511","2529",,,,
"Giolito, Lucas","608337","2345",,,"2030","1492","2390",,,,
"Cole, Gerrit","543037","2452","2373",,"2600","1719","2800",,,,
"Lyles, Jordan","543475","2278","2196","2541","2705","1596","2619",,,"2638",
"Cease, Dylan","656302","2539",,,"2878","1641","2754",,,"2917",
"Musgrove, Joe","605397","2600","2471","2633","2784","2069","2808",,,,
"Eovaldi, Nathan","543135","2113",,"2275","2156",,"2086","1538",,,
"Gibson, Kyle","502043","2292","2136","2366","2516","1641","2434",,,"2499",
"Scherzer, Max","453286","2436",,"2466","2269","1446","2661",,,,
"Flexen, Chris","623167","2107","2069","2299","2673","1326","2711",,,,
"Woodruff, Brandon","605540","2356","2288",,"2551","1906","2641",,,,
"Hendricks, Kyle","543294","1941","1828",,,"2008","2844",,,,
"McCullers Jr., Lance","621121",,"2114","2511",,"1682","2923",,,"2797",
"Márquez, Germán","608566","2078","2057",,"2421","1670","2676",,,,
"Urías, Julio","628711","2499","2481",,,"1921",,,,,"2885"
"Darvish, Yu","506433","2513","2402","2664","2792",,"2714","1455",,"2759",
"Corbin, Patrick","571578","2149","2096",,"2216","1619","1782",,,,
"Pivetta, Nick","601713","2294","2240","2274","2287","1868","2740",,,"2440",
"Stroman, Marcus","573186","2438","2284","2585","2643",,"2514","1634",,,"2679"
"Keuchel, Dallas","572971","2210","1985","2213","2374","1630",,,,,
"Rodriguez, Eduardo","593958","2177","2126","2182","2140","1884",,,,,
"Ryu, Hyun Jin","547943","1947","1932","1996","2104","1511","2511",,,,
"Irvin, Cole","608344","1957","1886","1799","2009","1584","2057",,,,
"Happ, J.A.","457918","2298","2078",,"2228","1653","2231",,,,
"Minor, Mike","501985","2544","2335",,"2723","2237","2493",,,,
"Anderson, Tyler","542881","2291","2260","2489","2458","1835","2426",,,,
"Burnes, Corbin","669203","2628","2549","2767","2862","1872","2866",,,,
"Miley, Wade","489119","2241","2025","2275","2311","1808","2339",,,,
"Davies, Zach","605200","2090","2012","2092","2300","1691","2461",,,"2263",
"Montgomery, Jordan","656756","2288","2172","2357","2372","1704","2246",,,,
"Greinke, Zack","425844","2234","2146","2406","2346","1593","2358",,,,
"Kikuchi, Yusei","579328","2215",,"2306","2383","1478","2364",,,,
"Fried, Max","608331","2115","1997","2373","2470","1411","2650",,,"2487",
"DeSclafani, Anthony","543101","2265","2090",,"2198","1582","1966",,,,
"Matz, Steven","571927",,"2184",,"2081","2261","2336",,,,
"Walker, Taijuan","592836","2094","2007","2363","2418",,"2356","1516",,"2351",
"Skubal, Tarik","669373","2191","2021","2229","2060","1441","2208","1380",,,
"Gray, Jon","592351","2152","2115",,"2408","1457","2585",,,,
"Lynn, Lance","458681","2407","2232","2538","2399","1770","2475",,,,
"Garcia, Luis","677651","2354",,"2381","2335","1909","2264",,,"2374",
"Hill, Rich","448179","2339","2215","2426","2384","1672","2713",,,"2610",
"Yarbrough, Ryan","642232","1844",,"2116",,"2027",,,,"2270",
"Kelly, Merrill","518876","2359","2242","2321",,"1969","2564",,,,
"Fedde, Erick","607200","1850","1882","2051",,"1566","2277","1427",,"2298",
"Senzatela, Antonio","622608","2096","2120",,"2083","2016","2158",,,,
"Bassitt, Chris","605135","2170","2115","2222","2255","1958","2328",,,"2355",
"Lester, Jon","452657","2172","2042","2305",,"1737","2437",,,,
"Taillon, Jameson","592791","2417","2286","2502","2527","1868","2731",,,"2575",
"Mize, Casey","663554","2150","2060",,"2239",,"2197","1109",,,
"Peralta, Freddy","642547","2370","2302",,,"1621","2213",,,"2264",
"Houser, Adrian","605288","2178","2037",,"2165","2064","1855",,,,
"Keller, Brad","641745","2322","2181",,"2582","2007",,,,,
"Snell, Blake","605483","2399",,,"2416","1734","2262",,,,
"Richards, Garrett","572070","2468","2472",,"2745","1695","3140",,,,
"Means, John","607644","2399",,,"2326","2255","2278",,,,"2306"
"Gonzales, Marco","594835","2143",,"2119",,"2184","2282",,,,
"Bumgarner, Madison","518516","2312","2058","2407",,"1434","2462",,,,
"Singer, Brady","663903","2264","2271",,"2393","2015",,,,,
"Quantrill, Cal","615698","2164","2088","2207","2309","1354","2353","1326",,,
"Heaney, Andrew","571760","2443",,,"2624","2035","2561",,,,
"Foltynewicz, Mike","592314","2156","2097",,"2426","1779","2316",,,,
"Harvey, Matt","518774","2157","2134",,"2370","1697","2489",,,,
"Gray, Sonny","543243","2423","2319","2451","2597","1830","2749",,,"2612",
"Rodón, Carlos","607074","2293",,,"2453","1673","2253",,,,
"Webb, Logan","657277","2133","1901","2277",,"1475",,,,"2688",
"Plesac, Zach","668676","2042",,,"2031","1597","1883",,,,
"Bubic, Kris","663460","2073",,,,"1604","2619",,,,
"Wood, Alex","622072",,"2098",,"2117","1662",,,,,
"Anderson, Ian","666120","2045","2064",,,"1646","1892",,,"1937",
"Crowe, Wil","640444","2408","2223",,"2715","1714","2440",,,"2729",
"Rogers, Trevor","669432","2375",,"2116",,"1322",,,,"2100",
"López, Jorge","605347","1977","1967",,"2231","1614","2378",,,,
"Smyly, Drew","592767",,"2088","1956",,,"2096",,,,
"Gilbert, Logan","669302","2200","2203","2211","2278","1566","2132","1756",,,
"Gallen, Zac","668678","2324","2332","2250","2468","1476","2438",,,,
"Valdez, Framber","664285","2183","2171",,,"1498","2873",,,,
"Smith, Caleb","592761","2420",,,"2399","2002","2599",,,,
"Allard, Kolby","663465","2123","2214","2196",,"1606","1896",,,,
"Ohtani, Shohei","660271","2218",,"2252","2273",,"2370","1361",,"2349",
"Kaprielian, James","621076","2035","1983",,"2277","1299","2442",,,,
"Gant, John","607231","2434","2380","2612","2650","1482","2473",,,,
"McKenzie, Triston","663474","2254",,,"2162","1624","2147",,,,
"Wacha, Michael","608379","2091","2045","2066",,"1553","2191",,,,
"Lauer, Eric","641778","2256",,"2344","2241","1481","2449",,,,
"Alzolay, Adbert","640470","2295","2209","2362","2609","1705","2648",,,"2598",
"McClanahan, Shane","663556","2256",,,"2400","1725","2639",,,,
"Brubaker, JT","664141","2178","2266",,"2648","1885","2801",,,,
"Mills, Alec","621219","2167","2157",,"2528","1746","2317",,,,
"Dunning, Dane","641540","2029","2034","2207","2079","1935","2061",,,,
"Civale, Aaron","650644","2327","2318","2486","2714",,"2823","1648",,"2780",
"Freeland, Kyle","607536","2400","2357","2324",,"1524","2437",,,,
"Cueto, Johnny","456501","2238","2162","2218","2265","1335","2324",,,,
"Paddack, Chris","663978","2210",,,,"1795","2185",,,,
"Pérez, Martín","527048","2107","2016","2226",,"1696","2459",,,,
"Keller, Mitch","656605","2354",,"2370",,"1641","2616",,,,
"Gomber, Austin","596295","2028",,,"2299","1655","2511",,,,
"Odorizzi, Jake","543606","2114","1983","2053","2035",,"2066","1260",,,
"Manoah, Alek","666201","2349","2174",,"2246","1973",,,,,
"Gutierrez, Vladimir","661269","2167","2307",,"2448","1660","2571",,,,
"Kershaw, Clayton","477132","2506",,,"2654","2163","2535",,,,
"Javier, Cristian","664299","2341",,,"2493","1981","2925",,,"2541",
"Bauer, Trevor","545333","2784","2557","2871",,"1830","3013",,,"2962",
"Kim, Kwang Hyun","547942","2132","2077",,"2114","1604","2142",,,,
"Maeda, Kenta","628317","2264","2214",,"2514",,"2620","1455",,"2586",
"Akin, Keegan","669211","2337",,,"2220","1937","2416",,,,
"Velasquez, Vince","592826","2370","2186",,"2442","1564","2444",,,,
"Arrieta, Jake","453562",,"2084",,"2277","1787","2690",,,,
"Espino, Paolo","502179","2216","1535",,"2571","1367","2984",,,"2696",
"Luzardo, Jesús","666200","2261","2229",,"2231","1877",,,,,
"Hearn, Taylor","621368","2271","2169","2195","2205","1739",,,,,
"Pineda, Michael","501381","1946",,,"1963","1719",,,,,
"Ross, Joe","605452","2128","2087",,"1918","1700",,,,,
"Ureña, José","570632","2114","2146",,"2270","1675",,,,,
"Stripling, Ross","548389","2178",,,"2342","1675","2527",,,,
"López, Pablo","641154","2126","1985","2197",,"1949","2487",,,"2498",
"Alexander, Tyler","641302","2192","2107","2335","2346","1462","2219",,,,
"González, Chi Chi","592346","2337","2229","2534","2508","1649","2578",,,,
"Urquidy, José","664353","2213",,,,"1913","2571",,,"2487",
"Fleming, Josh","676596","1842","1789","1853",,"1603","1794",,,,
"Weathers, Ryan","677960","2069","2109",,"2211","1711",,,,"2215",
"Eflin, Zach","621107","2149","2033","2077","2128","1693","2253",,,,
"Suarez, Ranger","624133","1933","1840","2052","2055","1488",,,,,
"Cobb, Alex","502171","2118","2060",,"2405",,"2574","1626",,,
"Germán, Domingo","593334","2482","2382",,,"2292","2614",,,,
"Suarez, José","660761","2191","2031",,,"1593","2761",,,"2702",
"Bieber, Shane","669456","2330",,"2615","2673","1744","2390",,,,
"Peralta, Wily","503449","1873","1792",,"2171",,,"1056",,,
"Megill, Tylor","656731","2153",,,"2127","1496","2174",,,,
"Williams, Trevor","592866","2221","1951",,"2238","1771","2239",,,,
"Cortes, Nestor","641482","2223","2200","2352","2398","1427",,,,"2451",
"Bundy, Dylan","605164","2490","2322",,"2655","1547","2441",,,,
"Anderson, Brett","474463","1911","1705","2036","2324","1431","2328",,,,
"Ynoa, Huascar","660623","2147","2093",,"2425","1785",,,,,
"Ober, Bailey","641927","2177",,,"2166","1862","2302",,,"2148",
"Sheffield, Justus","656954","2060","2034",,"2570","1760",,,,,
"Sandoval, Patrick","663776","2078","1889",,"2612","1592","2799",,,"2699",
"Kuhl, Chad","641771","2108","2029","2366","2399","1600","2679",,,"2846",
"Hernández, Carlos","672578","2372",,,"2043",,"2399","1261",,,
"Manning, Matt","666159","2056","1927",,"2144","1395","2294","1353",,,
"Morgan, Eli","669212","2223",,"2072","2327","2018","2330",,,,
"Jax, Griffin","643377","2308","2317","2269",,"1791","2438",,,"2808",
"Stratton, Chris","608717","2610","2347",,"2863","2247","3123",,,"3174",
"Shaw, Bryan","543766","2302","2159","2405",,"1620","2179",,,"2666",
"Patiño, Luis","672715","2415","2358",,"2524","1967","2568",,,,
"Hoffman, Jeff","656546","2468",,,"2560",,"2493","1455",,,
"Flaherty, Jack","656427","2246","2080",,"2401","1626","2405",,,,
"Glasnow, Tyler","607192","2424",,,"2768","1704","2997",,,,
"Kluber, Corey","446372","2263","2113","2454",,"1638","2506",,,,
"Crismatt, Nabil","622503","2140","2115",,"1838","1598","2259",,,,
"Peacock, Matt","676840","2054","2043",,"2638","1741",,,,,
"Green, Chad","643338","2501","2583",,"2614",,"2584",,,"2576",
"Stammen, Craig","489334","2323","2201","2292","2337","1951","2349",,,,
"Martinez, Carlos","593372","2052","1946","2171","2060","1858","1950",,,,
"Boyd, Matthew","571510","2333","2294",,"2368","1858","2554",,,,
"Hentges, Sam","656529","2158","2102",,"2191","1669","2502",,,,
"Lynch IV, Daniel","663738","2112","2070",,"2056","1720","1874",,,,
"Moore, Matt","519043","2279",,"2224",,"1843","2203",,,,
"Reyes, Alex","621052","2383","2282",,"2588","1472","2811",,,,
"Neris, Héctor","593576","2349","2239",,"1954",,,"1122",,,
"Luetge, Lucas","476595","2556",,"2558","2784",,"2658",,,"2854",
"Quintana, Jose","500779","2041","2067",,,"1289","2262",,,,"2238"
"Gallegos, Giovanny","606149","2350",,,"2480","1885",,,,,
"Mayers, Mike","594577","2346","2388","2325","2140","1511","2166",,,,
"Cishek, Steve","518553","2385","2306",,"2376","1720",,,,,
"Castro, Miguel","612434",,"2276",,"2982","2031",,,,,
"deGrom, Jacob","594798","2418",,,"2598","1618","2705",,,,
"Guerra, Junior","448855","2329","2140",,"2395",,"2565","1006",,,
"Barlow, Scott","605130","2306","2024",,"2420",,"2479",,,,
"Suter, Brent","608718","2163","2137",,"2307","1792","2258",,,,
"Widener, Taylor","642203","2143",,"2000","2239","1713","2224",,,,
"Bard, Daniel","453268","2731","2584",,"2910","2146",,,,,
"Gray, Josiah","680686","2254",,,"2088","2218","2429",,,,
"Stephan, Trevor","663986","2378",,,"2553",,,"1319",,,
"Finnegan, Kyle","640448","2058",,,"2117",,,"1251",,"2109",
"Rasmussen, Drew","656876","2438","2306","2628","2665","1773","2627",,,"2618",
"Cabrera, Génesis","650893","2297","2232",,,"1766","2435",,,,
"Thompson, Zach","605507","2409","2209","2545",,"1740","2267",,,,
"Funkhouser, Kyle","608335","2162","2034",,"2432","1908",,,,,
"Robles, Hansel","570663","2287","2358",,"2331","1555","1972",,,,
"Fulmer, Michael","605242","2199","2201","2409",,"1680","2531",,,"2501",
"Price, David","456034","2018","1977","2003",,"1677","2225",,,,
"Underwood Jr., Duane","621249","2170","2033","2140","2279","1609","2388",,,,
"Trivino III, Lou","642152","2011","2005","2247",,"1676","2382",,,,
"Maton, Phil","664208","2488",,"2533","2878",,"2991",,,"2729",
"Stanek, Ryne","592773","2231","2344",,"2422",,,"991",,,
"Woodford, Jake","663765","2216","2020","2255","2377","1528","2483",,,"2477",
"Whitlock, Garrett","676477","2129","2097","1956","1950","1910",,,,"1909",
"Houck, Tanner","656557","2099","2086",,"2551",,,"1589",,,
"Ottavino, Adam","493603","2438","2283","2716",,"2013","2803",,,"2747",
"Kinley, Tyler","641755","2377","2675",,"2619","1722","2769",,,,
"Wilson, Bryse","669060","2024","2001",,"2204","1576","2322",,,,
"Soto, Gregory","642397","2350","2397",,"2343",,,,,,
"Rogers, Tyler","643511","1885","1854",,"2240",,,,,,
"Kopech, Michael","656629","2585",,,"2465","1834","2485",,,,
"Holmes, Clay","605280","2343","2214",,"2463",,"2659",,,"2689",
"Peterson, David","656849","2070","2079",,"2240","1922","2064",,,,
"Diekman, Jake","518617","2221","2103",,,"1680",,,,"2739",
"May, Trevor","543507","2369",,,"2503","1721",,,,,
"Weaver, Luke","596133","2457","2388","2480","2383","1726","2365",,,,
"Thielbar, Caleb","573204","2309",,,,"2167","2382",,,"2380",
"Brentz, Jake","641394","2248","2265",,"2230","1683",,,,,
"Zimmermann, Bruce","669145","2328","2237",,"2469","1979","2582",,,,
"Hendriks, Liam","521230","2395",,,"2177","2394","2214",,,,
"Sewald, Paul","623149","2444",,,,"1402",,,,"2175",
"Colomé, Alex","517008","2101",,"2148",,"2182",,,,,
"Pagán, Emilio","641941","2520",,"2336",,"1949",,"1972",,,
"Staumont, Josh","622251","2260","2210",,,,"2733",,,,
"Treinen, Blake","595014","2417","2231","2480","2417","1367",,,,"2415",
"Hembree, Heath","592390","2452",,,"2861",,"2983",,,,
"Oviedo, Johan","670912","2261",,,"2504","1847","2434",,,,
"Guerra, Deolis","500610","2298","2299",,"2306","1497","2165",,,,
"Loáisiga, Jonathan","642528","2433","2346",,"2566","1931","2646",,,,
"Petit, Yusmeiro","433589","2136",,"2136",,"1751","2018",,,,
"Sborz, Josh","622250","2340",,,"2148",,"1989",,,,
"Smith, Will","519293","2240",,,"2319",,"2074",,,,
"Canning, Griffin","656288","2267",,"2220","2638","1869","2324",,,,
"Hand, Brad","543272","2378","2301",,,,,,,"2279",
"Floro, Dylan","571670","2232","2149",,"2018","1851",,,,,
"Boxberger, Brad","502202","2383",,,"2450","1303",,,,,
"Jansen, Kenley","445276",,"2339","2674","2448",,,,,,
"Smith, Riley","642092","2262","2248","2153","2047","1938","2366",,,,
"Sulser, Cole","642121","2290",,,"2264","1585","2398",,,,
"Chacín, Jhoulys","468504","2239","2213","2472",,"1442","2444",,,,
"Cisnero, José","542585","2410","2260","2505","2552","1826",,,,,
"Matzek, Tyler","554431","2435",,,"2888",,"2989",,,,
"Shoemaker, Matt","533167","2228","2119",,"2076",,"1947","1222",,,
"Santana, Ervin","429722","2178",,,"2319","1681",,,,,
"Richards, Trevor","670950","2184",,,"2047","2471",,,,,
"Iglesias, Raisel","628452","2351","2378",,"2580","1941",,,,,
"Jackson, Luke","592426","2208",,,"2320",,"2421",,,,
"Melancon, Mark","453343","2287",,"2255","2054",,"2601","1738",,,
"Duffey, Tyler","608648","2272","2386",,"2491",,"2467",,,,
"Heuer, Codi","676051","2366","2374",,"2079","2267",,,,,
"Alvarado, José","621237","2126","2070","2256",,,"2444",,,,
"Johnson, Pierce","572955","2231",,,,,"2886",,,,
"Romo, Sergio","489265","2233","2158",,"2815","2101",,,,,
"Tate, Dillon","622253","2052","1949","2399",,"1624",,,,"2420",
"Clase, Emmanuel","661403","2546",,"2579","2550",,,,,,
"Ruiz, José","614179","2329","2317",,"2340","1851","2396",,,,
"Scott, Tanner","656945","2582","2437",,"2666",,,,,,
"Romano, Jordan","605447","2390","2486",,"2222",,,,,,
"Cimber, Adam","643256","2195","2155",,"2412",,,,,,
"Voth, Austin","608723","2358",,"2424",,,"2991","1898",,,
"Wittgren, Nick","621295","2056","2063","2320","2368","1749",,,,,
"Familia, Jeurys","544727","2383","2216",,"2277",,,"1626",,,
"Plutko, Adam","592644","2250",,"2383","2499",,"2895",,,,
"King, Michael","650633","2383","2290","2405",,"2116","2470",,,"2673",
"Duffy, Danny","518633","2273","2216",,"2501","2293","2483",,,,
"Steckenrider, Drew","608716","2362",,,,"1676","2162",,,,
"Karinchak, James","675916","2309",,,,,"2295",,,,
"Estévez, Carlos","608032","2163",,,"2348","1594","2319",,,,
"Chapman, Aroldis","547973","2373","2393",,"2276",,,"787",,,
"García, Jarlín","606424","2216","2156",,"2305","2150",,,,,
"Díaz, Edwin","621242","2287","2430",,"2218",,,,,,
"Brothers, Rex","571521","2107",,,"2090",,,,,,
"Holland, Greg","518813","2236",,,"2089",,"2291",,,,
"Littell, Zack","641793","2062","2021",,"2158",,,"991",,,
"Williams, Devin","642207","2255",,,"2229","2818",,,,,
"Gonsolin, Tony","664062","2379",,,"2599",,"2612","1448",,,
"Norris, Daniel","596057","2392",,,"2614","1434",,,,,
"Feyereisen, J.P.","656420","2491","2708",,"2772","1592",,,,,
"Kimbrel, Craig","518886","2301",,,,,"2558",,,,
"Kremer, Dean","665152","2308","2357","2481",,"1563","2389","1837",,,
"Mejía, J.C.","650496","2203","2096",,"2518","1784","2512",,,,
"Kittredge, Andrew","552640","2551","2381",,"2722","1520",,,,,
"Strickland, Hunter","519326","2365","2240",,"2769","1875",,,,,
"Bender, Anthony","669622","2521","2250",,"2500","1627",,,,"2419",
"McHugh, Collin","543521","2267",,"2500",,"1614","2756",,,"2790",
"Alvarez, Jose","501625","2306","2125","2310","2238","1541",,,,,
"Thompson, Keegan","624522","2368","2195","2495","2400","2030","2548",,,"2489",
"Hader, Josh","623352","2109","2069",,"2494","1465",,,,,
"Steele, Justin","657006","2493","2467",,"2765","1642","2603",,,,
"Adams, Austin","613534","2573","2551",,"2836",,,,,,
"Hill, Tim","657612","2245","2122","2124","2125","1834",,,,,
"Watkins, Spenser","657093","2239","1576","2367","2322","1527","2327","2317",,,
"Bass, Anthony","542914","1971","1988",,"2194",,,"1279",,,
"Pressly, Ryan","519151","2561","2471",,"2685",,"3224",,,,
"Bummer, Aaron","607481","2129","2000","2266",,"1326",,,,"2471",
"Cessa, Luis","570666","2232","2141","1359","2474","1678",,,,,
"Tepera, Ryan","572193","2243","2226",,"2350","1364","2273",,,,
"Chafin, Andrew","605177","2139","2107",,"2407","1798",,,,,
"Sawamura, Hirokazu","617228","2115",,,"2291",,,"1360",,,
"Rodríguez, Richard","593144","2438",,,"2190",,,,,,
"García, Yimi","554340","2532","2355",,"2519","1864","2729",,,"2588",
"López, Reynaldo","625643","2225",,,"2216","1637","2501",,,,
"Pop, Zach","647315","2048","2146","2433","2460",,,,,,
"Howard, Spencer","675921","2155","1915","2144","2294","1391","1914",,,"2075",
"Castillo, Diego","650895","1944","1997",,"2262",,,,,,
"Shreve, Chasen","592741","2316",,,"2245",,,"1023",,"2272",
"Bednar, David","670280","2290",,,,,"2458","1595",,,
"Zimmer, Kyle","622092","2250","2125",,"2099","1698","1994",,,,
"Brogdon, Connor","641401","2288","2389","2244",,"1956",,,,,
"Bradley, Archie","605151","2130","2033",,,"1363","1950",,,,
"Barnes, Matt","598264","2276",,,,"2178","2111",,,,
"Martin, Brett","656685","2195","2161",,"2228",,"2165",,,,
"Barria, Jaime","642545","2308","2139",,"2193","1609",,,,,
"Crochet, Garrett","676979","2332",,,"2302","2155",,,,"2243",
"Young, Alex","622065","2257","2220","2399",,"1546","2332",,,,
"de Geus, Brett","676969","2116","2054","2104",,"1488","2349",,,,
"Thornton, Trent","663423","2331","2342","2569","2892","1540","3043",,,,
"Santana, Dennis","642701","2391","2434","2694","2658","2199","2662",,,,
"Kennedy, Ian","453178","2427",,"2047","2309","1933","2563","1891",,,
"Misiewicz, Anthony","664948","2216",,"2453","2889",,"2860",,,,
"Wells, Tyler","669330","2429",,"2476",,"1984","2653",,,,
"Carrasco, Carlos","471911","2260","2114",,"2382","1215","2752",,,,
"Detwiler, Ross","446321","2183","2014","2060",,"1618","2050",,,,
"McGee, Jake","459429","2143",,,"1911",,,,,,
"Minter, A.J.","621345","2349",,"2542",,"1723",,,,,
"Chargois, JT","608638","2280","2235",,"2247",,,,,,
"Allen, Logan","663531","1993","1694","2479","2597","1515","2705",,,"2534",
"Givens, Mychal","571710","2527","2439",,"2637","2163",,,,,
"Fry, Paul","643316","2329",,,"2741","1959",,,,,
"Montero, Rafael","606160","2262","2189",,"2301","2015",,,,,
"Graveman, Kendall","608665","2318","2200",,"2525","1699","2391",,,,
"Almonte, Yency","622075","2094","2146",,"2298","1716",,,,"2373",
"Dunn, Justin","643290","2357",,,"2499","1922","2502",,,,
"Alcala, Jorge","660896","2346","2188",,"2435","2301",,,,,
"Jiménez, Joe","641729","2494",,,"2280","2251",,,,,
"Watson, Tony","453265","2311","2295",,"2374","2351",,,,,
"Doolittle, Sean","448281","2261",,,"2260",,"2405","982",,,
"Raley, Brooks","548384","2430","2296","2540",,"1938","2949",,,"2826",
"Hudson, Daniel","543339","2311","2449",,"2434","2283",,,,,
"Andriese, Matt","542882","2341","2095","2438",,"2196","2678",,,,
"Anderson, Chase","502624","2120","2103","2327","2164","2162","2034",,,,
"Leone, Dominic","608678","2229","2039","2478","2483",,,,,,
"Howard, Sam","607572","2370",,,"2333","2149",,,,,
"Mayza, Tim","641835","2001","2058",,"2177",,,,,,
"Bielak, Brandon","656232","2421","2312","2437","2325","1815","2498",,,"2430",
"Holland, Derek","502706","2296","2361",,,"2079","2088",,,,
"Loup, Aaron","571901",,"2212","2423",,"1877","2473",,,,
"Lamet, Dinelson","659275","2428","2378",,"2455","1987",,,,,
"Garrett, Amir","607237","2247","2222",,"1807",,,,,,
"Payamps, Joel","606303","2431","2269",,"2190","2045",,,,"2575",
"Toussaint, Touki","657053","2185","2182",,,,"2348","1335",,,
"Hernández, Elieser","622694","2129","2058",,"2169","2015",,,,,
"Sims, Lucas","608371","2581",,,"2956","2325","3109",,,,
"Tomlin, Josh","458708","2311",,"2557",,"1720","2687",,,,
"Helsley, Ryan","664854","2526","2488",,"2451","1545","2503",,,,
"Clay, Sam","621348",,"1926",,"2539","1763",,,,,
"LeBlanc, Wade","453281","1994","1893","2026",,"1498","2321",,,,
"Taylor, Josh","657031","2248","2204",,"2277",,"2145",,,,
"Winkler, Dan","595465","2551","2386","2552",,,"2619",,,,
"Wisler, Matt","605538","2110",,,"2525",,,,,,
"Peralta, Wandy","593974","2207","2142",,"2288","2182",,,,,
"Bickford, Phil","641360","2344","1964",,"2324","1180",,,,,
"Turnbull, Spencer","605513","2497","2236",,"2523","1850","2622",,,,
"De Jong, Chase","608328","2434","2324",,"2443","1840","2635",,,,
"Fairbanks, Pete","664126","2397",,,"2378","1791",,,,,
"Davis, Wade","451584","2391","2384","2685",,"1772","2474",,,,
"Stephenson, Robert","596112","2521",,"2933","2980",,"3085","1753",,,
"Dobnak, Randy","677976","2075","1942",,"2428","1699",,,,,
"White, Mitch","669952","2334","2341",,"2427","1395","2355",,,"2328",
"Rodríguez, Joely","570257","2051","1996",,"2160","1121",,,,,
"Santillan, Tony","663574","2109",,,"2355","1476",,,,,"2278"
"Suero, Wander","593833",,,"2522",,"2127","2677",,,,
"Valdez, César","491624","2130","2018",,"2351","1771",,,,,
"Hernández, Darwinzon","650382","2319","2285",,"2552",,"2825",,,,
"Wells, Alex","649144","2147",,,"2311","1558","2485",,,,
"Clarke, Taylor","664199","2204",,,"2156","1632","2510",,,,
"Springs, Jeffrey","605488","2284",,,"2308","1476",,,,,
"Wendelken, J.B.","605525","2400","2196",,"2611","1582","2426",,,,
"Taylor, Blake","642130","2319",,,"2271",,,,,,
"Sale, Chris","519242","2291","2145",,"2243","2019",,,,,
"Long, Sam","669674","2104","2118",,"2093","1895","2459",,,,
"Garcia, Bryan","650530","2048","2116",,"2280","1844",,,,,
"Gilbreath, Lucas","656458","2424",,,"2439",,,"1277",,,
"Lugo, Seth","607625","2229","2272",,"2397","1678","3261",,,,
"Foster, Matt","641582","2298",,"2327","2274","1726",,,,,
"Castellanos, Humberto","528748","2078","1986","1986",,"1261","2352",,,,
"Farmer, Buck","571656","2285","1714",,"2677","1606",,,,,
"Parker, Blake","453284","2002",,"2076",,,"2092","804",,,
"Kelly, Joe","523260","2121","2071",,"2802","2001","2891",,,,
"Ponce, Cody","664074","2260",,"2320","2317","1885","2165",,,,
"Coonrod, Sam","656322","2281","2113","2411","2514","1487","2671",,,"2617",
"Mikolas, Miles","571945","2301","2226",,"2395","1642","2566",,,,
"Patton, Spencer","607359","2036","1733",,"1984",,,"1656",,,
"Curtiss, John","595928","2269",,,"2611","2455",,,,,
"De Los Santos, Enyel","660853","2194",,,"2035","1842",,,,,
"Arihara, Kohei","685503","2155","2031","2161","2194","1429","2252","1476",,,
"King, John","667463","2027","1960","2107","2371","1568",,,,"2473",
"Díaz, Miguel","622766","2187","2218",,"2247","1759",,,,,
"Abreu, Bryan","650556","2212","2276",,"2527",,"2791",,,,
"Bleier, Richard","542947","2048","1990","1959","2014","1659",,,,,
"Armstrong, Shawn","542888","2460",,"2658",,,,,,,"2702"
"Valdez, Phillips","570488","2288","2264",,"2312","1944",,,,,
"Blackburn, Paul","621112","2134","1992","2428","2419","1788","2579",,,,
"Smith, Burch","572143","2277",,"2233","2235","1870","2422",,,,
"Muller, Kyle","666205","2435","2453",,"2093","1688","2421",,,,
"Bowden, Ben","641386","2409",,,"2169","1988",,,,,
"Kranick, Max","668820","2137","1958",,"2096","1827","2254",,,,
"Newcomb, Sean","656794","2295","2489","2702",,"1951","2877",,,,"2732"
"Cahill, Trevor","502239","2232","2177","2211",,"1525","3022",,,,
"Rainey, Tanner","663432","2400",,,"2340","802",,,,,
"Holloway, Jordan","656548","2184","2131",,"2236","1618","2382",,,,
"Martin, Chris","455119","2122","2051","2077",,,"2461","1352",,"2527",
"Minaya, Juan","573668","2236",,,"2179","1584",,,,,
"Barnes, Charlie","656212","1649","1832",,"2407","1721","2101",,,,
"Keller, Kyle","664918","2308",,,,,"2515",,,,
"Ponce de Leon, Daniel","594965","2281","2373","2256",,"1907","2539",,,,
"Vesia, Alex","681911","2365",,,"2432","1923",,,,,
"Smith, Joe","501925","1995","1882",,"2192","1600",,,,,
"Kay, Anthony","641743","2383",,"2473","2527","1774","2370",,,,
"Lucchesi, Joey","664192","2236","2210","2207",,,"2114","1318",,,
"Abreu, Albert","656061","2131","2155",,"2209","1781","2561",,,,
"Rogers, Taylor","573124",,"2055",,,,,,,"2550",
"Lange, Alex","656638","2342","2391",,"2363","1707","2107",,,,
"Faria, Jake","607188","2105","2273",,"1886",,"2292","1181",,,
"Kowar, Jackson","663804","2193",,,"2300","2413","2080",,,,
"Junis, Jakob","596001","2243","2197","2303",,"1692",,,,"2448",
"Machado, Andrés","600921","2102","2030",,"2015","1472",,,,,
"Mantiply, Joe","573009","2250","2199",,,"1697","2352",,,,
"Miller, Andrew","453192","2050","1803",,"2475",,,,,,
"Smith, Drew","622098","2430","2419","2658","2668","2015","2724",,,,
"Banda, Anthony","607455","2109",,"2171","1979","1780","2050",,,,
"Santana, Edgar","650828","2104","2203",,"2210",,,,,,
"Vest, Will","676684","1989",,,"2371","1541",,,,,
"Soria, Joakim","465657","2337","2280",,"2765","1659","2659",,,,
"Dolis, Rafael","503569","2298","2277",,"2445",,,"1295",,,
"Garrett, Braxton","666129","2186","1955",,,"1618","2167",,,"2337",
"Wilson, Justin","458677","2249",,"2355","2615",,,,,,
"Sandlin, Nick","680704","2341","2212",,"2684",,,"1434",,,
"Okert, Steven","595345","2231","2202",,"2459",,,,,,
"Gilbert, Tyler","656457","2166","2008","2242",,,"2402","1370",,,
"Neidert, Nick","663734","2071",,"2070","2141","1637","2030",,,,
"Sanchez, Aaron","592717","2016","2030",,,"1489","2485",,,,
"Burr, Ryan","621114","2001",,"2317","2473",,,,,,
"Yang, Hyeon-Jong","660365","2168",,,"2389","1695","2339",,,,
"Chatwood, Tyler","543022","2387","2406","2713",,"1755","2878",,,,
"Claudio, Alex","592222","1962","1828",,"2167","1886",,,,,
"Sadler, Casey","594987","2396","2200","2513",,"2411","2819",,,,
"Oviedo, Luis","665854","2200",,,"2174","1969","2298",,,,
"Brach, Brad","542960","2178","2231","2322","2538","1908",,,,,
"Ramirez, Noé","598287","2210",,,,"2127","2566",,,,
"Lowther, Zac","675912","2206",,,"2630","1897","2591",,,,
"Barnes, Jacob","606930","2396",,"2319","2158","1091",,,,,
"Webb, Jacob","657097","2415",,,,"2260","2599",,,,
"Harper, Ryne","607560","1822",,,"2062",,"2178",,,,
"Slegers, Aaron","642083","2014","1941",,"2091","1616",,,,,
"Maples, Dillon","596027","2658","2611",,"2842",,"3149",,,,
"Swanson, Erik","657024","2303",,,"2348",,,"1081",,,
"Goudeau, Ashton","623485","2059",,,,"1475","2321",,,,
"González, Victor","624647",,"2231",,"2499",,,,,,
"Ginkel, Kevin","656464","2386","1962",,"2276",,,,,,
"Sampson, Adrian","592716","2027","1928","2402","2541","1713",,,,,
"Falter, Bailey","663559","1801","1765",,"1873","1659","1908",,,,
"Poteet, Cody","547001","2422",,,"2845","2014","2917",,,,
"Head, Louis","545343","2254",,,"2675","1541",,,,,
"Cotton, Jharel","605194","2297",,"2208","2459","2350","2547",,,,
"Hendrix, Ryan","641682","2224","2041","1993","2422",,"2054",,,,
"Rogers, Josh","642028","2078","2053",,"2172","1442","2080",,,,
"Cousins, Jake","664776",,"2164",,,"1859",,,,"2584",
"Ashby, Aaron","676879","2069","1983",,"2557","1886","2504",,,,
"Gil, Luis","661563","2445",,,"2471","1824",,,,,
"Middleton, Keynan","641871","2379",,,"2406","1727",,,,,
"Coulombe, Danny","543056","2246","2191",,"2385",,"2466",,,,
"Antone, Tejay","622088","2677",,,"2842",,"2995",,,,
"Chavez, Jesse","445926","2068","2005","2248","2221","1823",,,,,
"Graterol, Brusdar","660813","2095","2066","2352","2521",,,,,,
"Nelson, Jimmy","519076","2613",,,"2976",,"2930",,,,
"Evans, Demarcus","663770","2467",,"2452",,,"2262",,,,
"Tapia, Domingo","593619","2326","2108","2473","2346","1801",,,,,
"McGowin, Kyle","641851","2344","2346",,"2731",,,,,,
"Workman, Brandon","519443","2050",,"2083",,,"2501",,,,
"Knehr, Reiss","663753","2396","2330","2290","2233","1847",,,,,
"McFarland, T.J.","519008",,"1953","2290","2291","1630",,,,"2306",
"Diplán, Marcos","650959","2246",,,"2586","1588","2752",,,,
"Kintzler, Brandon","445213","1929","1969",,"2350","2176",,,,,
"Zuber, Tyler","676604","2231",,,"2679","1248","2760",,,"2643",
"Rodriguez, Chris","669735","2205","2089",,"2397","1552","2445",,,,
"Garza, Justin","621057","2249",,"2324","2409","1666",,,,,
"Lakins, Travis","664042","2238","2131","2416",,"1626","2721",,,,
"García, Luis","472610","2195","2175",,"2386",,,"1125",,,
"Quijada, José","650671","2262",,,"2550","1617",,,,,
"Nolin, Sean","543594","2087","2130","2016","1930","1670","1763",,,,
"Brault, Steven","643230","2069","1924",,"2225","1648","2139",,,,
"Selman, Sam","572125","2346","2432",,"2451",,,,,,
"Santiago, Héctor","502327","2044","1982",,"2085","1904","2292",,,,
"Rucker, Michael","621074","2259","2186","2417","2519","1685","2584",,,,
"Murphy, Patrick","641907","2158","2092",,,"2030","2186",,,,
"Garza Jr., Ralph","621248","2195","2133","2224","2400","1783","2487",,,,
"Thompson, Ryan","657044","2230","1980","2109","2129","910",,,,,
"Wantz, Andrew","681806","2283",,"2515","2390","1539",,,,"2353",
"Cabrera, Edward","665795","2266",,,"2381","1783","2383",,,,
"Ellis, Chris","595939","2365",,,"2372","1739","2421",,,,
"Lorenzen, Michael","547179","2409","2231","2527","2560","1943","2447",,,"2401",
"Davis, Austin","656354","2161","2221",,"2288","1925","2220",,,,
"Farrell, Luke","608652","2383",,,"2546","1517","2616",,,,
"Sánchez, Miguel","667376","2234",,,"2276","1613",,,,,
"Campbell, Paul","669294","2475","2483",,"2440","1570","2854",,,,
"Bedrosian, Cam","592135","2261",,,"2413",,,"1446",,,
"Greene, Shane","572888","2255","2097","2459",,"1613",,,,"2576",
"Hale, David","571735","2225","2190",,,"1605","2304",,,,
"Benjamin, Wes","605138","2298",,"2291","2307","1663","2489",,,,
"Dugger, Robert","667498","2102","2058",,"2218","1471","2244",,,,
"Megill, Trevor","656730","2423",,,"2629",,"2759",,,,
"Ríos, Yacksel","605441","2052","2120",,"2126",,,"501",,,
"Nance, Tommy","667297","2273","2309",,"2619",,"2822",,,,
"Sheffield, Jordan","642068","2590","2667",,"2868","2097",,,,,
"Barlow, Joe","669618","2256","2227",,"2179",,"2212",,,,
"Pérez, Cionel","672335","2107",,,,"1817",,,,,"2611"
"Castro, Anthony","621593","2486","2469",,"2732","2122",,,,,
"Mears, Nick","683232","2184",,,,,"2296",,,,
"Doval, Camilo","666808","2550",,"2574","2511",,,,,,
"Otto Jr., Glenn","657248","2186","2151",,,"1872","2396",,,"2522",
"Fulmer, Carson","608334","2278","2251","2633",,"1442","2714",,,,
"Greene, Conner","641632","2337","2322",,"2345","1814","2422",,,,
"Díaz, Yennsy","660546","1996",,,"2216","1611",,,,,
"Peters, Dillon","596071","2257","2149",,,"1479","2812",,,,
"Morgan, Adam","605388","2300","2294",,"2792","1838","2981",,,,
"Eshelman, Thomas","664045","1821","1845",,"1907","1474","1835",,,,
"Romano, Sal","607219","2078","2090",,"2230",,"2276",,,,
"Anderson, Shaun","641312","2528","2359",,"2756","1334","2668",,,,
"Ramírez, Yohan","670990","2310","2407",,,,,,,"2437",
"Marshall, Evan","605359","2442","2319",,,"1658","2712",,,,
"Crick, Kyle","605195","2305","2203",,"3295","2013",,,,,
"Saucedo, Tayler","642048","2475","2370",,"2405","2014","2483",,,,
"Pomeranz, Drew","519141","2507",,,,,"2237",,,,
"Gsellman, Robert","607229","1963","2007",,"2140","1639","2575",,,,
"Thompson, Mason","666168","2229","2214",,"2209","1992",,,,,
"Alexy, A.J.","669935","2218",,,"2382","1487","2469",,,,
"Mejía, Humberto","650668","2166","2185",,"2325","1829","2535",,,,
"Mazza, Chris","607391","2053","1826","2271","2340","1292",,,,,
"Rodriguez, Jefry","622446","2362","2249","2287",,"1754","2304",,,,
"Ryan, Joe","657746","2175",,,"2209","2071","2374",,,,
"Clippard, Tyler","461325","2254","2158",,"2105","2090","2086","630",,,
"Poppen, Sean","664092","2257","2015",,"2195","1981",,,,,
"Hammer, JD","670456","2298","2388",,"2592",,"2311",,,,
"Crichton, Stefan","592233","1855","1868",,,"1705","2547",,,,
"Whitley, Kodi","676831","2248",,,"2027","1841",,,,,
"Wick, Rowan","592858","2282",,"2294","2194",,"2618",,,,
"Knebel, Corey","608349","2403",,,,,"2792",,,,
"Milner, Hoby","571948","1971","1933",,,"1729",,,,"1865",
"Ramírez, Erasmo","541640","2173","2113","2336","2231","1643","2502",,,,
"Webb, Tyler","643778","2129","2073",,,"1690","2261",,,,
"Jackson, Jay","543351","2284",,,"2372","1993",,,,,
"Naughton, Packy","676050","2035","2052",,"2234","1327","2173",,,,
"Detmers, Reid","672282","2078",,,"2143","1368","2416",,,,
"Fernández, Junior","658551","2174","2150",,"2035","1972",,,,,
"Reid-Foley, Sean","656887","2139","1855",,"2220","1394",,,,,
"Feliz, Michael","593140","2179",,,"2275","1757",,,,,
"Borucki, Ryan","621366",,"2352",,"2529","1884",,,,,
"May, Dustin","669160","2306","2361","2517","2922",,,,,"3245",
"Hess, David","605276","2085",,,"2418","1595","2451",,,,
"Albers, Andrew","452027","2187","2038",,"2299","1407","2260",,,,
"Strasburg, Stephen","544931","2079","2079",,,"1556","2718",,,,
"Uceta, Edwin","670955","2354",,,,"2026","2418",,,,
"Enns, Dietrich","608650","2246",,"2106",,"1504","2110",,,,
"Guenther, Sean","674944","2233",,,"2421","1719",,,,,
"Baragar, Caleb","670056","2363",,,"2681",,"2644",,,,
"Eickhoff, Jerad","595191","2057","2038",,"2252","1436","2659",,,,
"Cleavinger, Garrett","664076","2290","2160",,"2713",,,,,,
"Scrubb, Andre","668687",,,"2360","2391",,"2749",,,,
"Perdomo, Angel","622780","2487",,,"2659","2133",,,,,
"Anderson, Drew","623454","2128",,,"2398","1754","2531",,,,
"Abbott, Cory","676265","2320",,,"2201","2125","2439",,,,
"Krol, Ian","571871","2387","2305","2469","2416","1800","2527",,,,
"De León, José","592254","2058",,,,"1793",,,,"2371",
"Lindblom, Josh","458676","2593","2481","2452","2470","1958","2821","1102",,,
"Martin, Corbin","656686","2348",,,"2336","2008","2494",,,,
"Hutchison, Drew","571800","2146","2154",,"2530","1604",,,,,
"Nelson, Nick","656793","2070",,,"2570","1819","2518",,,,
"Warren, Art","605521","2193",,,"2593",,,,,,
"Castano, Daniel","641447","2214","2102","2350","2405","1539",,,,,
"Brebbia, John","605154","2257",,,"2487","1922",,,,,
"Archer, Chris","502042","2120",,,"2432","1868","2275",,,,
"Britton, Zack","502154",,"1953",,"2489",,,,,,
"Lawrence, Justin","664875",,"2350",,,,,,,"2786",
"Wright Jr., Mike","605541","2223","2059",,"2247","1548",,,,,
"Lovelady, Richard","663992","2491","2351",,"2628",,,,,,
"Yardley, Eric","642233",,"2062",,,"1739","2732",,,,
"Ramirez, Nick","598286","1952","1961","2185","2224","1518","2232",,,,
"Jones, Nate","518858","2407","2423",,"2265","2057",,,,,
"Stashak, Cody","664054","2210",,,"2204","1435",,,,,
"Davidson, Tucker","656353","2027",,,"2242","1619","2481",,,,
"Pearson, Nate","663878","2201",,,"2585","1713","2308",,,,
"Rodríguez, Manuel","655889","2303","1988",,"2255",,,,,,
"Herget, Jimmy","623474","2229","2231",,"2494","1716",,,,"2676",
"Abad, Fernando","472551","2124","2145","2310",,"1644","2502",,,,
"Conley, Adam","543045","2340",,,"2258","2055",,,,,
"Miller, Justin","502522","2296","2204",,"2560",,,,,,
"Buchter, Ryan","488748","2217",,"2208",,,"1971",,,,
"Gustave, Jandel","594311","2382","2255",,"2422",,,,,,
"Wieck, Brad","623364","2297",,,"2298",,"2322",,,,
"Law, Derek","571882","2128","2162","2353","2302","1862","2051",,,,
"Zeuch, T.J.","643615","2333","2225","2012","1975","1573",,,,,
"Bukauskas, J.B.","656266","2307","2318",,"2380","1746",,,,,
"Warren, Austin","681810","2287","2120","2445","2575","1827",,,,,
"García, Edgar","658305","2081","2035",,"2235","1676",,,,,
"Sherriff, Ryan","595411",,"2136",,"2547","1601",,,,,
"Newsome, Ljay","664714","2036",,,,"1798","2218",,,,
"Brice, Austin","592169","2244","2088",,,"1963","2695",,,,
"Overton, Connor","656818","2242","2104","2274","2444","1891","2237",,,"1496",
"Miller, Shelby","571946","2363",,"2268",,,,,,"2315",
"Duplantier, Jon","641541","2209","2095",,"2196","1644","2402",,,,
"Barraclough, Kyle","607457","2371","2354",,"2401","1306",,,,,
"Burrows, Beau","663366","2194",,,"2229","1981","2320",,,,
"Frankoff, Seth","571676","2411",,,"2543","2153","2467",,,,
"Margevicius, Nick","676606","2172",,,"1995",,"2084","1584",,,
"Alexander, Scott","518397",,"2188",,"2449","1608",,,,,
"Bruihl, Justin","677865",,"2142","2354",,,,,,"2379",
"Paredes, Enoli","660600","2390",,,"2953",,"2959",,,,
"Thorpe, Lewis","626929","1957",,,"1886","1568","2377",,,,
"Dayton, Grant","594795","2186","2258",,,,"2328",,,,
"Heasley, Jonathan","669169","2260","2339",,"1949","1938","2624",,,,
"Wade, Konner","592831","2150","2025","2124",,"2079","1868",,,,
"Menez, Conner","669214","2164",,,"2107",,"2151",,,,
"Junk, Janson","676083","2357",,,,"1799","2416","1049",,"2536",
"Lambert, Jimmy","669424","2054",,,"2447","1759","2148",,,,
"Phillips, Evan","623465","2223","2178","2310",,"1198",,,,"2361",
"Puk, A.J.","640462","2214","2104",,"2220","1748","2235",,,,
"Milone, Tommy","543548","2106",,,"2182","1610","2310",,,,
"Emanuel, Kent","592288",,"2053",,,"1812",,,,"2321",
"Yajure, Miguel","664337","2375","2092","2558","2388","1603","2643",,,,
"Díaz, Jhonathan","646242","2073","2084",,"2737","1777","2766",,,,
"Stewart, Kohl","640464","2086","2062","2297","2543","1763","2607",,,,
"Osich, Josh","592612","2304","2332","2231","2183","1602",,,,,
"Mills, Wyatt","670090","1955","1914",,"2501",,,,,,
"Sherfy, James","642073","2261",,,"2680","1667","2391",,,,
"Guduan, Reymin","594056","2302","2331",,"2056",,,,,,
"Solomon, Peter","656981","2178",,"2238","2368","1969","1971",,,,
"Ryan, Kyle","594986","1945","1716","1994",,,"2259",,,,
"Effross, Scott","664123","2273","2227",,,"2022",,,,"2481",
"Elledge, Seth","676220",,"2276",,"2376","1630",,,,,
"Jefferies, Daulton","641726","2026","2088","2211","2485","1466",,,,,
"Williams, Taylor","592865","2352","2276",,"2583",,,,,,
"Adam, Jason","592094","2605",,,"2762","1656","2650",,,,
"Merryweather, Julian","657240","2262",,,"2243","1406","2387",,,"2510",
"Jewell, Jake","657228","2082","2029",,"2155","1497",,,,,
"Baldonado, Alberto","593604","2260","2250",,"2178","2094",,,,,
"López, Yoan","661255","2204",,,"2546",,,,,,
"Madero, Luís","650347","2274","2299",,"2541","1834",,,,,
"Hartlieb, Geoff","664129","2373","2357","2540","2500",,,,,,
"Waddell, Brandon","663399","2355","2218",,"2496","1446",,,,,
"Sánchez, Cristopher","650911",,"2071",,"2051","1843",,,,,
"Cody, Kyle","621129","2059","2128",,"2422","1896",,,,,
"Robertson, David","502085","2626",,"2557","2621",,"2637",,,,
"Kazmir, Scott","431148","2155","1770",,"1946","1482",,,,,
"Hicks, Jordan","663855","2041","2011","2385",,,,"964",,"2379",
"Kela, Keone","605309","2336",,,,"1689","2453",,,,
"Castro, Kervin","665645","2287","448","2205",,,"1969",,,,
"Jackson, Andre","656578","2225",,,"2103","1713","1929",,,,
"Bettinger, Alec","676424","2106",,"2106","2230","1553","2343",,,,
"Swarzak, Anthony","461872","2282","1997",,"2397",,,,,,
"Morimando, Shawn","596049","2347","2187","2331",,"1620","2283",,,,
"Sceroler, Mac","669135","2487",,,"2443",,"2885","1410",,,
"Foley, Jason","671345","2216","2050",,"2344","1640",,,,,
"Rowen, Ben","594985","2182","1892",,"2616",,,,,,
"Beasley, Jeremy","676886","2500",,,"2540",,"2281","991",,,
"Baz, Shane","669358","2415",,,"2422","1981","2689",,,,
"Brasier, Ryan","518489","2135",,,"2330",,"2425",,,,
"Klobosits, Gabe","656620","2183",,,"2536",,,"1020",,,
"Kriske, Brooks","621139","2208",,"2225","2263",,,"608",,"2217",
"Tyler, Kyle","667725",,,"2140","2219","1613","2222",,,,
"Kolarek, Adam","592473","2137","2179",,"1946","2194",,,,,
"O'Day, Darren","503285","2374","2271",,"2292",,,,,,
"Hanhold, Eric","621098","2287","2227",,"2551","2031",,,,,
"Phelps, David","475479","2373","2251","2443",,"2231","2559",,,,
"Bergen, Travis","664157","2341",,,"2599",,"2549",,,,
"Knight, Dusten","643400","2060",,"2307",,"1422","2108",,,,
"Biddle, Jesse","592145","2607","2652",,"2654",,"2622",,,,
"Baumann, Mike","657508","2093",,,"2294","1761","2109",,,,
"Hoyt, James","624586","2194","2193",,"2504","1486",,,,,
"Vincent, Nick","543883","2366","2231","2457","2761","1739",,,,,
"Sanmartin, Reiver","665665","2230","2248",,"2389","1950",,,,,
"Burdi, Zack","641420","2578",,,"2573","2163",,,,,
"Santos, Antonio","665733","2157","2152",,"1987","1677","2172",,,,
"Nelson, Kyle","669459","2148",,"2454",,,,,,"2670",
"Acevedo, Domingo","642758","2065","2157",,"2142","1775",,,,,
"Camarena, Daniel","547176","1689","1938",,"1865","1786","2012",,,,
"Romero, JoJo","668941","2158","2043","2334","2502","1573",,,,,
"Stock, Robert","476594","2033",,"2453","2528","1639","2540",,,,
"Moll, Sam","594580","2422","2461",,,,,,,"2930",
"Hatch, Thomas","641672","2497","2368","2511",,"1965",,,,,
"Morán, Jovani","663558","2150",,,"2347","1783",,,,,
"Reed, Jake","596082","2261","2021",,"2445",,,,,,
"Weber, Ryan","543901",,"1996","2141","2311","1654","2310",,,,
"Oswalt, Corey","621261","2243",,,"2148","1547",,,,,
"García, Deivi","665620","2216",,,"2468","1977","2667",,,"2640",
"Fiers, Mike","571666","2290","2230",,"2376","1874","2720",,,,
"Meisinger, Ryan","664682","2237","2125",,"2274","1519",,,,,
"Reed, Cody","642003","2248","2107",,"2623","1900",,,,,
"Guerra, Javy","457915","2127","2032",,"2069","1439","2315",,,,
"McCaughan, Darren","670766","1977","1961",,"2244","1314",,,,,
"Llovera, Mauricio","661440","1980","1969","1992","2357","1841",,,,,
"Devenski, Chris","606965","2227",,,"2195","1639","2302",,,"2291",
"Rosso, Ramón","665759","2472",,,"2498","2119",,,,,
"Schmidt, Clarke","657376","2461","2351",,"2618","2212","2749",,,,
"Feltner, Ryan","663372","2246",,"2372","2504","1553","2400",,,,
"Tice, Ty","676709","2206","2174",,"2356","2051","2694",,,,
"Ortega, Oliver","661383","2328",,,,,"2117",,,,
"Harvey, Hunter","640451","2073",,,"2297",,"2124","1606",,,
"Medina, Adonis","658431","2328","2264",,"2348","1722","2501",,,,
"Fry, Jace","605240","2328","2243","2441",,"1909","2099",,,,
"Strahm, Matt","621381","2282","2286","2508",,"2118","2643",,,,
"Petricka, Jake","502593",,"2056",,"1967","1792",,,,,
"Harris, Will","501789","2373",,"2360",,,"2562",,,,
"Weems, Jordan","607179","2170",,,"2299",,"2438","1208",,,
"Krehbiel, Joey","607216","2221","1597","2482","2493","1470",,,,,
"Wright, Kyle","657140","2383","2262",,"2396","1708","2619",,,,
"Roark, Tanner","543699","2008","2012",,"2221","1808","2755",,,,
"Crouse, Hans","668968","2315","2255",,"2226","1805",,,,,
"Hudson, Dakota","641712","2020","1913",,"2150","1381","2293",,,,
"Northcraft, Aaron","573062","2025","1908",,"2142","1641",,,,,
"Núñez, Darien","628345","2307","2279",,"2271","1794",,,,,
"Lambert, Peter","663567","2179",,,"2316","1345","2074",,,,
"Pérez, Francisco","660906","2214","2214",,"2473","1696",,,,,
"Tropeano, Nick","607374","2229","2137",,"2277","1930",,"637",,,
"Fernández, Julian","642759","2420",,,,"1709",,,,,
"Gose, Anthony","543238","2439",,,"2459",,,,,,
"Rodriguez, Nivaldo","670550","1921","1808",,"2245","1461","2453",,,,
"Cole, A.J.","595918","2322",,"2229","2393","2070","2310",,,,
"Yamamoto, Jordan","657141","2311","2476","2582","2762","2168","2595",,,,
"Edwards Jr., Carl","605218","2595",,,,,"2300",,,,
"Snead, Kirby","669912","2542","2438",,"2755","1831",,,,,
"Pruitt, Austin","643493","2288",,,"2507","1617","2820",,,,
"Hunter, Tommy","488984","2449","2466","2507",,,"2837",,,,
"Coleman, Dylan","669395","2520","2525",,"2500",,,,,"2548",
"Avilán, Luis","501593",,"2046",,,"2113","2235",,,,
"Bolaños, Ronald","671790","2228","2212",,"2574","1619","2647",,,,
"Speier, Gabe","642100","2113","1933",,"2004","1393",,,,,
"Aguilar, Miguel","620396","2163",,,"2387","1782","2393",,,,
"Gibaut, Ian","664139","2228",,,"2504","1875",,,,,
"Anderson, Nick","623433","2103","2088",,,"1921","1854",,,,
"Newberry, Jake","623470","2398",,,"2566","1810",,,,,
"Severino, Luis","622663","2272",,"2214","2621","1599",,,,,
"Peacock, Brad","502748","2091","2052",,,"1789","2200",,,"2432",
"Norwood, James","656803","2184",,,"1464",,,"941",,,
"Adon, Joan","672851","2208","2199",,"2150","1884","2194",,,,
"Weigel, Patrick","622256","2351","2245",,"2792","1536",,,,,
"Blewett, Scott","656240","2142","1932",,"2061","1239",,,,,
"Mattson, Isaac","676755","2253",,,"2076","1748","2038",,,,
"Rea, Colin","607067","2184","2091","2132",,"1597","2106",,,,
"Teheran, Julio","527054","2364","2139",,"2466","1417",,,,,
"Topa, Justin","623437",,"2062",,,,,,,"2617",
"Hahn, Jesse","534910",,"2194",,"2726","1615","3127",,,"2804",
"Godley, Zack","643327","2159","2139","2324",,"1620","2178",,,,
"Fletcher, Aaron","667465",,"2209",,"1764","1963",,,,,
"Latz, Jacob","656641","2105",,,"2398","1515","2393",,,,
"Marte, José","665896","2141","2160","2592","2645",,,,,,
"Avila, Pedro","658648","2326","2347",,"2751","1693","2685",,,,
"Wojciechowski, Asher","592879","2138",,"2234","2291",,,,,,
"Bellatti, Andrew","571479","2487",,,"2472","1942",,,,,
"Gonsalves, Stephen","624427","2354",,"2339","2291",,"2371",,,,
"Zimmermann, Jordan","519455","2392","2335",,"2337","1559","2384",,,,
"Spitzbarth, Shea","665661","2107",,"2051",,"1263","2001",,,,
"Szapucki, Thomas","663378","2011",,,,"1779","2600",,,,
"Sittinger, Brandyn","670087","2195",,,"2133",,,,,,
"Del Pozo, Miguel","600887","2090",,,,"1897","2422",,,,
"Morejon, Adrian","670970","2334","2238",,"2523","3442","2428",,"874","2586",
"Ivey, Tyler","663959","2130",,,"2068","2027","2489",,,,
"Romero, Jhon","664584","2096",,,"2223","1300",,,,,
"Honeywell, Brent","641703","2047",,"1952","2094","1626",,,,,
"Ridings, Stephen","670050","2297","2374",,"2197",,,,,,
"Carlton, Drew","656290","2020",,,"2308","1688",,,,,
"Blandino, Alex","607468","1951",,,,,"2346",,"1244",,
"Johnson, DJ","597113","2255",,,,"1922","2781",,,,
"Jannis, Mickey","595263","2203",,,,,"413",,"407",,
"Alaniz, R.J.","595798",,"2126",,"2338","1585",,,,,
"Bush, Matt","456713","2674",,"2701","2767",,"2638",,,,
"James, Josh","657624","2263",,,"2606","1558",,,,,
"Frías, Luis","666818","2159",,"2103","2248","1338",,,,,
"Zerpa, Angel","672582","2192","2128","2289","2673","1696",,,,,
"Feliz, Neftalí","491703","2374",,,"2528","1880",,,,,
"Mitchell, Bryan","571951","2297",,"2483",,,"2496",,,,
"Wood, Hunter","621056","2440",,,"2680","1658","2511",,,,
"Guerra, Javy","642770","2215","2045",,"2328",,,,,,
"Peña, Félix","570240","2198","2232",,"2493","2069",,,,,
"Castellani, Ryan","624418","2347","2192",,"2380","1906","2478",,,,
"Zamora, Daniel","623354","2196",,,"2839",,,,,,
"Peguero, Elvis","665625",,"1993",,"2436",,,,,,
"Anderson, Tanner","664196","2112","2120","2277","2403","1672",,,,,
"Martinez, Seth","661527","2101","2136","2232",,"1592",,,,"2384",
"Ramos, AJ","573109","2253","2313","2267","2468","1394",,,,,
"Guzmán, Jorge","660422","2085","2149",,"2027","1700",,,,,
"Flaa, Jay","664852","2054","2010",,,"727","2426",,,,
"Báez, Pedro","520980","2173",,,"1705","1576",,,,,
"Snyder, Nick","676766","2332",,,"2496",,,,,,
"Hildenberger, Trevor","657610",,"1944",,"2572","1696",,,,,
"Crawford, Kutter","676710","2352",,"2403",,"835","2335",,,,
"Moreta, Dauri","664294","2278",,,"1747","1818",,,,,
"García, Rony","665621","2270","2182",,,"1608","2236",,,,
"Schreiber, John","670167","2187","2136",,,"1619",,,,"2551",
"Pérez, Oliver","424144","2045","2064",,"2111",,,,,,
"Santos, Gregory","666619","2346","2268",,"2441",,,,,,
"Smeltzer, Devin","656970","2283",,,"2077","1571","2743",,,,
"Koerner, Brody","621259","1867","1845","2054","2167","1739","2193",,,,
"Bazardo, Eduard","660825","2057",,,,"1634",,,,"2730",
"Mella, Keury","622492","1993","2099",,"2421","1798",,,,,
"McRae, Alex","656725","2112","2092",,,"1716","2274",,,,
"Rosscup, Zac","573127","1866",,,"2368",,"2510",,,,
"Nogosek, Stephen","668665","2292",,"2310","2364","1493","2326",,,,
"Barreda, Manny","518435","2320",,,"2292","1029",,,,,
"Moronta, Reyes","606625","2234",,,"2420","1926",,,,,
"Hartman, Ryan","670057","1970",,,"1887","1525","1993",,,,
"Contreras, Roansy","672710","2467",,,"2489","2274","2837",,,,
"Strop, Pedro","467008","2353","2343","2313","2374",,,,,,
"Kickham, Mike","592464","2290","2284",,"2420",,"2511",,,,
"Seabold, Connor","657756","2133",,,,"1874","2513",,,,
"Brennan, Brandon","592165","2145","2156",,"1529","1690",,,,,
"O'Brien, Riley","676617",,,"2150",,"1321",,,,"2441",
"Criswell, Cooper","681867",,"1962",,,"1606",,,,"2309",
"Biagini, Joe","607352","2269","2139",,"1960","827","2772",,,,
"Strider, Spencer","675911","2357",,,"2107",,,,,,
"Espinal, Raynel","642659","2369","2449",,,"1904",,,,,
"Dickson, Brandon","505447","2411","2225",,"2257","2069",,,,,
"Lobstein, Kyle","543456","2190","2120",,"2364","1584","2405",,,,
"Paulino, David","600944","2062",,,,,"2885",,,,
"Tinoco, Jesus","622786","2317","2455",,"2107",,"2343","1550",,,
"Hardy, Blaine","543278","2180",,"2390",,"1830","2041",,,,
"Brewer, Colten","605155",,,"2317","2446",,"2723",,,,
"Rondón, Angel","667373","2047",,,"2023","1862","2017",,,,
"Guilmet, Preston","543258","2046",,,"2396",,,"1124",,,
"Lee, Dylan","669276","2272",,,"2106","1534",,,,,
"Lail, Brady","621078","2572","1823",,"2725","1901","2596",,,,
"Mejía, Francisco","642336","2344",,"2154","1764",,"1199",,,,
"Beede, Tyler","595881","2079",,,,"1330","1898",,,,
"Vasquez, Andrew","607755",,"2077",,"2329",,,,,,
"Drury, Brandon","592273",,,,"1897","2011","2103",,,,
"Nittoli, Vinny","657697","2400",,,,,"2572",,,,
"Syndergaard, Noah","592789","2081","2106",,,"1502",,,,,
"Paxton, James","572020","2277",,"2041",,,"1842",,,,
"Roe, Chaz","475054",,"2462",,,,,,,"3055",
"Ramírez, Yefry","606162","2373",,,"2352","1884","2572",,,,
"Altavilla, Dan","656186","2352",,,"2540",,,,,,
"Axford, John","446099","1963","2160",,,,"2070",,,,
"Eaton, Adam","594809","2074","1940",,"2210",,"2182",,,,
"Betances, Dellin","476454","2256",,,,,"2514",,,,
"Carpenter, Matt","572761",,,,,"1560","1696",,,,
"Quackenbush, Kevin","534812","2086",,,"2048",,"2107",,,,
"Dohy, Kyle","675971","2005",,,,"1800",,,,,
"Baker, Bryan","641329","2414",,,"2472",,,,,,
"Muñoz, Andrés","662253","2291",,,"2230",,,,,,
"Burns, Andy","542992",,,,,"1863","1710",,,,
"Stiever, Jonathan","680692","2292",,,"2382","1870",,,,,
"Tarpley, Stephen","605501","2072","1982",,,,"2247",,,,
"Bostick, Akeem","641384","2339",,,"1998","1373","2216",,,,
"Ramírez, Roel","641995","2060",,,"2216",,,,,,
"Allgeyer, Nick","680430","2137",,,,"2089","2534",,,,
"Domínguez, Seranthony","622554","2162","2109",,"2324",,,,,,
"Maile, Luke","571912",,,,,,,,"377",,
"Flores Jr., Bernardo","641576","2101","2042",,,"1548","2235",,,,
"Ort, Kaleb","672391","2231",,,,,,,,"2286",
"Jones, Damon","676103","2197",,,"2689",,,,,,
"Nogowski, John","596056",,,,,,"1397",,,,